5:[OK] account integrity check: jpy_gap=-1.93 tolerance=3,000
13:[02:24:49] [OK] [REAL-TP] cancelled SL orderId=8774785282
14:[02:24:49] [OK] [REAL-TP] MARKET closeOrder accepted orderId=8775151196 positionId=289599067
16:[02:24:49] [WARN] [REAL-TP] actual fill price unavailable; using target price=9,944,896 JPY
20:[02:24:50] [OK] [REAL-TP] synced jpy_balance from equity_jpy=55,130
75:[03:37:52] [OK] [REAL-TP] cancelled SL orderId=8775151288
76:[03:37:52] [OK] [REAL-TP] MARKET closeOrder accepted orderId=8775259782 positionId=289599300
78:[03:37:52] [WARN] [REAL-TP] actual fill price unavailable; using target price=9,967,249 JPY
82:[03:37:53] [OK] [REAL-TP] synced jpy_balance from equity_jpy=55,157
402:[OK] account integrity check: jpy_gap=0.00 tolerance=3,000
409:[06:03:12] [OK] [REAL-TP] cancelled SL orderId=8775331871
410:[06:03:12] [OK] [REAL-TP] MARKET closeOrder accepted orderId=8775517329 positionId=289599412
412:[WebSocketManager] 繧ｳ繝ｼ繝ｫ繝舌ャ繧ｯ萓句､・ GMO API error status=1 messages=[{'message_code': 'ERR-5008', 'message_string': 'Timestamp for this request is too late.'}]
413:[06:03:27] [OK] [REAL-TP] SL cancel benign (already done); skip market close orderId=8775331871 codes=['ERR-5122']
414:[06:03:27] [OK] [REAL-TP] SL cancel benign (already done); skip market close orderId=8775331871 codes=['ERR-5122']
415:[06:03:27] [OK] [REAL-TP] SL cancel benign (already done); skip market close orderId=8775331871 codes=['ERR-5122']
416:[06:03:27] [OK] [REAL-TP] SL cancel benign (already done); skip market close orderId=8775331871 codes=['ERR-5122']
417:[06:03:27] [OK] [REAL-TP] SL cancel benign (already done); skip market close orderId=8775331871 codes=['ERR-5122']
418:[06:03:27] [OK] [REAL-TP] SL cancel benign (already done); skip market close orderId=8775331871 codes=['ERR-5122']
419:[06:03:27] [OK] [REAL-TP] SL cancel benign (already done); skip market close orderId=8775331871 codes=['ERR-5122']
420:[06:03:27] [OK] [REAL-TP] SL cancel benign (already done); skip market close orderId=8775331871 codes=['ERR-5122']
421:[06:03:28] [OK] [REAL-TP] SL cancel benign (already done); skip market close orderId=8775331871 codes=['ERR-5122']
422:[06:03:28] [OK] [REAL-TP] SL cancel benign (already done); skip market close orderId=8775331871 codes=['ERR-5122']
423:[06:03:28] [OK] [REAL-TP] SL cancel benign (already done); skip market close orderId=8775331871 codes=['ERR-5122']
424:[06:03:28] [OK] [REAL-TP] SL cancel benign (already done); skip market close orderId=8775331871 codes=['ERR-5122']
425:[06:03:28] [OK] [REAL-TP] SL cancel benign (already done); skip market close orderId=8775331871 codes=['ERR-5122']
426:[06:03:28] [OK] [REAL-TP] SL cancel benign (already done); skip market close orderId=8775331871 codes=['ERR-5122']
427:[06:03:28] [OK] [REAL-TP] SL cancel benign (already done); skip market close orderId=8775331871 codes=['ERR-5122']
428:[06:03:28] [OK] [REAL-TP] SL cancel benign (already done); skip market close orderId=8775331871 codes=['ERR-5122']
429:[06:03:28] [OK] [REAL-TP] SL cancel benign (already done); skip market close orderId=8775331871 codes=['ERR-5122']
430:[06:03:28] [OK] [REAL-TP] SL cancel benign (already done); skip market close orderId=8775331871 codes=['ERR-5122']
431:[06:03:28] [OK] [REAL-TP] SL cancel benign (already done); skip market close orderId=8775331871 codes=['ERR-5122']
432:[06:03:28] [OK] [REAL-TP] SL cancel benign (already done); skip market close orderId=8775331871 codes=['ERR-5122']
433:[06:03:29] [OK] [REAL-TP] SL cancel benign (already done); skip market close orderId=8775331871 codes=['ERR-5122']
434:[06:03:29] [OK] [REAL-TP] SL cancel benign (already done); skip market close orderId=8775331871 codes=['ERR-5122']
435:[06:03:29] [OK] [REAL-TP] SL cancel benign (already done); skip market close orderId=8775331871 codes=['ERR-5122']
436:[06:03:29] [OK] [REAL-TP] SL cancel benign (already done); skip market close orderId=8775331871 codes=['ERR-5122']
437:[06:03:29] [OK] [REAL-TP] SL cancel benign (already done); skip market close orderId=8775331871 codes=['ERR-5122']
438:[06:03:29] [OK] [REAL-TP] SL cancel benign (already done); skip market close orderId=8775331871 codes=['ERR-5122']
439:[06:03:29] [OK] [REAL-TP] SL cancel benign (already done); skip market close orderId=8775331871 codes=['ERR-5122']
440:[06:03:29] [OK] [REAL-TP] SL cancel benign (already done); skip market close orderId=8775331871 codes=['ERR-5122']
441:[06:03:29] [OK] [REAL-TP] SL cancel benign (already done); skip market close orderId=8775331871 codes=['ERR-5122']
442:[06:03:29] [OK] [REAL-TP] SL cancel benign (already done); skip market close orderId=8775331871 codes=['ERR-5122']
443:[06:03:29] [OK] [REAL-TP] SL cancel benign (already done); skip market close orderId=8775331871 codes=['ERR-5122']
444:[06:03:29] [OK] [REAL-TP] SL cancel benign (already done); skip market close orderId=8775331871 codes=['ERR-5122']
445:[06:03:29] [OK] [REAL-TP] SL cancel benign (already done); skip market close orderId=8775331871 codes=['ERR-5122']
446:[06:03:30] [OK] [REAL-TP] SL cancel benign (already done); skip market close orderId=8775331871 codes=['ERR-5122']
447:[06:03:30] [OK] [REAL-TP] SL cancel benign (already done); skip market close orderId=8775331871 codes=['ERR-5122']
448:[06:03:30] [OK] [REAL-TP] SL cancel benign (already done); skip market close orderId=8775331871 codes=['ERR-5122']
449:[06:03:31] [OK] [REAL-TP] SL cancel benign (already done); skip market close orderId=8775331871 codes=['ERR-5122']
450:[06:03:31] [OK] [REAL-TP] SL cancel benign (already done); skip market close orderId=8775331871 codes=['ERR-5122']
451:[06:03:32] [OK] [REAL-TP] SL cancel benign (already done); skip market close orderId=8775331871 codes=['ERR-5122']
452:[06:03:32] [OK] [REAL-TP] SL cancel benign (already done); skip market close orderId=8775331871 codes=['ERR-5122']
453:[06:03:33] [OK] [REAL-TP] SL cancel benign (already done); skip market close orderId=8775331871 codes=['ERR-5122']
454:[06:03:33] [OK] [REAL-TP] SL cancel benign (already done); skip market close orderId=8775331871 codes=['ERR-5122']
455:[06:03:34] [OK] [REAL-TP] SL cancel benign (already done); skip market close orderId=8775331871 codes=['ERR-5122']
456:[06:03:34] [OK] [REAL-TP] SL cancel benign (already done); skip market close orderId=8775331871 codes=['ERR-5122']
457:[06:03:35] [OK] [REAL-TP] SL cancel benign (already done); skip market close orderId=8775331871 codes=['ERR-5122']
458:[06:03:35] [OK] [REAL-TP] SL cancel benign (already done); skip market close orderId=8775331871 codes=['ERR-5122']
459:[06:03:36] [OK] [REAL-TP] SL cancel benign (already done); skip market close orderId=8775331871 codes=['ERR-5122']
460:[06:03:36] [OK] [REAL-TP] SL cancel benign (already done); skip market close orderId=8775331871 codes=['ERR-5122']
461:[06:03:37] [OK] [REAL-TP] SL cancel benign (already done); skip market close orderId=8775331871 codes=['ERR-5122']
462:[06:03:38] [OK] [REAL-TP] SL cancel benign (already done); skip market close orderId=8775331871 codes=['ERR-5122']
463:[06:03:38] [OK] [REAL-TP] SL cancel benign (already done); skip market close orderId=8775331871 codes=['ERR-5122']
464:[06:03:39] [OK] [REAL-TP] SL cancel benign (already done); skip market close orderId=8775331871 codes=['ERR-5122']
465:[06:03:40] [OK] [REAL-TP] SL cancel benign (already done); skip market close orderId=8775331871 codes=['ERR-5122']
466:[06:03:40] [OK] [REAL-TP] SL cancel benign (already done); skip market close orderId=8775331871 codes=['ERR-5122']
467:[06:03:41] [OK] [REAL-TP] SL cancel benign (already done); skip market close orderId=8775331871 codes=['ERR-5122']
468:[06:03:41] [OK] [REAL-TP] SL cancel benign (already done); skip market close orderId=8775331871 codes=['ERR-5122']
469:[06:03:42] [OK] [REAL-TP] SL cancel benign (already done); skip market close orderId=8775331871 codes=['ERR-5122']
470:[06:03:42] [OK] [REAL-TP] SL cancel benign (already done); skip market close orderId=8775331871 codes=['ERR-5122']
471:[06:03:43] [OK] [REAL-TP] SL cancel benign (already done); skip market close orderId=8775331871 codes=['ERR-5122']
472:[06:03:43] [OK] [REAL-TP] SL cancel benign (already done); skip market close orderId=8775331871 codes=['ERR-5122']
473:[06:03:44] [OK] [REAL-TP] SL cancel benign (already done); skip market close orderId=8775331871 codes=['ERR-5122']
474:[06:03:45] [OK] [REAL-TP] SL cancel benign (already done); skip market close orderId=8775331871 codes=['ERR-5122']
475:[06:03:45] [OK] [REAL-TP] SL cancel benign (already done); skip market close orderId=8775331871 codes=['ERR-5122']
476:[06:03:46] [OK] [REAL-TP] SL cancel benign (already done); skip market close orderId=8775331871 codes=['ERR-5122']
477:[06:03:46] [OK] [REAL-TP] SL cancel benign (already done); skip market close orderId=8775331871 codes=['ERR-5122']
478:[06:03:47] [OK] [REAL-TP] SL cancel benign (already done); skip market close orderId=8775331871 codes=['ERR-5122']
479:[06:03:47] [OK] [REAL-TP] SL cancel benign (already done); skip market close orderId=8775331871 codes=['ERR-5122']
480:[06:03:48] [OK] [REAL-TP] SL cancel benign (already done); skip market close orderId=8775331871 codes=['ERR-5122']
481:[06:03:48] [OK] [REAL-TP] SL cancel benign (already done); skip market close orderId=8775331871 codes=['ERR-5122']
482:[06:03:49] [OK] [REAL-TP] SL cancel benign (already done); skip market close orderId=8775331871 codes=['ERR-5122']
483:[06:03:49] [OK] [REAL-TP] SL cancel benign (already done); skip market close orderId=8775331871 codes=['ERR-5122']
484:[06:03:50] [OK] [REAL-TP] SL cancel benign (already done); skip market close orderId=8775331871 codes=['ERR-5122']
485:[06:03:50] [OK] [REAL-TP] SL cancel benign (already done); skip market close orderId=8775331871 codes=['ERR-5122']
486:[06:03:51] [OK] [REAL-TP] SL cancel benign (already done); skip market close orderId=8775331871 codes=['ERR-5122']
487:[06:03:51] [OK] [REAL-TP] SL cancel benign (already done); skip market close orderId=8775331871 codes=['ERR-5122']
488:[06:03:52] [OK] [REAL-TP] SL cancel benign (already done); skip market close orderId=8775331871 codes=['ERR-5122']
489:[06:03:52] [OK] [REAL-TP] SL cancel benign (already done); skip market close orderId=8775331871 codes=['ERR-5122']
490:[06:03:53] [OK] [REAL-TP] SL cancel benign (already done); skip market close orderId=8775331871 codes=['ERR-5122']
491:[06:03:53] [OK] [REAL-TP] SL cancel benign (already done); skip market close orderId=8775331871 codes=['ERR-5122']
492:[06:03:54] [OK] [REAL-TP] SL cancel benign (already done); skip market close orderId=8775331871 codes=['ERR-5122']
493:[06:03:54] [OK] [REAL-TP] SL cancel benign (already done); skip market close orderId=8775331871 codes=['ERR-5122']
494:[06:03:55] [OK] [REAL-TP] SL cancel benign (already done); skip market close orderId=8775331871 codes=['ERR-5122']
495:[06:03:55] [OK] [REAL-TP] SL cancel benign (already done); skip market close orderId=8775331871 codes=['ERR-5122']
496:[06:03:56] [OK] [REAL-TP] SL cancel benign (already done); skip market close orderId=8775331871 codes=['ERR-5122']
497:[06:03:56] [OK] [REAL-TP] SL cancel benign (already done); skip market close orderId=8775331871 codes=['ERR-5122']
498:[06:03:57] [OK] [REAL-TP] SL cancel benign (already done); skip market close orderId=8775331871 codes=['ERR-5122']
499:[06:03:57] [OK] [REAL-TP] SL cancel benign (already done); skip market close orderId=8775331871 codes=['ERR-5122']
500:[06:03:58] [OK] [REAL-TP] SL cancel benign (already done); skip market close orderId=8775331871 codes=['ERR-5122']
501:[06:03:59] [OK] [REAL-TP] SL cancel benign (already done); skip market close orderId=8775331871 codes=['ERR-5122']
502:[06:03:59] [OK] [REAL-TP] SL cancel benign (already done); skip market close orderId=8775331871 codes=['ERR-5122']
503:[06:04:00] [OK] [REAL-TP] SL cancel benign (already done); skip market close orderId=8775331871 codes=['ERR-5122']
504:[06:04:00] [OK] [REAL-TP] SL cancel benign (already done); skip market close orderId=8775331871 codes=['ERR-5122']
505:[06:04:01] [OK] [REAL-TP] SL cancel benign (already done); skip market close orderId=8775331871 codes=['ERR-5122']
506:[06:04:01] [OK] [REAL-TP] SL cancel benign (already done); skip market close orderId=8775331871 codes=['ERR-5122']
507:[06:04:02] [OK] [REAL-TP] SL cancel benign (already done); skip market close orderId=8775331871 codes=['ERR-5122']
508:[06:04:02] [OK] [REAL-TP] SL cancel benign (already done); skip market close orderId=8775331871 codes=['ERR-5122']
509:[06:04:03] [OK] [REAL-TP] SL cancel benign (already done); skip market close orderId=8775331871 codes=['ERR-5122']
510:[06:04:03] [OK] [REAL-TP] SL cancel benign (already done); skip market close orderId=8775331871 codes=['ERR-5122']
511:[06:04:04] [OK] [REAL-TP] SL cancel benign (already done); skip market close orderId=8775331871 codes=['ERR-5122']
512:[06:04:04] [OK] [REAL-TP] SL cancel benign (already done); skip market close orderId=8775331871 codes=['ERR-5122']
513:[06:04:04] [OK] [REAL-TP] SL cancel benign (already done); skip market close orderId=8775331871 codes=['ERR-5122']
514:[06:04:05] [OK] [REAL-TP] SL cancel benign (already done); skip market close orderId=8775331871 codes=['ERR-5122']
515:[06:04:06] [OK] [REAL-TP] SL cancel benign (already done); skip market close orderId=8775331871 codes=['ERR-5122']
516:[06:04:06] [OK] [REAL-TP] SL cancel benign (already done); skip market close orderId=8775331871 codes=['ERR-5122']
517:[06:04:07] [OK] [REAL-TP] SL cancel benign (already done); skip market close orderId=8775331871 codes=['ERR-5122']
518:[06:04:08] [OK] [REAL-TP] SL cancel benign (already done); skip market close orderId=8775331871 codes=['ERR-5122']
519:[06:04:08] [OK] [REAL-TP] SL cancel benign (already done); skip market close orderId=8775331871 codes=['ERR-5122']
520:[06:04:09] [OK] [REAL-TP] SL cancel benign (already done); skip market close orderId=8775331871 codes=['ERR-5122']
521:[06:04:09] [OK] [REAL-TP] SL cancel benign (already done); skip market close orderId=8775331871 codes=['ERR-5122']
522:[06:04:10] [OK] [REAL-TP] SL cancel benign (already done); skip market close orderId=8775331871 codes=['ERR-5122']
523:[06:04:10] [OK] [REAL-TP] SL cancel benign (already done); skip market close orderId=8775331871 codes=['ERR-5122']
524:[06:04:11] [OK] [REAL-TP] SL cancel benign (already done); skip market close orderId=8775331871 codes=['ERR-5122']
525:[06:04:12] [OK] [REAL-TP] SL cancel benign (already done); skip market close orderId=8775331871 codes=['ERR-5122']
526:[06:04:12] [OK] [REAL-TP] SL cancel benign (already done); skip market close orderId=8775331871 codes=['ERR-5122']
527:[06:04:13] [OK] [REAL-TP] SL cancel benign (already done); skip market close orderId=8775331871 codes=['ERR-5122']
528:[06:04:13] [OK] [REAL-TP] SL cancel benign (already done); skip market close orderId=8775331871 codes=['ERR-5122']
529:[06:04:14] [OK] [REAL-TP] SL cancel benign (already done); skip market close orderId=8775331871 codes=['ERR-5122']
530:[06:04:14] [OK] [REAL-TP] SL cancel benign (already done); skip market close orderId=8775331871 codes=['ERR-5122']
531:[06:04:15] [OK] [REAL-TP] SL cancel benign (already done); skip market close orderId=8775331871 codes=['ERR-5122']
532:[06:04:15] [OK] [REAL-TP] SL cancel benign (already done); skip market close orderId=8775331871 codes=['ERR-5122']
533:[06:04:16] [OK] [REAL-TP] SL cancel benign (already done); skip market close orderId=8775331871 codes=['ERR-5122']
534:[06:04:16] [OK] [REAL-TP] SL cancel benign (already done); skip market close orderId=8775331871 codes=['ERR-5122']
535:[06:04:25] [OK] [REAL-TP] SL cancel benign (already done); skip market close orderId=8775331871 codes=['ERR-5122']
536:[06:04:25] [OK] [REAL-TP] SL cancel benign (already done); skip market close orderId=8775331871 codes=['ERR-5122']
537:[06:04:26] [OK] [REAL-TP] SL cancel benign (already done); skip market close orderId=8775331871 codes=['ERR-5122']
538:[06:04:26] [OK] [REAL-TP] SL cancel benign (already done); skip market close orderId=8775331871 codes=['ERR-5122']
539:[06:04:27] [OK] [REAL-TP] SL cancel benign (already done); skip market close orderId=8775331871 codes=['ERR-5122']
540:[06:04:27] [OK] [REAL-TP] SL cancel benign (already done); skip market close orderId=8775331871 codes=['ERR-5122']
541:[06:04:28] [OK] [REAL-TP] SL cancel benign (already done); skip market close orderId=8775331871 codes=['ERR-5122']
542:[06:04:29] [OK] [REAL-TP] SL cancel benign (already done); skip market close orderId=8775331871 codes=['ERR-5122']
543:[06:04:29] [OK] [REAL-TP] SL cancel benign (already done); skip market close orderId=8775331871 codes=['ERR-5122']
544:[06:04:29] [OK] [REAL-TP] SL cancel benign (already done); skip market close orderId=8775331871 codes=['ERR-5122']
545:[06:04:30] [OK] [REAL-TP] SL cancel benign (already done); skip market close orderId=8775331871 codes=['ERR-5122']
546:[06:04:31] [OK] [REAL-TP] SL cancel benign (already done); skip market close orderId=8775331871 codes=['ERR-5122']
547:[06:04:31] [OK] [REAL-TP] SL cancel benign (already done); skip market close orderId=8775331871 codes=['ERR-5122']
548:[06:04:32] [OK] [REAL-TP] SL cancel benign (already done); skip market close orderId=8775331871 codes=['ERR-5122']
549:[06:04:32] [OK] [REAL-TP] SL cancel benign (already done); skip market close orderId=8775331871 codes=['ERR-5122']
550:[06:04:33] [OK] [REAL-TP] SL cancel benign (already done); skip market close orderId=8775331871 codes=['ERR-5122']
551:[06:04:33] [OK] [REAL-TP] SL cancel benign (already done); skip market close orderId=8775331871 codes=['ERR-5122']
552:[06:04:34] [OK] [REAL-TP] SL cancel benign (already done); skip market close orderId=8775331871 codes=['ERR-5122']
553:[06:04:34] [OK] [REAL-TP] SL cancel benign (already done); skip market close orderId=8775331871 codes=['ERR-5122']
554:[06:04:35] [OK] [REAL-TP] SL cancel benign (already done); skip market close orderId=8775331871 codes=['ERR-5122']
555:[06:04:35] [OK] [REAL-TP] SL cancel benign (already done); skip market close orderId=8775331871 codes=['ERR-5122']
556:[06:04:36] [OK] [REAL-TP] SL cancel benign (already done); skip market close orderId=8775331871 codes=['ERR-5122']
557:[06:04:36] [OK] [REAL-TP] SL cancel benign (already done); skip market close orderId=8775331871 codes=['ERR-5122']
558:[06:04:37] [OK] [REAL-TP] SL cancel benign (already done); skip market close orderId=8775331871 codes=['ERR-5122']
559:[06:04:37] [OK] [REAL-TP] SL cancel benign (already done); skip market close orderId=8775331871 codes=['ERR-5122']
560:[06:04:38] [OK] [REAL-TP] SL cancel benign (already done); skip market close orderId=8775331871 codes=['ERR-5122']
561:[06:04:39] [OK] [REAL-TP] SL cancel benign (already done); skip market close orderId=8775331871 codes=['ERR-5122']
562:[06:04:39] [OK] [REAL-TP] SL cancel benign (already done); skip market close orderId=8775331871 codes=['ERR-5122']
563:[06:04:40] [OK] [REAL-TP] SL cancel benign (already done); skip market close orderId=8775331871 codes=['ERR-5122']
564:[06:04:40] [OK] [REAL-TP] SL cancel benign (already done); skip market close orderId=8775331871 codes=['ERR-5122']
565:[06:04:41] [OK] [REAL-TP] SL cancel benign (already done); skip market close orderId=8775331871 codes=['ERR-5122']
566:[06:04:42] [OK] [REAL-TP] SL cancel benign (already done); skip market close orderId=8775331871 codes=['ERR-5122']
567:[06:04:42] [OK] [REAL-TP] SL cancel benign (already done); skip market close orderId=8775331871 codes=['ERR-5122']
568:[06:04:43] [OK] [REAL-TP] SL cancel benign (already done); skip market close orderId=8775331871 codes=['ERR-5122']
569:[06:04:43] [OK] [REAL-TP] SL cancel benign (already done); skip market close orderId=8775331871 codes=['ERR-5122']
570:[06:04:44] [OK] [REAL-TP] SL cancel benign (already done); skip market close orderId=8775331871 codes=['ERR-5122']
571:[06:04:44] [OK] [REAL-TP] SL cancel benign (already done); skip market close orderId=8775331871 codes=['ERR-5122']
572:[06:04:45] [OK] [REAL-TP] SL cancel benign (already done); skip market close orderId=8775331871 codes=['ERR-5122']
573:[06:04:45] [OK] [REAL-TP] SL cancel benign (already done); skip market close orderId=8775331871 codes=['ERR-5122']
574:[06:04:46] [OK] [REAL-TP] SL cancel benign (already done); skip market close orderId=8775331871 codes=['ERR-5122']
575:[06:04:46] [OK] [REAL-TP] SL cancel benign (already done); skip market close orderId=8775331871 codes=['ERR-5122']
576:[06:04:47] [OK] [REAL-TP] SL cancel benign (already done); skip market close orderId=8775331871 codes=['ERR-5122']
577:[06:04:47] [OK] [REAL-TP] SL cancel benign (already done); skip market close orderId=8775331871 codes=['ERR-5122']
578:[06:04:48] [OK] [REAL-TP] SL cancel benign (already done); skip market close orderId=8775331871 codes=['ERR-5122']
579:[06:04:48] [OK] [REAL-TP] SL cancel benign (already done); skip market close orderId=8775331871 codes=['ERR-5122']
580:[06:04:49] [OK] [REAL-TP] SL cancel benign (already done); skip market close orderId=8775331871 codes=['ERR-5122']
581:[06:04:49] [OK] [REAL-TP] SL cancel benign (already done); skip market close orderId=8775331871 codes=['ERR-5122']
582:[06:04:50] [OK] [REAL-TP] SL cancel benign (already done); skip market close orderId=8775331871 codes=['ERR-5122']
583:[06:04:50] [OK] [REAL-TP] SL cancel benign (already done); skip market close orderId=8775331871 codes=['ERR-5122']
584:[06:04:51] [OK] [REAL-TP] SL cancel benign (already done); skip market close orderId=8775331871 codes=['ERR-5122']
585:[06:04:51] [OK] [REAL-TP] SL cancel benign (already done); skip market close orderId=8775331871 codes=['ERR-5122']
586:[06:04:52] [OK] [REAL-TP] SL cancel benign (already done); skip market close orderId=8775331871 codes=['ERR-5122']
587:[06:04:52] [OK] [REAL-TP] SL cancel benign (already done); skip market close orderId=8775331871 codes=['ERR-5122']
588:[06:04:53] [OK] [REAL-TP] SL cancel benign (already done); skip market close orderId=8775331871 codes=['ERR-5122']
589:[06:04:53] [OK] [REAL-TP] SL cancel benign (already done); skip market close orderId=8775331871 codes=['ERR-5122']
590:[06:04:54] [OK] [REAL-TP] SL cancel benign (already done); skip market close orderId=8775331871 codes=['ERR-5122']
591:[06:04:54] [OK] [REAL-TP] SL cancel benign (already done); skip market close orderId=8775331871 codes=['ERR-5122']
592:[06:04:55] [OK] [REAL-TP] SL cancel benign (already done); skip market close orderId=8775331871 codes=['ERR-5122']
593:[06:04:55] [OK] [REAL-TP] SL cancel benign (already done); skip market close orderId=8775331871 codes=['ERR-5122']
594:[06:04:56] [OK] [REAL-TP] SL cancel benign (already done); skip market close orderId=8775331871 codes=['ERR-5122']
595:[06:04:56] [OK] [REAL-TP] SL cancel benign (already done); skip market close orderId=8775331871 codes=['ERR-5122']
596:[06:04:57] [OK] [REAL-TP] SL cancel benign (already done); skip market close orderId=8775331871 codes=['ERR-5122']
597:[06:04:57] [OK] [REAL-TP] SL cancel benign (already done); skip market close orderId=8775331871 codes=['ERR-5122']
598:[06:04:58] [OK] [REAL-TP] SL cancel benign (already done); skip market close orderId=8775331871 codes=['ERR-5122']
599:[06:04:58] [OK] [REAL-TP] SL cancel benign (already done); skip market close orderId=8775331871 codes=['ERR-5122']
600:[06:04:59] [OK] [REAL-TP] SL cancel benign (already done); skip market close orderId=8775331871 codes=['ERR-5122']
601:[06:04:59] [OK] [REAL-TP] SL cancel benign (already done); skip market close orderId=8775331871 codes=['ERR-5122']
602:[06:05:00] [OK] [REAL-TP] SL cancel benign (already done); skip market close orderId=8775331871 codes=['ERR-5122']
603:[06:05:00] [OK] [REAL-TP] SL cancel benign (already done); skip market close orderId=8775331871 codes=['ERR-5122']
604:[06:05:00] [OK] [REAL-TP] SL cancel benign (already done); skip market close orderId=8775331871 codes=['ERR-5122']
605:[06:05:01] [OK] [REAL-TP] SL cancel benign (already done); skip market close orderId=8775331871 codes=['ERR-5122']
606:[06:05:01] [OK] [REAL-TP] SL cancel benign (already done); skip market close orderId=8775331871 codes=['ERR-5122']
607:[06:05:02] [OK] [REAL-TP] SL cancel benign (already done); skip market close orderId=8775331871 codes=['ERR-5122']
608:[06:05:02] [OK] [REAL-TP] SL cancel benign (already done); skip market close orderId=8775331871 codes=['ERR-5122']
609:[06:05:03] [OK] [REAL-TP] SL cancel benign (already done); skip market close orderId=8775331871 codes=['ERR-5122']
610:[06:05:03] [OK] [REAL-TP] SL cancel benign (already done); skip market close orderId=8775331871 codes=['ERR-5122']
611:[06:05:04] [OK] [REAL-TP] SL cancel benign (already done); skip market close orderId=8775331871 codes=['ERR-5122']
612:[06:05:04] [OK] [REAL-TP] SL cancel benign (already done); skip market close orderId=8775331871 codes=['ERR-5122']
613:[06:05:05] [OK] [REAL-TP] SL cancel benign (already done); skip market close orderId=8775331871 codes=['ERR-5122']
614:[06:05:05] [OK] [REAL-TP] SL cancel benign (already done); skip market close orderId=8775331871 codes=['ERR-5122']
615:[06:05:06] [OK] [REAL-TP] SL cancel benign (already done); skip market close orderId=8775331871 codes=['ERR-5122']
616:[06:05:06] [OK] [REAL-TP] SL cancel benign (already done); skip market close orderId=8775331871 codes=['ERR-5122']
617:[06:05:07] [OK] [REAL-TP] SL cancel benign (already done); skip market close orderId=8775331871 codes=['ERR-5122']
618:[06:05:07] [OK] [REAL-TP] SL cancel benign (already done); skip market close orderId=8775331871 codes=['ERR-5122']
619:[06:05:08] [OK] [REAL-TP] SL cancel benign (already done); skip market close orderId=8775331871 codes=['ERR-5122']
620:[WARN] [Reconciliation] 蜿｣蠎ｧ荳堺ｸ閾ｴ繧呈､懃衍・・蝗樒岼・峨・position_diff=0.001000 BTC balance_diff=6 JPY 谺｡蝗槭ｂ荳堺ｸ閾ｴ縺ｪ繧・manual_stop 繧堤匱蜍輔＠縺ｾ縺吶・621:[06:05:08] [OK] [REAL-TP] SL cancel benign (already done); skip market close orderId=8775331871 codes=['ERR-5122']
622:[06:05:09] [OK] [REAL-TP] SL cancel benign (already done); skip market close orderId=8775331871 codes=['ERR-5122']
623:[06:05:10] [OK] [REAL-TP] SL cancel benign (already done); skip market close orderId=8775331871 codes=['ERR-5122']
624:[06:05:10] [OK] [REAL-TP] SL cancel benign (already done); skip market close orderId=8775331871 codes=['ERR-5122']
625:[06:05:11] [OK] [REAL-TP] SL cancel benign (already done); skip market close orderId=8775331871 codes=['ERR-5122']
626:[06:05:11] [OK] [REAL-TP] SL cancel benign (already done); skip market close orderId=8775331871 codes=['ERR-5122']
627:[06:05:12] [OK] [REAL-TP] SL cancel benign (already done); skip market close orderId=8775331871 codes=['ERR-5122']
628:[06:05:12] [OK] [REAL-TP] SL cancel benign (already done); skip market close orderId=8775331871 codes=['ERR-5122']
629:[06:05:13] [OK] [REAL-TP] SL cancel benign (already done); skip market close orderId=8775331871 codes=['ERR-5122']
630:[06:05:13] [OK] [REAL-TP] SL cancel benign (already done); skip market close orderId=8775331871 codes=['ERR-5122']
631:[06:05:14] [OK] [REAL-TP] SL cancel benign (already done); skip market close orderId=8775331871 codes=['ERR-5122']
632:[06:05:14] [OK] [REAL-TP] SL cancel benign (already done); skip market close orderId=8775331871 codes=['ERR-5122']
633:[06:05:15] [OK] [REAL-TP] SL cancel benign (already done); skip market close orderId=8775331871 codes=['ERR-5122']
634:[06:05:15] [OK] [REAL-TP] SL cancel benign (already done); skip market close orderId=8775331871 codes=['ERR-5122']
635:[06:05:15] [OK] [REAL-TP] SL cancel benign (already done); skip market close orderId=8775331871 codes=['ERR-5122']
636:[06:05:16] [OK] [REAL-TP] SL cancel benign (already done); skip market close orderId=8775331871 codes=['ERR-5122']
637:[06:05:16] [OK] [REAL-TP] SL cancel benign (already done); skip market close orderId=8775331871 codes=['ERR-5122']
638:[06:05:17] [OK] [REAL-TP] SL cancel benign (already done); skip market close orderId=8775331871 codes=['ERR-5122']
639:[06:05:17] [OK] [REAL-TP] SL cancel benign (already done); skip market close orderId=8775331871 codes=['ERR-5122']
640:[06:05:18] [OK] [REAL-TP] SL cancel benign (already done); skip market close orderId=8775331871 codes=['ERR-5122']
641:[06:05:18] [OK] [REAL-TP] SL cancel benign (already done); skip market close orderId=8775331871 codes=['ERR-5122']
642:[06:05:19] [OK] [REAL-TP] SL cancel benign (already done); skip market close orderId=8775331871 codes=['ERR-5122']
643:[06:05:19] [OK] [REAL-TP] SL cancel benign (already done); skip market close orderId=8775331871 codes=['ERR-5122']
644:[06:05:20] [OK] [REAL-TP] SL cancel benign (already done); skip market close orderId=8775331871 codes=['ERR-5122']
645:[06:05:20] [OK] [REAL-TP] SL cancel benign (already done); skip market close orderId=8775331871 codes=['ERR-5122']
646:[06:05:20] [OK] [REAL-TP] SL cancel benign (already done); skip market close orderId=8775331871 codes=['ERR-5122']
647:[06:05:21] [OK] [REAL-TP] SL cancel benign (already done); skip market close orderId=8775331871 codes=['ERR-5122']
648:[06:05:21] [OK] [REAL-TP] SL cancel benign (already done); skip market close orderId=8775331871 codes=['ERR-5122']
649:[06:05:22] [OK] [REAL-TP] SL cancel benign (already done); skip market close orderId=8775331871 codes=['ERR-5122']
650:[06:05:22] [OK] [REAL-TP] SL cancel benign (already done); skip market close orderId=8775331871 codes=['ERR-5122']
651:[06:05:23] [OK] [REAL-TP] SL cancel benign (already done); skip market close orderId=8775331871 codes=['ERR-5122']
652:[06:05:23] [OK] [REAL-TP] SL cancel benign (already done); skip market close orderId=8775331871 codes=['ERR-5122']
653:[CRITICAL] REAL MODE BOARD TP SL CANCEL FAILED
654:detail=SL cancel failed; position may be unprotected
658:error=GMO API error status=1 messages=[{'message_code': 'ERR-5008', 'message_string': 'Timestamp for this request is too late.'}]
659:[06:05:40] [OK] [REAL-TP] SL cancel benign (already done); skip market close orderId=8775331871 codes=['ERR-5122']
660:[06:05:40] [OK] [REAL-TP] SL cancel benign (already done); skip market close orderId=8775331871 codes=['ERR-5122']
661:[06:05:40] [OK] [REAL-TP] SL cancel benign (already done); skip market close orderId=8775331871 codes=['ERR-5122']
662:[06:05:40] [OK] [REAL-TP] SL cancel benign (already done); skip market close orderId=8775331871 codes=['ERR-5122']
663:[06:05:40] [OK] [REAL-TP] SL cancel benign (already done); skip market close orderId=8775331871 codes=['ERR-5122']
664:[06:05:40] [OK] [REAL-TP] SL cancel benign (already done); skip market close orderId=8775331871 codes=['ERR-5122']
665:[06:05:40] [OK] [REAL-TP] SL cancel benign (already done); skip market close orderId=8775331871 codes=['ERR-5122']
666:[06:05:40] [OK] [REAL-TP] SL cancel benign (already done); skip market close orderId=8775331871 codes=['ERR-5122']
667:[06:05:40] [OK] [REAL-TP] SL cancel benign (already done); skip market close orderId=8775331871 codes=['ERR-5122']
668:[06:05:41] [OK] [REAL-TP] SL cancel benign (already done); skip market close orderId=8775331871 codes=['ERR-5122']
669:[06:05:41] [OK] [REAL-TP] SL cancel benign (already done); skip market close orderId=8775331871 codes=['ERR-5122']
670:[06:05:41] [OK] [REAL-TP] SL cancel benign (already done); skip market close orderId=8775331871 codes=['ERR-5122']
671:[06:05:41] [OK] [REAL-TP] SL cancel benign (already done); skip market close orderId=8775331871 codes=['ERR-5122']
672:[06:05:41] [OK] [REAL-TP] SL cancel benign (already done); skip market close orderId=8775331871 codes=['ERR-5122']
673:[06:05:41] [OK] [REAL-TP] SL cancel benign (already done); skip market close orderId=8775331871 codes=['ERR-5122']
674:[06:05:41] [OK] [REAL-TP] SL cancel benign (already done); skip market close orderId=8775331871 codes=['ERR-5122']
675:[06:05:41] [OK] [REAL-TP] SL cancel benign (already done); skip market close orderId=8775331871 codes=['ERR-5122']
676:[06:05:41] [OK] [REAL-TP] SL cancel benign (already done); skip market close orderId=8775331871 codes=['ERR-5122']
677:[06:05:41] [OK] [REAL-TP] SL cancel benign (already done); skip market close orderId=8775331871 codes=['ERR-5122']
678:[06:05:41] [OK] [REAL-TP] SL cancel benign (already done); skip market close orderId=8775331871 codes=['ERR-5122']
679:[06:05:41] [OK] [REAL-TP] SL cancel benign (already done); skip market close orderId=8775331871 codes=['ERR-5122']
680:[06:05:41] [OK] [REAL-TP] SL cancel benign (already done); skip market close orderId=8775331871 codes=['ERR-5122']
681:[06:05:42] [OK] [REAL-TP] SL cancel benign (already done); skip market close orderId=8775331871 codes=['ERR-5122']
682:[06:05:42] [OK] [REAL-TP] SL cancel benign (already done); skip market close orderId=8775331871 codes=['ERR-5122']
683:[06:05:42] [OK] [REAL-TP] SL cancel benign (already done); skip market close orderId=8775331871 codes=['ERR-5122']
684:[06:05:42] [OK] [REAL-TP] SL cancel benign (already done); skip market close orderId=8775331871 codes=['ERR-5122']
685:[06:05:42] [OK] [REAL-TP] SL cancel benign (already done); skip market close orderId=8775331871 codes=['ERR-5122']
686:[06:05:42] [OK] [REAL-TP] SL cancel benign (already done); skip market close orderId=8775331871 codes=['ERR-5122']
687:[06:05:42] [OK] [REAL-TP] SL cancel benign (already done); skip market close orderId=8775331871 codes=['ERR-5122']
688:[06:05:42] [OK] [REAL-TP] SL cancel benign (already done); skip market close orderId=8775331871 codes=['ERR-5122']
689:[06:05:42] [OK] [REAL-TP] SL cancel benign (already done); skip market close orderId=8775331871 codes=['ERR-5122']
690:[06:05:42] [OK] [REAL-TP] SL cancel benign (already done); skip market close orderId=8775331871 codes=['ERR-5122']
691:[06:05:42] [OK] [REAL-TP] SL cancel benign (already done); skip market close orderId=8775331871 codes=['ERR-5122']
692:[06:05:42] [OK] [REAL-TP] SL cancel benign (already done); skip market close orderId=8775331871 codes=['ERR-5122']
693:[06:05:43] [OK] [REAL-TP] SL cancel benign (already done); skip market close orderId=8775331871 codes=['ERR-5122']
694:[06:05:43] [OK] [REAL-TP] SL cancel benign (already done); skip market close orderId=8775331871 codes=['ERR-5122']
695:[06:05:43] [OK] [REAL-TP] SL cancel benign (already done); skip market close orderId=8775331871 codes=['ERR-5122']
696:[06:05:43] [OK] [REAL-TP] SL cancel benign (already done); skip market close orderId=8775331871 codes=['ERR-5122']
697:[06:05:44] [OK] [REAL-TP] SL cancel benign (already done); skip market close orderId=8775331871 codes=['ERR-5122']
698:[06:05:44] [OK] [REAL-TP] SL cancel benign (already done); skip market close orderId=8775331871 codes=['ERR-5122']
699:[06:05:45] [OK] [REAL-TP] SL cancel benign (already done); skip market close orderId=8775331871 codes=['ERR-5122']
700:[06:05:45] [OK] [REAL-TP] SL cancel benign (already done); skip market close orderId=8775331871 codes=['ERR-5122']
701:[06:05:46] [OK] [REAL-TP] SL cancel benign (already done); skip market close orderId=8775331871 codes=['ERR-5122']
702:[06:05:46] [OK] [REAL-TP] SL cancel benign (already done); skip market close orderId=8775331871 codes=['ERR-5122']
703:[06:05:47] [OK] [REAL-TP] SL cancel benign (already done); skip market close orderId=8775331871 codes=['ERR-5122']
704:[06:05:48] [OK] [REAL-TP] SL cancel benign (already done); skip market close orderId=8775331871 codes=['ERR-5122']
705:[06:05:52] [OK] [REAL-TP] SL cancel benign (already done); skip market close orderId=8775331871 codes=['ERR-5122']
706:[06:05:53] [OK] [REAL-TP] SL cancel benign (already done); skip market close orderId=8775331871 codes=['ERR-5122']
707:[06:05:53] [OK] [REAL-TP] SL cancel benign (already done); skip market close orderId=8775331871 codes=['ERR-5122']
708:[06:05:53] [OK] [REAL-TP] SL cancel benign (already done); skip market close orderId=8775331871 codes=['ERR-5122']
709:[06:05:53] [OK] [REAL-TP] SL cancel benign (already done); skip market close orderId=8775331871 codes=['ERR-5122']
710:[06:05:53] [OK] [REAL-TP] SL cancel benign (already done); skip market close orderId=8775331871 codes=['ERR-5122']
711:[06:05:53] [OK] [REAL-TP] SL cancel benign (already done); skip market close orderId=8775331871 codes=['ERR-5122']
712:[06:05:53] [OK] [REAL-TP] SL cancel benign (already done); skip market close orderId=8775331871 codes=['ERR-5122']
713:[06:05:53] [OK] [REAL-TP] SL cancel benign (already done); skip market close orderId=8775331871 codes=['ERR-5122']
714:[06:05:54] [OK] [REAL-TP] SL cancel benign (already done); skip market close orderId=8775331871 codes=['ERR-5122']
715:[06:05:54] [OK] [REAL-TP] SL cancel benign (already done); skip market close orderId=8775331871 codes=['ERR-5122']
716:[06:05:54] [OK] [REAL-TP] SL cancel benign (already done); skip market close orderId=8775331871 codes=['ERR-5122']
717:[06:05:54] [OK] [REAL-TP] SL cancel benign (already done); skip market close orderId=8775331871 codes=['ERR-5122']
718:[06:05:54] [OK] [REAL-TP] SL cancel benign (already done); skip market close orderId=8775331871 codes=['ERR-5122']
719:[06:05:55] [OK] [REAL-TP] SL cancel benign (already done); skip market close orderId=8775331871 codes=['ERR-5122']
720:[06:05:55] [OK] [REAL-TP] SL cancel benign (already done); skip market close orderId=8775331871 codes=['ERR-5122']
721:[06:05:56] [OK] [REAL-TP] SL cancel benign (already done); skip market close orderId=8775331871 codes=['ERR-5122']
722:[06:05:56] [OK] [REAL-TP] SL cancel benign (already done); skip market close orderId=8775331871 codes=['ERR-5122']
723:[06:05:57] [OK] [REAL-TP] SL cancel benign (already done); skip market close orderId=8775331871 codes=['ERR-5122']
724:[06:05:57] [OK] [REAL-TP] SL cancel benign (already done); skip market close orderId=8775331871 codes=['ERR-5122']
725:[06:05:58] [OK] [REAL-TP] SL cancel benign (already done); skip market close orderId=8775331871 codes=['ERR-5122']
726:[06:05:58] [OK] [REAL-TP] SL cancel benign (already done); skip market close orderId=8775331871 codes=['ERR-5122']
727:[06:05:59] [OK] [REAL-TP] SL cancel benign (already done); skip market close orderId=8775331871 codes=['ERR-5122']
728:[06:05:59] [OK] [REAL-TP] SL cancel benign (already done); skip market close orderId=8775331871 codes=['ERR-5122']
729:[06:06:00] [OK] [REAL-TP] SL cancel benign (already done); skip market close orderId=8775331871 codes=['ERR-5122']
730:[CRITICAL] REAL MODE BOARD TP SL CANCEL FAILED
731:detail=SL cancel failed; position may be unprotected
735:error=GMO API error status=1 messages=[{'message_code': 'ERR-5008', 'message_string': 'Timestamp for this request is too late.'}]
736:[06:06:16] [OK] [REAL-TP] SL cancel benign (already done); skip market close orderId=8775331871 codes=['ERR-5122']
737:[06:06:16] [OK] [REAL-TP] SL cancel benign (already done); skip market close orderId=8775331871 codes=['ERR-5122']
738:[06:06:17] [OK] [REAL-TP] SL cancel benign (already done); skip market close orderId=8775331871 codes=['ERR-5122']
739:[06:06:17] [OK] [REAL-TP] SL cancel benign (already done); skip market close orderId=8775331871 codes=['ERR-5122']
740:[06:06:17] [OK] [REAL-TP] SL cancel benign (already done); skip market close orderId=8775331871 codes=['ERR-5122']
741:[06:06:17] [OK] [REAL-TP] SL cancel benign (already done); skip market close orderId=8775331871 codes=['ERR-5122']
742:[06:06:17] [OK] [REAL-TP] SL cancel benign (already done); skip market close orderId=8775331871 codes=['ERR-5122']
743:[06:06:17] [OK] [REAL-TP] SL cancel benign (already done); skip market close orderId=8775331871 codes=['ERR-5122']
744:[06:06:17] [OK] [REAL-TP] SL cancel benign (already done); skip market close orderId=8775331871 codes=['ERR-5122']
745:[06:06:17] [OK] [REAL-TP] SL cancel benign (already done); skip market close orderId=8775331871 codes=['ERR-5122']
746:[06:06:17] [OK] [REAL-TP] SL cancel benign (already done); skip market close orderId=8775331871 codes=['ERR-5122']
747:[06:06:17] [OK] [REAL-TP] SL cancel benign (already done); skip market close orderId=8775331871 codes=['ERR-5122']
748:[06:06:17] [OK] [REAL-TP] SL cancel benign (already done); skip market close orderId=8775331871 codes=['ERR-5122']
749:[06:06:17] [OK] [REAL-TP] SL cancel benign (already done); skip market close orderId=8775331871 codes=['ERR-5122']
750:[06:06:18] [OK] [REAL-TP] SL cancel benign (already done); skip market close orderId=8775331871 codes=['ERR-5122']
751:[06:06:18] [OK] [REAL-TP] SL cancel benign (already done); skip market close orderId=8775331871 codes=['ERR-5122']
752:[06:06:18] [OK] [REAL-TP] SL cancel benign (already done); skip market close orderId=8775331871 codes=['ERR-5122']
753:[06:06:18] [OK] [REAL-TP] SL cancel benign (already done); skip market close orderId=8775331871 codes=['ERR-5122']
754:[06:06:18] [OK] [REAL-TP] SL cancel benign (already done); skip market close orderId=8775331871 codes=['ERR-5122']
755:[06:06:18] [OK] [REAL-TP] SL cancel benign (already done); skip market close orderId=8775331871 codes=['ERR-5122']
756:[06:06:18] [OK] [REAL-TP] SL cancel benign (already done); skip market close orderId=8775331871 codes=['ERR-5122']
757:[06:06:18] [OK] [REAL-TP] SL cancel benign (already done); skip market close orderId=8775331871 codes=['ERR-5122']
758:[06:06:18] [OK] [REAL-TP] SL cancel benign (already done); skip market close orderId=8775331871 codes=['ERR-5122']
759:[06:06:18] [OK] [REAL-TP] SL cancel benign (already done); skip market close orderId=8775331871 codes=['ERR-5122']
760:[06:06:18] [OK] [REAL-TP] SL cancel benign (already done); skip market close orderId=8775331871 codes=['ERR-5122']
761:[06:06:18] [OK] [REAL-TP] SL cancel benign (already done); skip market close orderId=8775331871 codes=['ERR-5122']
762:[06:06:18] [OK] [REAL-TP] SL cancel benign (already done); skip market close orderId=8775331871 codes=['ERR-5122']
763:[06:06:18] [OK] [REAL-TP] SL cancel benign (already done); skip market close orderId=8775331871 codes=['ERR-5122']
764:[06:06:19] [OK] [REAL-TP] SL cancel benign (already done); skip market close orderId=8775331871 codes=['ERR-5122']
765:[06:06:19] [OK] [REAL-TP] SL cancel benign (already done); skip market close orderId=8775331871 codes=['ERR-5122']
766:[06:06:19] [OK] [REAL-TP] SL cancel benign (already done); skip market close orderId=8775331871 codes=['ERR-5122']
767:[06:06:19] [OK] [REAL-TP] SL cancel benign (already done); skip market close orderId=8775331871 codes=['ERR-5122']
768:[06:06:19] [OK] [REAL-TP] SL cancel benign (already done); skip market close orderId=8775331871 codes=['ERR-5122']
769:[06:06:19] [OK] [REAL-TP] SL cancel benign (already done); skip market close orderId=8775331871 codes=['ERR-5122']
770:[06:06:19] [OK] [REAL-TP] SL cancel benign (already done); skip market close orderId=8775331871 codes=['ERR-5122']
771:[06:06:20] [OK] [REAL-TP] SL cancel benign (already done); skip market close orderId=8775331871 codes=['ERR-5122']
772:[06:06:20] [OK] [REAL-TP] SL cancel benign (already done); skip market close orderId=8775331871 codes=['ERR-5122']
773:[06:06:21] [OK] [REAL-TP] SL cancel benign (already done); skip market close orderId=8775331871 codes=['ERR-5122']
774:[06:06:21] [OK] [REAL-TP] SL cancel benign (already done); skip market close orderId=8775331871 codes=['ERR-5122']
775:[06:06:21] [OK] [REAL-TP] SL cancel benign (already done); skip market close orderId=8775331871 codes=['ERR-5122']
776:[06:06:22] [OK] [REAL-TP] SL cancel benign (already done); skip market close orderId=8775331871 codes=['ERR-5122']
777:[06:06:22] [OK] [REAL-TP] SL cancel benign (already done); skip market close orderId=8775331871 codes=['ERR-5122']
778:[06:06:23] [OK] [REAL-TP] SL cancel benign (already done); skip market close orderId=8775331871 codes=['ERR-5122']
779:[CRITICAL] REAL MODE BOARD TP SL CANCEL FAILED
780:detail=SL cancel failed; position may be unprotected
784:error=GMO API error status=1 messages=[{'message_code': 'ERR-5008', 'message_string': 'Timestamp for this request is too late.'}]
785:[06:06:39] [OK] [REAL-TP] SL cancel benign (already done); skip market close orderId=8775331871 codes=['ERR-5122']
786:[06:06:39] [OK] [REAL-TP] SL cancel benign (already done); skip market close orderId=8775331871 codes=['ERR-5122']
787:[06:06:39] [OK] [REAL-TP] SL cancel benign (already done); skip market close orderId=8775331871 codes=['ERR-5122']
788:[06:06:40] [OK] [REAL-TP] SL cancel benign (already done); skip market close orderId=8775331871 codes=['ERR-5122']
789:[06:06:40] [OK] [REAL-TP] SL cancel benign (already done); skip market close orderId=8775331871 codes=['ERR-5122']
790:[06:06:40] [OK] [REAL-TP] SL cancel benign (already done); skip market close orderId=8775331871 codes=['ERR-5122']
791:[06:06:40] [OK] [REAL-TP] SL cancel benign (already done); skip market close orderId=8775331871 codes=['ERR-5122']
792:[06:06:40] [OK] [REAL-TP] SL cancel benign (already done); skip market close orderId=8775331871 codes=['ERR-5122']
793:[06:06:40] [OK] [REAL-TP] SL cancel benign (already done); skip market close orderId=8775331871 codes=['ERR-5122']
794:[CRITICAL] REAL MODE BOARD TP SL CANCEL FAILED
795:detail=SL cancel failed; position may be unprotected
799:error=GMO API error status=1 messages=[{'message_code': 'ERR-5008', 'message_string': 'Timestamp for this request is too late.'}]
800:[06:06:56] [OK] [REAL-TP] SL cancel benign (already done); skip market close orderId=8775331871 codes=['ERR-5122']
801:[06:06:56] [OK] [REAL-TP] SL cancel benign (already done); skip market close orderId=8775331871 codes=['ERR-5122']
802:[06:06:56] [OK] [REAL-TP] SL cancel benign (already done); skip market close orderId=8775331871 codes=['ERR-5122']
803:[06:06:56] [OK] [REAL-TP] SL cancel benign (already done); skip market close orderId=8775331871 codes=['ERR-5122']
804:[06:06:56] [OK] [REAL-TP] SL cancel benign (already done); skip market close orderId=8775331871 codes=['ERR-5122']
805:[06:06:57] [OK] [REAL-TP] SL cancel benign (already done); skip market close orderId=8775331871 codes=['ERR-5122']
806:[06:06:57] [OK] [REAL-TP] SL cancel benign (already done); skip market close orderId=8775331871 codes=['ERR-5122']
807:[06:06:57] [OK] [REAL-TP] SL cancel benign (already done); skip market close orderId=8775331871 codes=['ERR-5122']
808:[06:06:57] [OK] [REAL-TP] SL cancel benign (already done); skip market close orderId=8775331871 codes=['ERR-5122']
809:[06:06:57] [OK] [REAL-TP] SL cancel benign (already done); skip market close orderId=8775331871 codes=['ERR-5122']
810:[06:06:57] [OK] [REAL-TP] SL cancel benign (already done); skip market close orderId=8775331871 codes=['ERR-5122']
811:[06:06:57] [OK] [REAL-TP] SL cancel benign (already done); skip market close orderId=8775331871 codes=['ERR-5122']
812:[06:06:57] [OK] [REAL-TP] SL cancel benign (already done); skip market close orderId=8775331871 codes=['ERR-5122']
813:[06:06:57] [OK] [REAL-TP] SL cancel benign (already done); skip market close orderId=8775331871 codes=['ERR-5122']
814:[06:06:57] [OK] [REAL-TP] SL cancel benign (already done); skip market close orderId=8775331871 codes=['ERR-5122']
815:[06:06:57] [OK] [REAL-TP] SL cancel benign (already done); skip market close orderId=8775331871 codes=['ERR-5122']
816:[06:06:57] [OK] [REAL-TP] SL cancel benign (already done); skip market close orderId=8775331871 codes=['ERR-5122']
817:[06:06:57] [OK] [REAL-TP] SL cancel benign (already done); skip market close orderId=8775331871 codes=['ERR-5122']
818:[06:06:58] [OK] [REAL-TP] SL cancel benign (already done); skip market close orderId=8775331871 codes=['ERR-5122']
819:[06:06:58] [OK] [REAL-TP] SL cancel benign (already done); skip market close orderId=8775331871 codes=['ERR-5122']
820:[06:06:58] [OK] [REAL-TP] SL cancel benign (already done); skip market close orderId=8775331871 codes=['ERR-5122']
821:[06:06:58] [OK] [REAL-TP] SL cancel benign (already done); skip market close orderId=8775331871 codes=['ERR-5122']
822:[06:06:58] [OK] [REAL-TP] SL cancel benign (already done); skip market close orderId=8775331871 codes=['ERR-5122']
823:[06:06:58] [OK] [REAL-TP] SL cancel benign (already done); skip market close orderId=8775331871 codes=['ERR-5122']
824:[06:06:58] [OK] [REAL-TP] SL cancel benign (already done); skip market close orderId=8775331871 codes=['ERR-5122']
825:[06:06:58] [OK] [REAL-TP] SL cancel benign (already done); skip market close orderId=8775331871 codes=['ERR-5122']
826:[06:06:58] [OK] [REAL-TP] SL cancel benign (already done); skip market close orderId=8775331871 codes=['ERR-5122']
827:[06:06:58] [OK] [REAL-TP] SL cancel benign (already done); skip market close orderId=8775331871 codes=['ERR-5122']
828:[06:06:58] [OK] [REAL-TP] SL cancel benign (already done); skip market close orderId=8775331871 codes=['ERR-5122']
829:[06:06:58] [OK] [REAL-TP] SL cancel benign (already done); skip market close orderId=8775331871 codes=['ERR-5122']
830:[06:06:58] [OK] [REAL-TP] SL cancel benign (already done); skip market close orderId=8775331871 codes=['ERR-5122']
831:[06:06:59] [OK] [REAL-TP] SL cancel benign (already done); skip market close orderId=8775331871 codes=['ERR-5122']
832:[06:06:59] [OK] [REAL-TP] SL cancel benign (already done); skip market close orderId=8775331871 codes=['ERR-5122']
833:[06:06:59] [OK] [REAL-TP] SL cancel benign (already done); skip market close orderId=8775331871 codes=['ERR-5122']
834:[06:06:59] [OK] [REAL-TP] SL cancel benign (already done); skip market close orderId=8775331871 codes=['ERR-5122']
835:[06:06:59] [OK] [REAL-TP] SL cancel benign (already done); skip market close orderId=8775331871 codes=['ERR-5122']
836:[06:06:59] [OK] [REAL-TP] SL cancel benign (already done); skip market close orderId=8775331871 codes=['ERR-5122']
837:[06:06:59] [OK] [REAL-TP] SL cancel benign (already done); skip market close orderId=8775331871 codes=['ERR-5122']
838:[06:06:59] [OK] [REAL-TP] SL cancel benign (already done); skip market close orderId=8775331871 codes=['ERR-5122']
839:[06:06:59] [OK] [REAL-TP] SL cancel benign (already done); skip market close orderId=8775331871 codes=['ERR-5122']
840:[06:06:59] [OK] [REAL-TP] SL cancel benign (already done); skip market close orderId=8775331871 codes=['ERR-5122']
841:[06:06:59] [OK] [REAL-TP] SL cancel benign (already done); skip market close orderId=8775331871 codes=['ERR-5122']
842:[06:06:59] [OK] [REAL-TP] SL cancel benign (already done); skip market close orderId=8775331871 codes=['ERR-5122']
843:[06:07:00] [OK] [REAL-TP] SL cancel benign (already done); skip market close orderId=8775331871 codes=['ERR-5122']
844:[06:07:00] [OK] [REAL-TP] SL cancel benign (already done); skip market close orderId=8775331871 codes=['ERR-5122']
845:[06:07:00] [OK] [REAL-TP] SL cancel benign (already done); skip market close orderId=8775331871 codes=['ERR-5122']
846:[06:07:00] [OK] [REAL-TP] SL cancel benign (already done); skip market close orderId=8775331871 codes=['ERR-5122']
847:[06:07:00] [OK] [REAL-TP] SL cancel benign (already done); skip market close orderId=8775331871 codes=['ERR-5122']
848:[06:07:00] [OK] [REAL-TP] SL cancel benign (already done); skip market close orderId=8775331871 codes=['ERR-5122']
849:[06:07:00] [OK] [REAL-TP] SL cancel benign (already done); skip market close orderId=8775331871 codes=['ERR-5122']
850:[06:07:00] [OK] [REAL-TP] SL cancel benign (already done); skip market close orderId=8775331871 codes=['ERR-5122']
851:[06:07:00] [OK] [REAL-TP] SL cancel benign (already done); skip market close orderId=8775331871 codes=['ERR-5122']
852:[06:07:00] [OK] [REAL-TP] SL cancel benign (already done); skip market close orderId=8775331871 codes=['ERR-5122']
853:[06:07:00] [OK] [REAL-TP] SL cancel benign (already done); skip market close orderId=8775331871 codes=['ERR-5122']
854:[06:07:00] [OK] [REAL-TP] SL cancel benign (already done); skip market close orderId=8775331871 codes=['ERR-5122']
855:[06:07:00] [OK] [REAL-TP] SL cancel benign (already done); skip market close orderId=8775331871 codes=['ERR-5122']
856:[06:07:01] [OK] [REAL-TP] SL cancel benign (already done); skip market close orderId=8775331871 codes=['ERR-5122']
857:[06:07:01] [OK] [REAL-TP] SL cancel benign (already done); skip market close orderId=8775331871 codes=['ERR-5122']
858:[06:07:01] [OK] [REAL-TP] SL cancel benign (already done); skip market close orderId=8775331871 codes=['ERR-5122']
859:[06:07:01] [OK] [REAL-TP] SL cancel benign (already done); skip market close orderId=8775331871 codes=['ERR-5122']
860:[06:07:01] [OK] [REAL-TP] SL cancel benign (already done); skip market close orderId=8775331871 codes=['ERR-5122']
861:[06:07:01] [OK] [REAL-TP] SL cancel benign (already done); skip market close orderId=8775331871 codes=['ERR-5122']
862:[06:07:01] [OK] [REAL-TP] SL cancel benign (already done); skip market close orderId=8775331871 codes=['ERR-5122']
863:[06:07:01] [OK] [REAL-TP] SL cancel benign (already done); skip market close orderId=8775331871 codes=['ERR-5122']
864:[06:07:01] [OK] [REAL-TP] SL cancel benign (already done); skip market close orderId=8775331871 codes=['ERR-5122']
865:[06:07:01] [OK] [REAL-TP] SL cancel benign (already done); skip market close orderId=8775331871 codes=['ERR-5122']
866:[06:07:01] [OK] [REAL-TP] SL cancel benign (already done); skip market close orderId=8775331871 codes=['ERR-5122']
867:[06:07:02] [OK] [REAL-TP] SL cancel benign (already done); skip market close orderId=8775331871 codes=['ERR-5122']
868:[06:07:02] [OK] [REAL-TP] SL cancel benign (already done); skip market close orderId=8775331871 codes=['ERR-5122']
869:[06:07:03] [OK] [REAL-TP] SL cancel benign (already done); skip market close orderId=8775331871 codes=['ERR-5122']
870:[06:07:03] [OK] [REAL-TP] SL cancel benign (already done); skip market close orderId=8775331871 codes=['ERR-5122']
871:[06:07:04] [OK] [REAL-TP] SL cancel benign (already done); skip market close orderId=8775331871 codes=['ERR-5122']
872:[06:07:04] [OK] [REAL-TP] SL cancel benign (already done); skip market close orderId=8775331871 codes=['ERR-5122']
873:[06:07:05] [OK] [REAL-TP] SL cancel benign (already done); skip market close orderId=8775331871 codes=['ERR-5122']
874:[06:07:05] [OK] [REAL-TP] SL cancel benign (already done); skip market close orderId=8775331871 codes=['ERR-5122']
875:[06:07:06] [OK] [REAL-TP] SL cancel benign (already done); skip market close orderId=8775331871 codes=['ERR-5122']
876:[06:07:06] [OK] [REAL-TP] SL cancel benign (already done); skip market close orderId=8775331871 codes=['ERR-5122']
877:[06:07:07] [OK] [REAL-TP] SL cancel benign (already done); skip market close orderId=8775331871 codes=['ERR-5122']
878:[06:07:07] [OK] [REAL-TP] SL cancel benign (already done); skip market close orderId=8775331871 codes=['ERR-5122']
879:[06:07:08] [OK] [REAL-TP] SL cancel benign (already done); skip market close orderId=8775331871 codes=['ERR-5122']
880:[06:07:08] [OK] [REAL-TP] SL cancel benign (already done); skip market close orderId=8775331871 codes=['ERR-5122']
881:[06:07:09] [OK] [REAL-TP] SL cancel benign (already done); skip market close orderId=8775331871 codes=['ERR-5122']
882:[06:07:09] [OK] [REAL-TP] SL cancel benign (already done); skip market close orderId=8775331871 codes=['ERR-5122']
883:[06:07:10] [OK] [REAL-TP] SL cancel benign (already done); skip market close orderId=8775331871 codes=['ERR-5122']
884:[06:07:11] [OK] [REAL-TP] SL cancel benign (already done); skip market close orderId=8775331871 codes=['ERR-5122']
885:[06:07:11] [OK] [REAL-TP] SL cancel benign (already done); skip market close orderId=8775331871 codes=['ERR-5122']
886:[06:07:12] [OK] [REAL-TP] SL cancel benign (already done); skip market close orderId=8775331871 codes=['ERR-5122']
887:[06:07:12] [OK] [REAL-TP] SL cancel benign (already done); skip market close orderId=8775331871 codes=['ERR-5122']
888:[06:07:12] [OK] [REAL-TP] SL cancel benign (already done); skip market close orderId=8775331871 codes=['ERR-5122']
889:[06:07:13] [OK] [REAL-TP] SL cancel benign (already done); skip market close orderId=8775331871 codes=['ERR-5122']
890:[06:07:13] [OK] [REAL-TP] SL cancel benign (already done); skip market close orderId=8775331871 codes=['ERR-5122']
891:[06:07:14] [OK] [REAL-TP] SL cancel benign (already done); skip market close orderId=8775331871 codes=['ERR-5122']
892:[06:07:14] [OK] [REAL-TP] SL cancel benign (already done); skip market close orderId=8775331871 codes=['ERR-5122']
893:[06:07:15] [OK] [REAL-TP] SL cancel benign (already done); skip market close orderId=8775331871 codes=['ERR-5122']
894:[06:07:16] [OK] [REAL-TP] SL cancel benign (already done); skip market close orderId=8775331871 codes=['ERR-5122']
895:[06:07:16] [OK] [REAL-TP] SL cancel benign (already done); skip market close orderId=8775331871 codes=['ERR-5122']
896:[06:07:17] [OK] [REAL-TP] SL cancel benign (already done); skip market close orderId=8775331871 codes=['ERR-5122']
897:[06:07:17] [OK] [REAL-TP] SL cancel benign (already done); skip market close orderId=8775331871 codes=['ERR-5122']
898:[06:07:17] [OK] [REAL-TP] SL cancel benign (already done); skip market close orderId=8775331871 codes=['ERR-5122']
899:[06:07:18] [OK] [REAL-TP] SL cancel benign (already done); skip market close orderId=8775331871 codes=['ERR-5122']
900:[06:07:18] [OK] [REAL-TP] SL cancel benign (already done); skip market close orderId=8775331871 codes=['ERR-5122']
901:[06:07:19] [OK] [REAL-TP] SL cancel benign (already done); skip market close orderId=8775331871 codes=['ERR-5122']
902:[06:07:19] [OK] [REAL-TP] SL cancel benign (already done); skip market close orderId=8775331871 codes=['ERR-5122']
903:[06:07:20] [OK] [REAL-TP] SL cancel benign (already done); skip market close orderId=8775331871 codes=['ERR-5122']
904:[06:07:20] [OK] [REAL-TP] SL cancel benign (already done); skip market close orderId=8775331871 codes=['ERR-5122']
905:[06:07:21] [OK] [REAL-TP] SL cancel benign (already done); skip market close orderId=8775331871 codes=['ERR-5122']
906:[06:07:21] [OK] [REAL-TP] SL cancel benign (already done); skip market close orderId=8775331871 codes=['ERR-5122']
907:[06:07:22] [OK] [REAL-TP] SL cancel benign (already done); skip market close orderId=8775331871 codes=['ERR-5122']
908:[06:07:22] [OK] [REAL-TP] SL cancel benign (already done); skip market close orderId=8775331871 codes=['ERR-5122']
909:[06:07:23] [OK] [REAL-TP] SL cancel benign (already done); skip market close orderId=8775331871 codes=['ERR-5122']
910:[06:07:24] [OK] [REAL-TP] SL cancel benign (already done); skip market close orderId=8775331871 codes=['ERR-5122']
911:[06:07:24] [OK] [REAL-TP] SL cancel benign (already done); skip market close orderId=8775331871 codes=['ERR-5122']
912:[06:07:25] [OK] [REAL-TP] SL cancel benign (already done); skip market close orderId=8775331871 codes=['ERR-5122']
913:[06:07:25] [OK] [REAL-TP] SL cancel benign (already done); skip market close orderId=8775331871 codes=['ERR-5122']
914:[06:07:26] [OK] [REAL-TP] SL cancel benign (already done); skip market close orderId=8775331871 codes=['ERR-5122']
915:[06:07:26] [OK] [REAL-TP] SL cancel benign (already done); skip market close orderId=8775331871 codes=['ERR-5122']
916:[06:07:30] [OK] [REAL-TP] SL cancel benign (already done); skip market close orderId=8775331871 codes=['ERR-5122']
917:[06:07:31] [OK] [REAL-TP] SL cancel benign (already done); skip market close orderId=8775331871 codes=['ERR-5122']
918:[06:07:32] [OK] [REAL-TP] SL cancel benign (already done); skip market close orderId=8775331871 codes=['ERR-5122']
919:[06:07:32] [OK] [REAL-TP] SL cancel benign (already done); skip market close orderId=8775331871 codes=['ERR-5122']
920:[06:07:32] [OK] [REAL-TP] SL cancel benign (already done); skip market close orderId=8775331871 codes=['ERR-5122']
921:[06:07:32] [OK] [REAL-TP] SL cancel benign (already done); skip market close orderId=8775331871 codes=['ERR-5122']
922:[06:07:32] [OK] [REAL-TP] SL cancel benign (already done); skip market close orderId=8775331871 codes=['ERR-5122']
923:[06:07:32] [OK] [REAL-TP] SL cancel benign (already done); skip market close orderId=8775331871 codes=['ERR-5122']
924:[06:07:32] [OK] [REAL-TP] SL cancel benign (already done); skip market close orderId=8775331871 codes=['ERR-5122']
925:[06:07:32] [OK] [REAL-TP] SL cancel benign (already done); skip market close orderId=8775331871 codes=['ERR-5122']
926:[06:07:33] [OK] [REAL-TP] SL cancel benign (already done); skip market close orderId=8775331871 codes=['ERR-5122']
927:[06:07:33] [OK] [REAL-TP] SL cancel benign (already done); skip market close orderId=8775331871 codes=['ERR-5122']
928:[06:07:34] [OK] [REAL-TP] SL cancel benign (already done); skip market close orderId=8775331871 codes=['ERR-5122']
929:[06:07:34] [OK] [REAL-TP] SL cancel benign (already done); skip market close orderId=8775331871 codes=['ERR-5122']
930:[06:07:35] [OK] [REAL-TP] SL cancel benign (already done); skip market close orderId=8775331871 codes=['ERR-5122']
931:[06:07:35] [OK] [REAL-TP] SL cancel benign (already done); skip market close orderId=8775331871 codes=['ERR-5122']
932:[06:07:36] [OK] [REAL-TP] SL cancel benign (already done); skip market close orderId=8775331871 codes=['ERR-5122']
933:[06:07:36] [OK] [REAL-TP] SL cancel benign (already done); skip market close orderId=8775331871 codes=['ERR-5122']
934:[06:07:37] [OK] [REAL-TP] SL cancel benign (already done); skip market close orderId=8775331871 codes=['ERR-5122']
935:[06:07:37] [OK] [REAL-TP] SL cancel benign (already done); skip market close orderId=8775331871 codes=['ERR-5122']
936:[06:07:38] [OK] [REAL-TP] SL cancel benign (already done); skip market close orderId=8775331871 codes=['ERR-5122']
937:[06:07:38] [OK] [REAL-TP] SL cancel benign (already done); skip market close orderId=8775331871 codes=['ERR-5122']
938:[06:07:39] [OK] [REAL-TP] SL cancel benign (already done); skip market close orderId=8775331871 codes=['ERR-5122']
939:[06:07:40] [OK] [REAL-TP] SL cancel benign (already done); skip market close orderId=8775331871 codes=['ERR-5122']
940:[06:07:40] [OK] [REAL-TP] SL cancel benign (already done); skip market close orderId=8775331871 codes=['ERR-5122']
941:[06:07:41] [OK] [REAL-TP] SL cancel benign (already done); skip market close orderId=8775331871 codes=['ERR-5122']
942:[06:07:41] [OK] [REAL-TP] SL cancel benign (already done); skip market close orderId=8775331871 codes=['ERR-5122']
943:[06:07:42] [OK] [REAL-TP] SL cancel benign (already done); skip market close orderId=8775331871 codes=['ERR-5122']
944:[06:07:42] [OK] [REAL-TP] SL cancel benign (already done); skip market close orderId=8775331871 codes=['ERR-5122']
945:[06:07:43] [OK] [REAL-TP] SL cancel benign (already done); skip market close orderId=8775331871 codes=['ERR-5122']
946:[06:07:43] [OK] [REAL-TP] SL cancel benign (already done); skip market close orderId=8775331871 codes=['ERR-5122']
947:[06:07:44] [OK] [REAL-TP] SL cancel benign (already done); skip market close orderId=8775331871 codes=['ERR-5122']
948:[06:07:44] [OK] [REAL-TP] SL cancel benign (already done); skip market close orderId=8775331871 codes=['ERR-5122']
949:[06:07:45] [OK] [REAL-TP] SL cancel benign (already done); skip market close orderId=8775331871 codes=['ERR-5122']
950:[06:07:45] [OK] [REAL-TP] SL cancel benign (already done); skip market close orderId=8775331871 codes=['ERR-5122']
951:[06:07:46] [OK] [REAL-TP] SL cancel benign (already done); skip market close orderId=8775331871 codes=['ERR-5122']
952:[06:07:46] [OK] [REAL-TP] SL cancel benign (already done); skip market close orderId=8775331871 codes=['ERR-5122']
953:[06:07:47] [OK] [REAL-TP] SL cancel benign (already done); skip market close orderId=8775331871 codes=['ERR-5122']
954:[06:07:47] [OK] [REAL-TP] SL cancel benign (already done); skip market close orderId=8775331871 codes=['ERR-5122']
955:[06:07:48] [OK] [REAL-TP] SL cancel benign (already done); skip market close orderId=8775331871 codes=['ERR-5122']
956:[06:07:48] [OK] [REAL-TP] SL cancel benign (already done); skip market close orderId=8775331871 codes=['ERR-5122']
957:[06:07:49] [OK] [REAL-TP] SL cancel benign (already done); skip market close orderId=8775331871 codes=['ERR-5122']
958:[06:07:49] [OK] [REAL-TP] SL cancel benign (already done); skip market close orderId=8775331871 codes=['ERR-5122']
959:[06:07:50] [OK] [REAL-TP] SL cancel benign (already done); skip market close orderId=8775331871 codes=['ERR-5122']
960:[06:07:51] [OK] [REAL-TP] SL cancel benign (already done); skip market close orderId=8775331871 codes=['ERR-5122']
961:[06:07:51] [OK] [REAL-TP] SL cancel benign (already done); skip market close orderId=8775331871 codes=['ERR-5122']
962:[06:07:52] [OK] [REAL-TP] SL cancel benign (already done); skip market close orderId=8775331871 codes=['ERR-5122']
963:[06:07:52] [OK] [REAL-TP] SL cancel benign (already done); skip market close orderId=8775331871 codes=['ERR-5122']
964:[06:07:53] [OK] [REAL-TP] SL cancel benign (already done); skip market close orderId=8775331871 codes=['ERR-5122']
965:[06:07:53] [OK] [REAL-TP] SL cancel benign (already done); skip market close orderId=8775331871 codes=['ERR-5122']
966:[06:07:54] [OK] [REAL-TP] SL cancel benign (already done); skip market close orderId=8775331871 codes=['ERR-5122']
967:[06:07:55] [OK] [REAL-TP] SL cancel benign (already done); skip market close orderId=8775331871 codes=['ERR-5122']
968:[06:07:55] [OK] [REAL-TP] SL cancel benign (already done); skip market close orderId=8775331871 codes=['ERR-5122']
969:[06:07:56] [OK] [REAL-TP] SL cancel benign (already done); skip market close orderId=8775331871 codes=['ERR-5122']
970:[06:07:56] [OK] [REAL-TP] SL cancel benign (already done); skip market close orderId=8775331871 codes=['ERR-5122']
971:[06:07:57] [OK] [REAL-TP] SL cancel benign (already done); skip market close orderId=8775331871 codes=['ERR-5122']
972:[06:07:57] [OK] [REAL-TP] SL cancel benign (already done); skip market close orderId=8775331871 codes=['ERR-5122']
973:[06:07:58] [OK] [REAL-TP] SL cancel benign (already done); skip market close orderId=8775331871 codes=['ERR-5122']
974:[06:07:58] [OK] [REAL-TP] SL cancel benign (already done); skip market close orderId=8775331871 codes=['ERR-5122']
975:[06:07:59] [OK] [REAL-TP] SL cancel benign (already done); skip market close orderId=8775331871 codes=['ERR-5122']
976:[06:07:59] [OK] [REAL-TP] SL cancel benign (already done); skip market close orderId=8775331871 codes=['ERR-5122']
977:[06:08:00] [OK] [REAL-TP] SL cancel benign (already done); skip market close orderId=8775331871 codes=['ERR-5122']
978:[06:08:00] [OK] [REAL-TP] SL cancel benign (already done); skip market close orderId=8775331871 codes=['ERR-5122']
979:[06:08:01] [OK] [REAL-TP] SL cancel benign (already done); skip market close orderId=8775331871 codes=['ERR-5122']
980:[06:08:01] [OK] [REAL-TP] SL cancel benign (already done); skip market close orderId=8775331871 codes=['ERR-5122']
981:[06:08:02] [OK] [REAL-TP] SL cancel benign (already done); skip market close orderId=8775331871 codes=['ERR-5122']
982:[06:08:02] [OK] [REAL-TP] SL cancel benign (already done); skip market close orderId=8775331871 codes=['ERR-5122']
983:[06:08:03] [OK] [REAL-TP] SL cancel benign (already done); skip market close orderId=8775331871 codes=['ERR-5122']
984:[06:08:03] [OK] [REAL-TP] SL cancel benign (already done); skip market close orderId=8775331871 codes=['ERR-5122']
985:[06:08:04] [OK] [REAL-TP] SL cancel benign (already done); skip market close orderId=8775331871 codes=['ERR-5122']
986:[06:08:04] [OK] [REAL-TP] SL cancel benign (already done); skip market close orderId=8775331871 codes=['ERR-5122']
987:[06:08:05] [OK] [REAL-TP] SL cancel benign (already done); skip market close orderId=8775331871 codes=['ERR-5122']
988:[06:08:05] [OK] [REAL-TP] SL cancel benign (already done); skip market close orderId=8775331871 codes=['ERR-5122']
989:[06:08:06] [OK] [REAL-TP] SL cancel benign (already done); skip market close orderId=8775331871 codes=['ERR-5122']
990:[06:08:06] [OK] [REAL-TP] SL cancel benign (already done); skip market close orderId=8775331871 codes=['ERR-5122']
991:[06:08:07] [OK] [REAL-TP] SL cancel benign (already done); skip market close orderId=8775331871 codes=['ERR-5122']
992:[06:08:07] [OK] [REAL-TP] SL cancel benign (already done); skip market close orderId=8775331871 codes=['ERR-5122']
993:[06:08:08] [OK] [REAL-TP] SL cancel benign (already done); skip market close orderId=8775331871 codes=['ERR-5122']
994:[06:08:08] [OK] [REAL-TP] SL cancel benign (already done); skip market close orderId=8775331871 codes=['ERR-5122']
995:[06:08:09] [OK] [REAL-TP] SL cancel benign (already done); skip market close orderId=8775331871 codes=['ERR-5122']
996:[06:08:09] [OK] [REAL-TP] SL cancel benign (already done); skip market close orderId=8775331871 codes=['ERR-5122']
997:[06:08:10] [OK] [REAL-TP] SL cancel benign (already done); skip market close orderId=8775331871 codes=['ERR-5122']
998:[06:08:10] [OK] [REAL-TP] SL cancel benign (already done); skip market close orderId=8775331871 codes=['ERR-5122']
999:[06:08:11] [OK] [REAL-TP] SL cancel benign (already done); skip market close orderId=8775331871 codes=['ERR-5122']
1000:[06:08:11] [OK] [REAL-TP] SL cancel benign (already done); skip market close orderId=8775331871 codes=['ERR-5122']
1001:[06:08:12] [OK] [REAL-TP] SL cancel benign (already done); skip market close orderId=8775331871 codes=['ERR-5122']
1002:[06:08:12] [OK] [REAL-TP] SL cancel benign (already done); skip market close orderId=8775331871 codes=['ERR-5122']
1003:[06:08:13] [OK] [REAL-TP] SL cancel benign (already done); skip market close orderId=8775331871 codes=['ERR-5122']
1004:[06:08:13] [OK] [REAL-TP] SL cancel benign (already done); skip market close orderId=8775331871 codes=['ERR-5122']
1005:[06:08:14] [OK] [REAL-TP] SL cancel benign (already done); skip market close orderId=8775331871 codes=['ERR-5122']
1006:[06:08:14] [OK] [REAL-TP] SL cancel benign (already done); skip market close orderId=8775331871 codes=['ERR-5122']
1007:[06:08:14] [OK] [REAL-TP] SL cancel benign (already done); skip market close orderId=8775331871 codes=['ERR-5122']
1008:[06:08:15] [OK] [REAL-TP] SL cancel benign (already done); skip market close orderId=8775331871 codes=['ERR-5122']
1009:[06:08:15] [OK] [REAL-TP] SL cancel benign (already done); skip market close orderId=8775331871 codes=['ERR-5122']
1010:[06:08:16] [OK] [REAL-TP] SL cancel benign (already done); skip market close orderId=8775331871 codes=['ERR-5122']
1011:[06:08:16] [OK] [REAL-TP] SL cancel benign (already done); skip market close orderId=8775331871 codes=['ERR-5122']
1012:[06:08:17] [OK] [REAL-TP] SL cancel benign (already done); skip market close orderId=8775331871 codes=['ERR-5122']
1013:[06:08:18] [OK] [REAL-TP] SL cancel benign (already done); skip market close orderId=8775331871 codes=['ERR-5122']
1014:[06:08:18] [OK] [REAL-TP] SL cancel benign (already done); skip market close orderId=8775331871 codes=['ERR-5122']
1015:[06:08:19] [OK] [REAL-TP] SL cancel benign (already done); skip market close orderId=8775331871 codes=['ERR-5122']
1016:[06:08:19] [OK] [REAL-TP] SL cancel benign (already done); skip market close orderId=8775331871 codes=['ERR-5122']
1017:[06:08:19] [OK] [REAL-TP] SL cancel benign (already done); skip market close orderId=8775331871 codes=['ERR-5122']
1018:[06:08:20] [OK] [REAL-TP] SL cancel benign (already done); skip market close orderId=8775331871 codes=['ERR-5122']
1019:[06:08:20] [OK] [REAL-TP] SL cancel benign (already done); skip market close orderId=8775331871 codes=['ERR-5122']
1020:[06:08:21] [OK] [REAL-TP] SL cancel benign (already done); skip market close orderId=8775331871 codes=['ERR-5122']
1021:[06:08:21] [OK] [REAL-TP] SL cancel benign (already done); skip market close orderId=8775331871 codes=['ERR-5122']
1022:[06:08:22] [OK] [REAL-TP] SL cancel benign (already done); skip market close orderId=8775331871 codes=['ERR-5122']
1023:[06:08:22] [OK] [REAL-TP] SL cancel benign (already done); skip market close orderId=8775331871 codes=['ERR-5122']
1024:[06:08:23] [OK] [REAL-TP] SL cancel benign (already done); skip market close orderId=8775331871 codes=['ERR-5122']
1025:[06:08:23] [OK] [REAL-TP] SL cancel benign (already done); skip market close orderId=8775331871 codes=['ERR-5122']
1026:[06:08:24] [OK] [REAL-TP] SL cancel benign (already done); skip market close orderId=8775331871 codes=['ERR-5122']
1027:[06:08:24] [OK] [REAL-TP] SL cancel benign (already done); skip market close orderId=8775331871 codes=['ERR-5122']
1028:[06:08:24] [OK] [REAL-TP] SL cancel benign (already done); skip market close orderId=8775331871 codes=['ERR-5122']
1029:[06:08:25] [OK] [REAL-TP] SL cancel benign (already done); skip market close orderId=8775331871 codes=['ERR-5122']
1030:[06:08:25] [OK] [REAL-TP] SL cancel benign (already done); skip market close orderId=8775331871 codes=['ERR-5122']
1031:[06:08:26] [OK] [REAL-TP] SL cancel benign (already done); skip market close orderId=8775331871 codes=['ERR-5122']
1032:[06:08:26] [OK] [REAL-TP] SL cancel benign (already done); skip market close orderId=8775331871 codes=['ERR-5122']
1033:[06:08:27] [OK] [REAL-TP] SL cancel benign (already done); skip market close orderId=8775331871 codes=['ERR-5122']
1034:[06:08:27] [OK] [REAL-TP] SL cancel benign (already done); skip market close orderId=8775331871 codes=['ERR-5122']
1035:[06:08:28] [OK] [REAL-TP] SL cancel benign (already done); skip market close orderId=8775331871 codes=['ERR-5122']
1036:[06:08:28] [OK] [REAL-TP] SL cancel benign (already done); skip market close orderId=8775331871 codes=['ERR-5122']
1037:[06:08:29] [OK] [REAL-TP] SL cancel benign (already done); skip market close orderId=8775331871 codes=['ERR-5122']
1038:[06:08:29] [OK] [REAL-TP] SL cancel benign (already done); skip market close orderId=8775331871 codes=['ERR-5122']
1039:[06:08:29] [OK] [REAL-TP] SL cancel benign (already done); skip market close orderId=8775331871 codes=['ERR-5122']
1040:[06:08:30] [OK] [REAL-TP] SL cancel benign (already done); skip market close orderId=8775331871 codes=['ERR-5122']
1041:[06:08:31] [OK] [REAL-TP] SL cancel benign (already done); skip market close orderId=8775331871 codes=['ERR-5122']
1042:[06:08:31] [OK] [REAL-TP] SL cancel benign (already done); skip market close orderId=8775331871 codes=['ERR-5122']
1043:[06:08:32] [OK] [REAL-TP] SL cancel benign (already done); skip market close orderId=8775331871 codes=['ERR-5122']
1044:[06:08:32] [OK] [REAL-TP] SL cancel benign (already done); skip market close orderId=8775331871 codes=['ERR-5122']
1045:[06:08:33] [OK] [REAL-TP] SL cancel benign (already done); skip market close orderId=8775331871 codes=['ERR-5122']
1046:[06:08:33] [OK] [REAL-TP] SL cancel benign (already done); skip market close orderId=8775331871 codes=['ERR-5122']
1047:[06:08:34] [OK] [REAL-TP] SL cancel benign (already done); skip market close orderId=8775331871 codes=['ERR-5122']
1048:[06:08:34] [OK] [REAL-TP] SL cancel benign (already done); skip market close orderId=8775331871 codes=['ERR-5122']
1049:[06:08:34] [OK] [REAL-TP] SL cancel benign (already done); skip market close orderId=8775331871 codes=['ERR-5122']
1050:[06:08:35] [OK] [REAL-TP] SL cancel benign (already done); skip market close orderId=8775331871 codes=['ERR-5122']
1051:[06:08:35] [OK] [REAL-TP] SL cancel benign (already done); skip market close orderId=8775331871 codes=['ERR-5122']
1052:[06:08:36] [OK] [REAL-TP] SL cancel benign (already done); skip market close orderId=8775331871 codes=['ERR-5122']
1053:[06:08:37] [OK] [REAL-TP] SL cancel benign (already done); skip market close orderId=8775331871 codes=['ERR-5122']
1054:[06:08:37] [OK] [REAL-TP] SL cancel benign (already done); skip market close orderId=8775331871 codes=['ERR-5122']
1055:[06:08:38] [OK] [REAL-TP] SL cancel benign (already done); skip market close orderId=8775331871 codes=['ERR-5122']
1056:[06:08:38] [OK] [REAL-TP] SL cancel benign (already done); skip market close orderId=8775331871 codes=['ERR-5122']
1057:[06:08:39] [OK] [REAL-TP] SL cancel benign (already done); skip market close orderId=8775331871 codes=['ERR-5122']
1058:[06:08:39] [OK] [REAL-TP] SL cancel benign (already done); skip market close orderId=8775331871 codes=['ERR-5122']
1059:[06:08:39] [OK] [REAL-TP] SL cancel benign (already done); skip market close orderId=8775331871 codes=['ERR-5122']
1060:[06:08:40] [OK] [REAL-TP] SL cancel benign (already done); skip market close orderId=8775331871 codes=['ERR-5122']
1061:[06:08:41] [OK] [REAL-TP] SL cancel benign (already done); skip market close orderId=8775331871 codes=['ERR-5122']
1062:[06:08:41] [OK] [REAL-TP] SL cancel benign (already done); skip market close orderId=8775331871 codes=['ERR-5122']
1063:[06:08:42] [OK] [REAL-TP] SL cancel benign (already done); skip market close orderId=8775331871 codes=['ERR-5122']
1064:[06:08:42] [OK] [REAL-TP] SL cancel benign (already done); skip market close orderId=8775331871 codes=['ERR-5122']
1065:[06:08:43] [OK] [REAL-TP] SL cancel benign (already done); skip market close orderId=8775331871 codes=['ERR-5122']
1066:[06:08:43] [OK] [REAL-TP] SL cancel benign (already done); skip market close orderId=8775331871 codes=['ERR-5122']
1067:[06:08:44] [OK] [REAL-TP] SL cancel benign (already done); skip market close orderId=8775331871 codes=['ERR-5122']
1068:[06:08:44] [OK] [REAL-TP] SL cancel benign (already done); skip market close orderId=8775331871 codes=['ERR-5122']
1069:[06:08:44] [OK] [REAL-TP] SL cancel benign (already done); skip market close orderId=8775331871 codes=['ERR-5122']
1070:[06:08:45] [OK] [REAL-TP] SL cancel benign (already done); skip market close orderId=8775331871 codes=['ERR-5122']
1071:[06:08:45] [OK] [REAL-TP] SL cancel benign (already done); skip market close orderId=8775331871 codes=['ERR-5122']
1072:[06:08:46] [OK] [REAL-TP] SL cancel benign (already done); skip market close orderId=8775331871 codes=['ERR-5122']
1073:[06:08:46] [OK] [REAL-TP] SL cancel benign (already done); skip market close orderId=8775331871 codes=['ERR-5122']
1074:[06:08:47] [OK] [REAL-TP] SL cancel benign (already done); skip market close orderId=8775331871 codes=['ERR-5122']
1075:[06:08:47] [OK] [REAL-TP] SL cancel benign (already done); skip market close orderId=8775331871 codes=['ERR-5122']
1076:[06:08:48] [OK] [REAL-TP] SL cancel benign (already done); skip market close orderId=8775331871 codes=['ERR-5122']
1077:[06:08:48] [OK] [REAL-TP] SL cancel benign (already done); skip market close orderId=8775331871 codes=['ERR-5122']
1078:[06:08:49] [OK] [REAL-TP] SL cancel benign (already done); skip market close orderId=8775331871 codes=['ERR-5122']
1079:[06:08:49] [OK] [REAL-TP] SL cancel benign (already done); skip market close orderId=8775331871 codes=['ERR-5122']
1080:[06:08:49] [OK] [REAL-TP] SL cancel benign (already done); skip market close orderId=8775331871 codes=['ERR-5122']
1081:[06:08:50] [OK] [REAL-TP] SL cancel benign (already done); skip market close orderId=8775331871 codes=['ERR-5122']
1082:[06:08:51] [OK] [REAL-TP] SL cancel benign (already done); skip market close orderId=8775331871 codes=['ERR-5122']
1083:[06:08:51] [OK] [REAL-TP] SL cancel benign (already done); skip market close orderId=8775331871 codes=['ERR-5122']
1084:[06:08:52] [OK] [REAL-TP] SL cancel benign (already done); skip market close orderId=8775331871 codes=['ERR-5122']
1085:[06:08:52] [OK] [REAL-TP] SL cancel benign (already done); skip market close orderId=8775331871 codes=['ERR-5122']
1086:[06:08:53] [OK] [REAL-TP] SL cancel benign (already done); skip market close orderId=8775331871 codes=['ERR-5122']
1087:[06:08:53] [OK] [REAL-TP] SL cancel benign (already done); skip market close orderId=8775331871 codes=['ERR-5122']
1088:[06:08:54] [OK] [REAL-TP] SL cancel benign (already done); skip market close orderId=8775331871 codes=['ERR-5122']
1089:[06:08:54] [OK] [REAL-TP] SL cancel benign (already done); skip market close orderId=8775331871 codes=['ERR-5122']
1090:[06:08:54] [OK] [REAL-TP] SL cancel benign (already done); skip market close orderId=8775331871 codes=['ERR-5122']
1091:[06:08:55] [OK] [REAL-TP] SL cancel benign (already done); skip market close orderId=8775331871 codes=['ERR-5122']
1092:[06:08:55] [OK] [REAL-TP] SL cancel benign (already done); skip market close orderId=8775331871 codes=['ERR-5122']
1093:[06:08:56] [OK] [REAL-TP] SL cancel benign (already done); skip market close orderId=8775331871 codes=['ERR-5122']
1094:[06:08:56] [OK] [REAL-TP] SL cancel benign (already done); skip market close orderId=8775331871 codes=['ERR-5122']
1095:[06:08:57] [OK] [REAL-TP] SL cancel benign (already done); skip market close orderId=8775331871 codes=['ERR-5122']
1096:[06:08:57] [OK] [REAL-TP] SL cancel benign (already done); skip market close orderId=8775331871 codes=['ERR-5122']
1097:[06:08:58] [OK] [REAL-TP] SL cancel benign (already done); skip market close orderId=8775331871 codes=['ERR-5122']
1098:[06:08:58] [OK] [REAL-TP] SL cancel benign (already done); skip market close orderId=8775331871 codes=['ERR-5122']
1099:[06:08:59] [OK] [REAL-TP] SL cancel benign (already done); skip market close orderId=8775331871 codes=['ERR-5122']
1100:[06:08:59] [OK] [REAL-TP] SL cancel benign (already done); skip market close orderId=8775331871 codes=['ERR-5122']
1101:[06:08:59] [OK] [REAL-TP] SL cancel benign (already done); skip market close orderId=8775331871 codes=['ERR-5122']
1102:[06:09:00] [OK] [REAL-TP] SL cancel benign (already done); skip market close orderId=8775331871 codes=['ERR-5122']
1103:[06:09:00] [OK] [REAL-TP] SL cancel benign (already done); skip market close orderId=8775331871 codes=['ERR-5122']
1104:[06:09:01] [OK] [REAL-TP] SL cancel benign (already done); skip market close orderId=8775331871 codes=['ERR-5122']
1105:[06:09:01] [OK] [REAL-TP] SL cancel benign (already done); skip market close orderId=8775331871 codes=['ERR-5122']
1106:[06:09:02] [OK] [REAL-TP] SL cancel benign (already done); skip market close orderId=8775331871 codes=['ERR-5122']
1107:[06:09:02] [OK] [REAL-TP] SL cancel benign (already done); skip market close orderId=8775331871 codes=['ERR-5122']
1108:[06:09:03] [OK] [REAL-TP] SL cancel benign (already done); skip market close orderId=8775331871 codes=['ERR-5122']
1109:[06:09:03] [OK] [REAL-TP] SL cancel benign (already done); skip market close orderId=8775331871 codes=['ERR-5122']
1110:[06:09:04] [OK] [REAL-TP] SL cancel benign (already done); skip market close orderId=8775331871 codes=['ERR-5122']
1111:[06:09:04] [OK] [REAL-TP] SL cancel benign (already done); skip market close orderId=8775331871 codes=['ERR-5122']
1112:[06:09:05] [OK] [REAL-TP] SL cancel benign (already done); skip market close orderId=8775331871 codes=['ERR-5122']
1113:[06:09:05] [OK] [REAL-TP] SL cancel benign (already done); skip market close orderId=8775331871 codes=['ERR-5122']
1114:[06:09:06] [OK] [REAL-TP] SL cancel benign (already done); skip market close orderId=8775331871 codes=['ERR-5122']
1115:[06:09:07] [OK] [REAL-TP] SL cancel benign (already done); skip market close orderId=8775331871 codes=['ERR-5122']
1116:[06:09:07] [OK] [REAL-TP] SL cancel benign (already done); skip market close orderId=8775331871 codes=['ERR-5122']
1117:[06:09:08] [OK] [REAL-TP] SL cancel benign (already done); skip market close orderId=8775331871 codes=['ERR-5122']
1118:[06:09:09] [OK] [REAL-TP] SL cancel benign (already done); skip market close orderId=8775331871 codes=['ERR-5122']
1119:[06:09:13] [OK] [REAL-TP] SL cancel benign (already done); skip market close orderId=8775331871 codes=['ERR-5122']
1120:[06:09:14] [OK] [REAL-TP] SL cancel benign (already done); skip market close orderId=8775331871 codes=['ERR-5122']
1121:[06:09:14] [OK] [REAL-TP] SL cancel benign (already done); skip market close orderId=8775331871 codes=['ERR-5122']
1122:[06:09:14] [OK] [REAL-TP] SL cancel benign (already done); skip market close orderId=8775331871 codes=['ERR-5122']
1123:[06:09:14] [OK] [REAL-TP] SL cancel benign (already done); skip market close orderId=8775331871 codes=['ERR-5122']
1124:[06:09:14] [OK] [REAL-TP] SL cancel benign (already done); skip market close orderId=8775331871 codes=['ERR-5122']
1125:[06:09:14] [OK] [REAL-TP] SL cancel benign (already done); skip market close orderId=8775331871 codes=['ERR-5122']
1126:[06:09:14] [OK] [REAL-TP] SL cancel benign (already done); skip market close orderId=8775331871 codes=['ERR-5122']
1127:[06:09:14] [OK] [REAL-TP] SL cancel benign (already done); skip market close orderId=8775331871 codes=['ERR-5122']
1128:[06:09:14] [OK] [REAL-TP] SL cancel benign (already done); skip market close orderId=8775331871 codes=['ERR-5122']
1129:[06:09:14] [OK] [REAL-TP] SL cancel benign (already done); skip market close orderId=8775331871 codes=['ERR-5122']
1130:[06:09:15] [OK] [REAL-TP] SL cancel benign (already done); skip market close orderId=8775331871 codes=['ERR-5122']
1131:[CRITICAL] REAL MODE BOARD TP SL CANCEL FAILED
1132:detail=SL cancel failed; position may be unprotected
1136:error=GMO API error status=1 messages=[{'message_code': 'ERR-5008', 'message_string': 'Timestamp for this request is too late.'}]
1137:[06:09:31] [OK] [REAL-TP] SL cancel benign (already done); skip market close orderId=8775331871 codes=['ERR-5122']
1138:[06:09:31] [OK] [REAL-TP] SL cancel benign (already done); skip market close orderId=8775331871 codes=['ERR-5122']
1139:[06:09:31] [OK] [REAL-TP] SL cancel benign (already done); skip market close orderId=8775331871 codes=['ERR-5122']
1140:[06:09:31] [OK] [REAL-TP] SL cancel benign (already done); skip market close orderId=8775331871 codes=['ERR-5122']
1141:[06:09:31] [OK] [REAL-TP] SL cancel benign (already done); skip market close orderId=8775331871 codes=['ERR-5122']
1142:[06:09:31] [OK] [REAL-TP] SL cancel benign (already done); skip market close orderId=8775331871 codes=['ERR-5122']
1143:[06:09:31] [OK] [REAL-TP] SL cancel benign (already done); skip market close orderId=8775331871 codes=['ERR-5122']
1144:[06:09:31] [OK] [REAL-TP] SL cancel benign (already done); skip market close orderId=8775331871 codes=['ERR-5122']
1145:[06:09:31] [OK] [REAL-TP] SL cancel benign (already done); skip market close orderId=8775331871 codes=['ERR-5122']
1146:[06:09:31] [OK] [REAL-TP] SL cancel benign (already done); skip market close orderId=8775331871 codes=['ERR-5122']
1147:[06:09:31] [OK] [REAL-TP] SL cancel benign (already done); skip market close orderId=8775331871 codes=['ERR-5122']
1148:[06:09:32] [OK] [REAL-TP] SL cancel benign (already done); skip market close orderId=8775331871 codes=['ERR-5122']
1149:[06:09:32] [OK] [REAL-TP] SL cancel benign (already done); skip market close orderId=8775331871 codes=['ERR-5122']
1150:[06:09:32] [OK] [REAL-TP] SL cancel benign (already done); skip market close orderId=8775331871 codes=['ERR-5122']
1151:[06:09:32] [OK] [REAL-TP] SL cancel benign (already done); skip market close orderId=8775331871 codes=['ERR-5122']
1152:[06:09:32] [OK] [REAL-TP] SL cancel benign (already done); skip market close orderId=8775331871 codes=['ERR-5122']
1153:[06:09:32] [OK] [REAL-TP] SL cancel benign (already done); skip market close orderId=8775331871 codes=['ERR-5122']
1154:[06:09:32] [OK] [REAL-TP] SL cancel benign (already done); skip market close orderId=8775331871 codes=['ERR-5122']
1155:[06:09:32] [OK] [REAL-TP] SL cancel benign (already done); skip market close orderId=8775331871 codes=['ERR-5122']
1156:[06:09:32] [OK] [REAL-TP] SL cancel benign (already done); skip market close orderId=8775331871 codes=['ERR-5122']
1157:[06:09:32] [OK] [REAL-TP] SL cancel benign (already done); skip market close orderId=8775331871 codes=['ERR-5122']
1158:[06:09:32] [OK] [REAL-TP] SL cancel benign (already done); skip market close orderId=8775331871 codes=['ERR-5122']
1159:[06:09:32] [OK] [REAL-TP] SL cancel benign (already done); skip market close orderId=8775331871 codes=['ERR-5122']
1160:[06:09:32] [OK] [REAL-TP] SL cancel benign (already done); skip market close orderId=8775331871 codes=['ERR-5122']
1161:[06:09:32] [OK] [REAL-TP] SL cancel benign (already done); skip market close orderId=8775331871 codes=['ERR-5122']
1162:[06:09:33] [OK] [REAL-TP] SL cancel benign (already done); skip market close orderId=8775331871 codes=['ERR-5122']
1163:[06:09:33] [OK] [REAL-TP] SL cancel benign (already done); skip market close orderId=8775331871 codes=['ERR-5122']
1164:[06:09:33] [OK] [REAL-TP] SL cancel benign (already done); skip market close orderId=8775331871 codes=['ERR-5122']
1165:[06:09:33] [OK] [REAL-TP] SL cancel benign (already done); skip market close orderId=8775331871 codes=['ERR-5122']
1166:[06:09:33] [OK] [REAL-TP] SL cancel benign (already done); skip market close orderId=8775331871 codes=['ERR-5122']
1167:[06:09:33] [OK] [REAL-TP] SL cancel benign (already done); skip market close orderId=8775331871 codes=['ERR-5122']
1168:[06:09:33] [OK] [REAL-TP] SL cancel benign (already done); skip market close orderId=8775331871 codes=['ERR-5122']
1169:[06:09:33] [OK] [REAL-TP] SL cancel benign (already done); skip market close orderId=8775331871 codes=['ERR-5122']
1170:[06:09:33] [OK] [REAL-TP] SL cancel benign (already done); skip market close orderId=8775331871 codes=['ERR-5122']
1171:[06:09:33] [OK] [REAL-TP] SL cancel benign (already done); skip market close orderId=8775331871 codes=['ERR-5122']
1172:[06:09:33] [OK] [REAL-TP] SL cancel benign (already done); skip market close orderId=8775331871 codes=['ERR-5122']
1173:[06:09:34] [OK] [REAL-TP] SL cancel benign (already done); skip market close orderId=8775331871 codes=['ERR-5122']
1174:[06:09:34] [OK] [REAL-TP] SL cancel benign (already done); skip market close orderId=8775331871 codes=['ERR-5122']
1175:[06:09:35] [OK] [REAL-TP] SL cancel benign (already done); skip market close orderId=8775331871 codes=['ERR-5122']
1176:[06:09:35] [OK] [REAL-TP] SL cancel benign (already done); skip market close orderId=8775331871 codes=['ERR-5122']
1177:[06:09:36] [OK] [REAL-TP] SL cancel benign (already done); skip market close orderId=8775331871 codes=['ERR-5122']
1178:[06:09:36] [OK] [REAL-TP] SL cancel benign (already done); skip market close orderId=8775331871 codes=['ERR-5122']
1179:[06:09:37] [OK] [REAL-TP] SL cancel benign (already done); skip market close orderId=8775331871 codes=['ERR-5122']
1180:[06:09:37] [OK] [REAL-TP] SL cancel benign (already done); skip market close orderId=8775331871 codes=['ERR-5122']
1181:[06:09:38] [OK] [REAL-TP] SL cancel benign (already done); skip market close orderId=8775331871 codes=['ERR-5122']
1182:[06:09:38] [OK] [REAL-TP] SL cancel benign (already done); skip market close orderId=8775331871 codes=['ERR-5122']
1183:[06:09:39] [OK] [REAL-TP] SL cancel benign (already done); skip market close orderId=8775331871 codes=['ERR-5122']
1184:[06:09:40] [OK] [REAL-TP] SL cancel benign (already done); skip market close orderId=8775331871 codes=['ERR-5122']
1185:[06:09:40] [OK] [REAL-TP] SL cancel benign (already done); skip market close orderId=8775331871 codes=['ERR-5122']
1186:[06:09:41] [OK] [REAL-TP] SL cancel benign (already done); skip market close orderId=8775331871 codes=['ERR-5122']
1187:[06:09:41] [OK] [REAL-TP] SL cancel benign (already done); skip market close orderId=8775331871 codes=['ERR-5122']
1188:[06:09:42] [OK] [REAL-TP] SL cancel benign (already done); skip market close orderId=8775331871 codes=['ERR-5122']
1189:[06:09:42] [OK] [REAL-TP] SL cancel benign (already done); skip market close orderId=8775331871 codes=['ERR-5122']
1190:[06:09:43] [OK] [REAL-TP] SL cancel benign (already done); skip market close orderId=8775331871 codes=['ERR-5122']
1191:[06:09:43] [OK] [REAL-TP] SL cancel benign (already done); skip market close orderId=8775331871 codes=['ERR-5122']
1192:[06:09:44] [OK] [REAL-TP] SL cancel benign (already done); skip market close orderId=8775331871 codes=['ERR-5122']
1193:[06:09:44] [OK] [REAL-TP] SL cancel benign (already done); skip market close orderId=8775331871 codes=['ERR-5122']
1194:[06:09:45] [OK] [REAL-TP] SL cancel benign (already done); skip market close orderId=8775331871 codes=['ERR-5122']
1195:[06:09:45] [OK] [REAL-TP] SL cancel benign (already done); skip market close orderId=8775331871 codes=['ERR-5122']
1196:[06:09:45] [OK] [REAL-TP] SL cancel benign (already done); skip market close orderId=8775331871 codes=['ERR-5122']
1197:[06:09:46] [OK] [REAL-TP] SL cancel benign (already done); skip market close orderId=8775331871 codes=['ERR-5122']
1198:[06:09:46] [OK] [REAL-TP] SL cancel benign (already done); skip market close orderId=8775331871 codes=['ERR-5122']
1199:[06:09:47] [OK] [REAL-TP] SL cancel benign (already done); skip market close orderId=8775331871 codes=['ERR-5122']
1200:[06:09:47] [OK] [REAL-TP] SL cancel benign (already done); skip market close orderId=8775331871 codes=['ERR-5122']
1201:[06:09:48] [OK] [REAL-TP] SL cancel benign (already done); skip market close orderId=8775331871 codes=['ERR-5122']
1202:[06:09:48] [OK] [REAL-TP] SL cancel benign (already done); skip market close orderId=8775331871 codes=['ERR-5122']
1203:[06:09:49] [OK] [REAL-TP] SL cancel benign (already done); skip market close orderId=8775331871 codes=['ERR-5122']
1204:[06:09:49] [OK] [REAL-TP] SL cancel benign (already done); skip market close orderId=8775331871 codes=['ERR-5122']
1205:[06:09:50] [OK] [REAL-TP] SL cancel benign (already done); skip market close orderId=8775331871 codes=['ERR-5122']
1206:[06:09:50] [OK] [REAL-TP] SL cancel benign (already done); skip market close orderId=8775331871 codes=['ERR-5122']
1207:[06:09:50] [OK] [REAL-TP] SL cancel benign (already done); skip market close orderId=8775331871 codes=['ERR-5122']
1208:[06:09:51] [OK] [REAL-TP] SL cancel benign (already done); skip market close orderId=8775331871 codes=['ERR-5122']
1209:[06:09:52] [OK] [REAL-TP] SL cancel benign (already done); skip market close orderId=8775331871 codes=['ERR-5122']
1210:[06:09:52] [OK] [REAL-TP] SL cancel benign (already done); skip market close orderId=8775331871 codes=['ERR-5122']
1211:[06:09:53] [OK] [REAL-TP] SL cancel benign (already done); skip market close orderId=8775331871 codes=['ERR-5122']
1212:[06:09:53] [OK] [REAL-TP] SL cancel benign (already done); skip market close orderId=8775331871 codes=['ERR-5122']
1213:[06:09:54] [OK] [REAL-TP] SL cancel benign (already done); skip market close orderId=8775331871 codes=['ERR-5122']
1214:[06:09:54] [OK] [REAL-TP] SL cancel benign (already done); skip market close orderId=8775331871 codes=['ERR-5122']
1215:[06:09:55] [OK] [REAL-TP] SL cancel benign (already done); skip market close orderId=8775331871 codes=['ERR-5122']
1216:[06:09:55] [OK] [REAL-TP] SL cancel benign (already done); skip market close orderId=8775331871 codes=['ERR-5122']
1217:[06:09:55] [OK] [REAL-TP] SL cancel benign (already done); skip market close orderId=8775331871 codes=['ERR-5122']
1218:[06:09:56] [OK] [REAL-TP] SL cancel benign (already done); skip market close orderId=8775331871 codes=['ERR-5122']
1219:[06:09:56] [OK] [REAL-TP] SL cancel benign (already done); skip market close orderId=8775331871 codes=['ERR-5122']
1220:[06:09:57] [OK] [REAL-TP] SL cancel benign (already done); skip market close orderId=8775331871 codes=['ERR-5122']
1221:[06:09:57] [OK] [REAL-TP] SL cancel benign (already done); skip market close orderId=8775331871 codes=['ERR-5122']
1222:[06:09:58] [OK] [REAL-TP] SL cancel benign (already done); skip market close orderId=8775331871 codes=['ERR-5122']
1223:[06:09:58] [OK] [REAL-TP] SL cancel benign (already done); skip market close orderId=8775331871 codes=['ERR-5122']
1224:[06:09:59] [OK] [REAL-TP] SL cancel benign (already done); skip market close orderId=8775331871 codes=['ERR-5122']
1225:[06:09:59] [OK] [REAL-TP] SL cancel benign (already done); skip market close orderId=8775331871 codes=['ERR-5122']
1226:[06:10:00] [OK] [REAL-TP] SL cancel benign (already done); skip market close orderId=8775331871 codes=['ERR-5122']
1227:[06:10:00] [OK] [REAL-TP] SL cancel benign (already done); skip market close orderId=8775331871 codes=['ERR-5122']
1228:[06:10:00] [OK] [REAL-TP] SL cancel benign (already done); skip market close orderId=8775331871 codes=['ERR-5122']
1229:[06:10:01] [OK] [REAL-TP] SL cancel benign (already done); skip market close orderId=8775331871 codes=['ERR-5122']
1230:[06:10:01] [OK] [REAL-TP] SL cancel benign (already done); skip market close orderId=8775331871 codes=['ERR-5122']
1231:[06:10:02] [OK] [REAL-TP] SL cancel benign (already done); skip market close orderId=8775331871 codes=['ERR-5122']
1232:[06:10:02] [OK] [REAL-TP] SL cancel benign (already done); skip market close orderId=8775331871 codes=['ERR-5122']
1233:[06:10:03] [OK] [REAL-TP] SL cancel benign (already done); skip market close orderId=8775331871 codes=['ERR-5122']
1234:[06:10:03] [OK] [REAL-TP] SL cancel benign (already done); skip market close orderId=8775331871 codes=['ERR-5122']
1235:[06:10:04] [OK] [REAL-TP] SL cancel benign (already done); skip market close orderId=8775331871 codes=['ERR-5122']
1236:[06:10:04] [OK] [REAL-TP] SL cancel benign (already done); skip market close orderId=8775331871 codes=['ERR-5122']
1237:[06:10:05] [OK] [REAL-TP] SL cancel benign (already done); skip market close orderId=8775331871 codes=['ERR-5122']
1238:[06:10:05] [OK] [REAL-TP] SL cancel benign (already done); skip market close orderId=8775331871 codes=['ERR-5122']
1239:[06:10:06] [OK] [REAL-TP] SL cancel benign (already done); skip market close orderId=8775331871 codes=['ERR-5122']
1240:[06:10:06] [OK] [REAL-TP] SL cancel benign (already done); skip market close orderId=8775331871 codes=['ERR-5122']
1241:[06:10:06] [OK] [REAL-TP] SL cancel benign (already done); skip market close orderId=8775331871 codes=['ERR-5122']
1242:[06:10:07] [OK] [REAL-TP] SL cancel benign (already done); skip market close orderId=8775331871 codes=['ERR-5122']
1243:[06:10:07] [OK] [REAL-TP] SL cancel benign (already done); skip market close orderId=8775331871 codes=['ERR-5122']
1244:[WARNING] [ALERT] circuit breaker safety stop
1245:reason=reconciliation_mismatch
1253:manual_stop.flag created
1254:[06:10:08] [WARN] [FORCE-CLOSE: real] start  side=LONG pending=False  tp_order_id=None sl_order_id=8775331871
1255:[06:10:08] [OK] [FORCE-CLOSE: real] cancel sl skipped (already done) orderId=8775331871 codes=['ERR-5122']
1256:[06:10:08] [OK] [FORCE-CLOSE: real] no open positions; skip closeOrder
1257:[06:10:08] [OK] [FORCE-CLOSE: real] synced jpy_balance from equity_jpy=55,164
1265:[Engine] manual_stop.flag cleared; resuming from PAUSED
1337:[07:47:17] [OK] [REAL-TP] cancelled SL orderId=8775749511
1338:[07:47:17] [OK] [REAL-TP] MARKET closeOrder accepted orderId=8775749662 positionId=289599932
1340:[07:47:17] [WARN] [REAL-TP] actual fill price unavailable; using target price=9,972,568 JPY
1344:[07:47:17] [OK] [REAL-TP] synced jpy_balance from equity_jpy=55,148
1375:[08:19:01] [OK] [REAL-TP] cancelled SL orderId=8775798738
1376:[08:19:01] [OK] [REAL-TP] MARKET closeOrder accepted orderId=8775798926 positionId=289626083
1378:[08:19:01] [WARN] [REAL-TP] actual fill price unavailable; using target price=9,991,603 JPY
1382:[08:19:01] [OK] [REAL-TP] synced jpy_balance from equity_jpy=55,151
1413:[09:04:45] [OK] [REAL-TP] cancelled SL orderId=8775847009
1414:[09:04:45] [OK] [REAL-TP] MARKET closeOrder accepted orderId=8775910028 positionId=289626204
1416:[09:04:45] [WARN] [REAL-TP] actual fill price unavailable; using target price=10,001,924 JPY
1420:[09:04:45] [OK] [REAL-TP] synced jpy_balance from equity_jpy=55,152
1436:[09:25:47] [OK] [REAL-TP] cancelled SL orderId=8775910102
1437:[09:25:47] [OK] [REAL-TP] MARKET closeOrder accepted orderId=8775958783 positionId=289626277
1439:[09:25:47] [WARN] [REAL-TP] actual fill price unavailable; using target price=9,986,106 JPY
1443:[09:25:47] [OK] [REAL-TP] synced jpy_balance from equity_jpy=55,170
1549:[09:28:37] [OK] [REAL-TP] cancelled SL orderId=8775959049
1550:[09:28:37] [OK] [REAL-TP] MARKET closeOrder accepted orderId=8775959123 positionId=289626369
1552:[09:28:37] [WARN] [REAL-TP] actual fill price unavailable; using target price=9,923,970 JPY
1556:[09:28:38] [OK] [REAL-TP] synced jpy_balance from equity_jpy=55,189
1598:[09:35:08] [OK] [REAL-TP] cancelled SL orderId=8775988521
1599:[09:35:08] [OK] [REAL-TP] MARKET closeOrder accepted orderId=8776009125 positionId=289626434
1601:[09:35:08] [WARN] [REAL-TP] actual fill price unavailable; using target price=9,885,150 JPY
1605:[09:35:08] [OK] [REAL-TP] synced jpy_balance from equity_jpy=55,205
1783:[WARNING] [ALERT] circuit breaker safety stop
1788:manual_stop.flag created
1795:[Engine] manual_stop.flag cleared; resuming from PAUSED
1924:[10:13:52] [OK] [REAL-TP] cancelled SL orderId=8776142431
1925:[10:13:52] [OK] [REAL-TP] MARKET closeOrder accepted orderId=8776157402 positionId=289626974
1927:[10:13:52] [WARN] [REAL-TP] actual fill price unavailable; using target price=9,861,904 JPY
1931:[10:13:52] [OK] [REAL-TP] synced jpy_balance from equity_jpy=55,190
2017:[10:17:24] [SKIP] trade size calc failed (real account balance unavailable): GMO API error status=1 messages=[{'message_code': 'ERR-5008', 'message_string': 'Timestamp for this request is too late.'}]
2018:[10:17:24] [SKIP] trade size calc failed (real account balance unavailable): GMO API error status=1 messages=[{'message_code': 'ERR-5008', 'message_string': 'Timestamp for this request is too late.'}]
2019:[10:17:24] [SKIP] trade size calc failed (real account balance unavailable): GMO API error status=1 messages=[{'message_code': 'ERR-5008', 'message_string': 'Timestamp for this request is too late.'}]
2020:[10:17:24] [SKIP] trade size calc failed (real account balance unavailable): GMO API error status=1 messages=[{'message_code': 'ERR-5008', 'message_string': 'Timestamp for this request is too late.'}]
2021:[10:17:24] [SKIP] trade size calc failed (real account balance unavailable): GMO API error status=1 messages=[{'message_code': 'ERR-5008', 'message_string': 'Timestamp for this request is too late.'}]
2051:[WARN] [Reconciliation] GMO蜿｣蠎ｧ蜿門ｾ怜､ｱ謨・ GMO API connection error: <urlopen error [Errno -5] No address associated with hostname>
2080:[12:33:11] [OK] [REAL-TP] cancelled SL orderId=8776303370
2081:[12:33:11] [OK] [REAL-TP] MARKET closeOrder accepted orderId=8776519065 positionId=289645156
2083:[12:33:11] [WARN] [REAL-TP] actual fill price unavailable; using target price=9,864,141 JPY
2087:[12:33:11] [OK] [REAL-TP] synced jpy_balance from equity_jpy=55,194
2107:[12:46:35] [OK] [REAL-TP] cancelled SL orderId=8776519241
2108:[12:46:35] [OK] [REAL-TP] MARKET closeOrder accepted orderId=8776547453 positionId=289645311
2110:[12:46:35] [WARN] [REAL-TP] actual fill price unavailable; using target price=9,848,484 JPY
2114:[12:46:35] [OK] [REAL-TP] synced jpy_balance from equity_jpy=55,219
2172:[13:00:18] [SKIP] trade size calc failed (real account balance unavailable): GMO API error status=1 messages=[{'message_code': 'ERR-5008', 'message_string': 'Timestamp for this request is too late.'}]
2173:[13:00:18] [SKIP] trade size calc failed (real account balance unavailable): GMO API error status=1 messages=[{'message_code': 'ERR-5008', 'message_string': 'Timestamp for this request is too late.'}]
2174:[13:00:18] [SKIP] trade size calc failed (real account balance unavailable): GMO API error status=1 messages=[{'message_code': 'ERR-5008', 'message_string': 'Timestamp for this request is too late.'}]
2175:[13:00:18] [SKIP] trade size calc failed (real account balance unavailable): GMO API error status=1 messages=[{'message_code': 'ERR-5008', 'message_string': 'Timestamp for this request is too late.'}]
2176:[13:00:18] [SKIP] trade size calc failed (real account balance unavailable): GMO API error status=1 messages=[{'message_code': 'ERR-5008', 'message_string': 'Timestamp for this request is too late.'}]
2177:[13:00:18] [SKIP] trade size calc failed (real account balance unavailable): GMO API error status=1 messages=[{'message_code': 'ERR-5008', 'message_string': 'Timestamp for this request is too late.'}]
2673:[16:03:24] [OK] [REAL-TP] cancelled SL orderId=8776792809
2674:[16:03:24] [OK] [REAL-TP] MARKET closeOrder accepted orderId=8777040740 positionId=289645605
2676:[16:03:24] [WARN] [REAL-TP] actual fill price unavailable; using target price=9,811,020 JPY
2680:[16:03:25] [OK] [REAL-TP] synced jpy_balance from equity_jpy=55,197
2709:[16:06:56] [SKIP] trade size calc failed (real account balance unavailable): GMO API error status=1 messages=[{'message_code': 'ERR-5008', 'message_string': 'Timestamp for this request is too late.'}]
2710:[16:06:56] [SKIP] trade size calc failed (real account balance unavailable): GMO API error status=1 messages=[{'message_code': 'ERR-5008', 'message_string': 'Timestamp for this request is too late.'}]
2711:[16:06:56] [SKIP] trade size calc failed (real account balance unavailable): GMO API error status=1 messages=[{'message_code': 'ERR-5008', 'message_string': 'Timestamp for this request is too late.'}]
2712:[16:06:56] [SKIP] trade size calc failed (real account balance unavailable): GMO API error status=1 messages=[{'message_code': 'ERR-5008', 'message_string': 'Timestamp for this request is too late.'}]
2713:[16:06:56] [SKIP] trade size calc failed (real account balance unavailable): GMO API error status=1 messages=[{'message_code': 'ERR-5008', 'message_string': 'Timestamp for this request is too late.'}]
2714:[16:06:56] [SKIP] trade size calc failed (real account balance unavailable): GMO API error status=1 messages=[{'message_code': 'ERR-5008', 'message_string': 'Timestamp for this request is too late.'}]
2715:[16:06:56] [SKIP] trade size calc failed (real account balance unavailable): GMO API error status=1 messages=[{'message_code': 'ERR-5008', 'message_string': 'Timestamp for this request is too late.'}]
2716:[16:06:56] [SKIP] trade size calc failed (real account balance unavailable): GMO API error status=1 messages=[{'message_code': 'ERR-5008', 'message_string': 'Timestamp for this request is too late.'}]
2717:[16:06:57] [SKIP] trade size calc failed (real account balance unavailable): GMO API error status=1 messages=[{'message_code': 'ERR-5008', 'message_string': 'Timestamp for this request is too late.'}]
2962:[16:20:59] [SKIP] real entry order failed: side=SELL price=9,810,078 size=0.0010: GMO API error status=1 messages=[{'message_code': 'ERR-5008', 'message_string': 'Timestamp for this request is too late.'}]
3033:[WARNING] [ALERT] circuit breaker safety stop
3038:manual_stop.flag created
3045:[Engine] manual_stop.flag cleared; resuming from PAUSED
3427:[WARNING] [ALERT] circuit breaker safety stop
3432:manual_stop.flag created
3439:[Engine] manual_stop.flag cleared; resuming from PAUSED
3575:[WARNING] [ALERT] circuit breaker safety stop
3580:manual_stop.flag created
3587:[Engine] manual_stop.flag cleared; resuming from PAUSED
3700:[17:07:02] [WARN] real entry cancel failed; keeping pending orderId=8777214802 context=IMBALANCE_REVERSAL: GMO API error status=1 messages=[{'message_code': 'ERR-5008', 'message_string': 'Timestamp for this request is too late.'}]
3722:[17:08:13] [WARN] real entry cancel failed; keeping pending orderId=8777222465 context=IMBALANCE_REVERSAL: GMO API error status=1 messages=[{'message_code': 'ERR-5008', 'message_string': 'Timestamp for this request is too late.'}]
4386:[WARNING] [ALERT] circuit breaker safety stop
4391:manual_stop.flag created
4398:[Engine] manual_stop.flag cleared; resuming from PAUSED
4569:[18:49:36] [SKIP] real entry order failed: side=BUY price=9,850,051 size=0.0010: GMO API error status=1 messages=[{'message_code': 'ERR-5008', 'message_string': 'Timestamp for this request is too late.'}]
4758:[19:01:43] [WARN] real entry cancel failed; keeping pending orderId=8777527321 context=IMBALANCE_REVERSAL: GMO API error status=1 messages=[{'message_code': 'ERR-5008', 'message_string': 'Timestamp for this request is too late.'}]
5053:[19:25:05] [OK] [REAL-ORDER] SHORT orderId=8777584361 @ 9,854,942 JPY  size=0.0010 BTC  pending=True
5054:[19:25:43] [OK] real entry cancel accepted: orderId=8777584361 context=IMBALANCE_REVERSAL
5086:[19:29:35] [SKIP] trade size calc failed (real account balance unavailable): GMO API error status=1 messages=[{'message_code': 'ERR-5008', 'message_string': 'Timestamp for this request is too late.'}]
5087:[19:29:35] [SKIP] trade size calc failed (real account balance unavailable): GMO API error status=1 messages=[{'message_code': 'ERR-5008', 'message_string': 'Timestamp for this request is too late.'}]
5088:[19:29:35] [SKIP] trade size calc failed (real account balance unavailable): GMO API error status=1 messages=[{'message_code': 'ERR-5008', 'message_string': 'Timestamp for this request is too late.'}]
5089:[19:29:35] [SKIP] trade size calc failed (real account balance unavailable): GMO API error status=1 messages=[{'message_code': 'ERR-5008', 'message_string': 'Timestamp for this request is too late.'}]
5090:[19:29:35] [SKIP] trade size calc failed (real account balance unavailable): GMO API error status=1 messages=[{'message_code': 'ERR-5008', 'message_string': 'Timestamp for this request is too late.'}]
5091:[19:29:35] [SKIP] trade size calc failed (real account balance unavailable): GMO API error status=1 messages=[{'message_code': 'ERR-5008', 'message_string': 'Timestamp for this request is too late.'}]
5092:[19:29:35] [SKIP] trade size calc failed (real account balance unavailable): GMO API error status=1 messages=[{'message_code': 'ERR-5008', 'message_string': 'Timestamp for this request is too late.'}]
5093:[19:29:35] [SKIP] trade size calc failed (real account balance unavailable): GMO API error status=1 messages=[{'message_code': 'ERR-5008', 'message_string': 'Timestamp for this request is too late.'}]
5169:[19:35:10] [WARN] real entry cancel benign but openPositions failed; keeping pending orderId=8777608034 context=IMBALANCE_REVERSAL: GMO API error status=1 messages=[{'message_code': 'ERR-5008', 'message_string': 'Timestamp for this request is too late.'}]
5250:[19:42:35] [WARN] real entry cancel failed; keeping pending orderId=8777628760 context=IMBALANCE_REVERSAL: GMO API error status=1 messages=[{'message_code': 'ERR-5008', 'message_string': 'Timestamp for this request is too late.'}]
