[2026-08-03 00:00:03] [INFO] [orphan_orders_check] Running check_orphan_orders.py
[2026-08-03 00:00:04] [INFO] [orphan_orders_check] known order ids from live_state: [8774785275, 8774785282]
[2026-08-03 00:00:04] [INFO] [orphan_orders_check] No orphan orders. active=1 known=2
[2026-08-03 00:00:04] [INFO] [orphan_orders_check] orphan order check finished: ok
[2026-08-03 00:00:04] [INFO] [orphan_orders_check] check_orphan_orders.py completed successfully
[2026-08-03 00:00:04] [INFO] [orphan_orders_check] Lock file removed.
[2026-08-03 00:05:04] [INFO] [orphan_orders_check] Running check_orphan_orders.py
[2026-08-03 00:05:04] [INFO] [orphan_orders_check] known order ids from live_state: [8774785275, 8774785282]
[2026-08-03 00:05:04] [INFO] [orphan_orders_check] No orphan orders. active=1 known=2
[2026-08-03 00:05:04] [INFO] [orphan_orders_check] orphan order check finished: ok
[2026-08-03 00:05:04] [INFO] [orphan_orders_check] check_orphan_orders.py completed successfully
[2026-08-03 00:05:04] [INFO] [orphan_orders_check] Lock file removed.
[2026-08-03 00:10:20] [INFO] [orphan_orders_check] Running check_orphan_orders.py
[2026-08-03 00:10:20] [INFO] [orphan_orders_check] known order ids from live_state: [8774785275, 8774785282]
[2026-08-03 00:10:20] [INFO] [orphan_orders_check] No orphan orders. active=1 known=2
[2026-08-03 00:10:20] [INFO] [orphan_orders_check] orphan order check finished: ok
[2026-08-03 00:10:20] [INFO] [orphan_orders_check] check_orphan_orders.py completed successfully
[2026-08-03 00:10:20] [INFO] [orphan_orders_check] Lock file removed.
[2026-08-03 00:15:01] [INFO] [orphan_orders_check] Running check_orphan_orders.py
[2026-08-03 00:15:01] [INFO] [orphan_orders_check] known order ids from live_state: [8774785275, 8774785282]
[2026-08-03 00:15:01] [INFO] [orphan_orders_check] No orphan orders. active=1 known=2
[2026-08-03 00:15:01] [INFO] [orphan_orders_check] orphan order check finished: ok
[2026-08-03 00:15:01] [INFO] [orphan_orders_check] check_orphan_orders.py completed successfully
[2026-08-03 00:15:01] [INFO] [orphan_orders_check] Lock file removed.
[2026-08-03 00:20:20] [INFO] [orphan_orders_check] Running check_orphan_orders.py
[2026-08-03 00:20:20] [INFO] [orphan_orders_check] known order ids from live_state: [8774785275, 8774785282]
[2026-08-03 00:20:20] [INFO] [orphan_orders_check] No orphan orders. active=1 known=2
[2026-08-03 00:20:20] [INFO] [orphan_orders_check] orphan order check finished: ok
[2026-08-03 00:20:20] [INFO] [orphan_orders_check] check_orphan_orders.py completed successfully
[2026-08-03 00:20:20] [INFO] [orphan_orders_check] Lock file removed.
[2026-08-03 00:25:20] [INFO] [orphan_orders_check] Running check_orphan_orders.py
[2026-08-03 00:25:20] [INFO] [orphan_orders_check] known order ids from live_state: [8774785275, 8774785282]
[2026-08-03 00:25:21] [INFO] [orphan_orders_check] No orphan orders. active=1 known=2
[2026-08-03 00:25:21] [INFO] [orphan_orders_check] orphan order check finished: ok
[2026-08-03 00:25:21] [INFO] [orphan_orders_check] check_orphan_orders.py completed successfully
[2026-08-03 00:25:21] [INFO] [orphan_orders_check] Lock file removed.
[2026-08-03 00:30:03] [INFO] [orphan_orders_check] Running check_orphan_orders.py
[2026-08-03 00:30:03] [INFO] [orphan_orders_check] known order ids from live_state: [8774785275, 8774785282]
[2026-08-03 00:30:04] [INFO] [orphan_orders_check] No orphan orders. active=1 known=2
[2026-08-03 00:30:04] [INFO] [orphan_orders_check] orphan order check finished: ok
[2026-08-03 00:30:04] [INFO] [orphan_orders_check] check_orphan_orders.py completed successfully
[2026-08-03 00:30:04] [INFO] [orphan_orders_check] Lock file removed.
[2026-08-03 00:35:03] [INFO] [orphan_orders_check] Running check_orphan_orders.py
[2026-08-03 00:35:03] [INFO] [orphan_orders_check] known order ids from live_state: [8774785275, 8774785282]
[2026-08-03 00:35:03] [INFO] [orphan_orders_check] No orphan orders. active=1 known=2
[2026-08-03 00:35:03] [INFO] [orphan_orders_check] orphan order check finished: ok
[2026-08-03 00:35:03] [INFO] [orphan_orders_check] check_orphan_orders.py completed successfully
[2026-08-03 00:35:03] [INFO] [orphan_orders_check] Lock file removed.
[2026-08-03 00:40:03] [INFO] [orphan_orders_check] Running check_orphan_orders.py
[2026-08-03 00:40:03] [INFO] [orphan_orders_check] known order ids from live_state: [8774785275, 8774785282]
[2026-08-03 00:40:03] [INFO] [orphan_orders_check] No orphan orders. active=1 known=2
[2026-08-03 00:40:03] [INFO] [orphan_orders_check] orphan order check finished: ok
[2026-08-03 00:40:03] [INFO] [orphan_orders_check] check_orphan_orders.py completed successfully
[2026-08-03 00:40:03] [INFO] [orphan_orders_check] Lock file removed.
[2026-08-03 00:45:01] [INFO] [orphan_orders_check] Running check_orphan_orders.py
[2026-08-03 00:45:01] [INFO] [orphan_orders_check] known order ids from live_state: [8774785275, 8774785282]
[2026-08-03 00:45:01] [INFO] [orphan_orders_check] No orphan orders. active=1 known=2
[2026-08-03 00:45:01] [INFO] [orphan_orders_check] orphan order check finished: ok
[2026-08-03 00:45:01] [INFO] [orphan_orders_check] check_orphan_orders.py completed successfully
[2026-08-03 00:45:01] [INFO] [orphan_orders_check] Lock file removed.
[2026-08-03 00:50:00] [INFO] [orphan_orders_check] Running check_orphan_orders.py
[2026-08-03 00:50:00] [INFO] [orphan_orders_check] known order ids from live_state: [8774785275, 8774785282]
[2026-08-03 00:50:00] [INFO] [orphan_orders_check] No orphan orders. active=1 known=2
[2026-08-03 00:50:00] [INFO] [orphan_orders_check] orphan order check finished: ok
[2026-08-03 00:50:00] [INFO] [orphan_orders_check] check_orphan_orders.py completed successfully
[2026-08-03 00:50:00] [INFO] [orphan_orders_check] Lock file removed.
[2026-08-03 00:55:03] [INFO] [orphan_orders_check] Running check_orphan_orders.py
[2026-08-03 00:55:03] [INFO] [orphan_orders_check] known order ids from live_state: [8774785275, 8774785282]
[2026-08-03 00:55:03] [INFO] [orphan_orders_check] No orphan orders. active=1 known=2
[2026-08-03 00:55:03] [INFO] [orphan_orders_check] orphan order check finished: ok
[2026-08-03 00:55:03] [INFO] [orphan_orders_check] check_orphan_orders.py completed successfully
[2026-08-03 00:55:03] [INFO] [orphan_orders_check] Lock file removed.
[2026-08-03 01:00:03] [INFO] [orphan_orders_check] Running check_orphan_orders.py
[2026-08-03 01:00:04] [INFO] [orphan_orders_check] known order ids from live_state: [8774785275, 8774785282]
[2026-08-03 01:00:04] [INFO] [orphan_orders_check] No orphan orders. active=1 known=2
[2026-08-03 01:00:04] [INFO] [orphan_orders_check] orphan order check finished: ok
[2026-08-03 01:00:04] [INFO] [orphan_orders_check] check_orphan_orders.py completed successfully
[2026-08-03 01:00:04] [INFO] [orphan_orders_check] Lock file removed.
[2026-08-03 01:05:03] [INFO] [orphan_orders_check] Running check_orphan_orders.py
[2026-08-03 01:05:03] [INFO] [orphan_orders_check] known order ids from live_state: [8774785275, 8774785282]
[2026-08-03 01:05:03] [INFO] [orphan_orders_check] No orphan orders. active=1 known=2
[2026-08-03 01:05:03] [INFO] [orphan_orders_check] orphan order check finished: ok
[2026-08-03 01:05:03] [INFO] [orphan_orders_check] check_orphan_orders.py completed successfully
[2026-08-03 01:05:03] [INFO] [orphan_orders_check] Lock file removed.
[2026-08-03 01:10:03] [INFO] [orphan_orders_check] Running check_orphan_orders.py
[2026-08-03 01:10:03] [INFO] [orphan_orders_check] known order ids from live_state: [8774785275, 8774785282]
[2026-08-03 01:10:03] [INFO] [orphan_orders_check] No orphan orders. active=1 known=2
[2026-08-03 01:10:03] [INFO] [orphan_orders_check] orphan order check finished: ok
[2026-08-03 01:10:03] [INFO] [orphan_orders_check] check_orphan_orders.py completed successfully
[2026-08-03 01:10:03] [INFO] [orphan_orders_check] Lock file removed.
[2026-08-03 01:15:01] [INFO] [orphan_orders_check] Running check_orphan_orders.py
[2026-08-03 01:15:01] [INFO] [orphan_orders_check] known order ids from live_state: [8774785275, 8774785282]
[2026-08-03 01:15:01] [INFO] [orphan_orders_check] No orphan orders. active=1 known=2
[2026-08-03 01:15:01] [INFO] [orphan_orders_check] orphan order check finished: ok
[2026-08-03 01:15:01] [INFO] [orphan_orders_check] check_orphan_orders.py completed successfully
[2026-08-03 01:15:01] [INFO] [orphan_orders_check] Lock file removed.
[2026-08-03 01:20:03] [INFO] [orphan_orders_check] Running check_orphan_orders.py
[2026-08-03 01:20:03] [INFO] [orphan_orders_check] known order ids from live_state: [8774785275, 8774785282]
[2026-08-03 01:20:03] [INFO] [orphan_orders_check] No orphan orders. active=1 known=2
[2026-08-03 01:20:03] [INFO] [orphan_orders_check] orphan order check finished: ok
[2026-08-03 01:20:03] [INFO] [orphan_orders_check] check_orphan_orders.py completed successfully
[2026-08-03 01:20:03] [INFO] [orphan_orders_check] Lock file removed.
[2026-08-03 01:25:04] [INFO] [orphan_orders_check] Running check_orphan_orders.py
[2026-08-03 01:25:04] [INFO] [orphan_orders_check] known order ids from live_state: [8774785275, 8774785282]
[2026-08-03 01:25:05] [INFO] [orphan_orders_check] No orphan orders. active=1 known=2
[2026-08-03 01:25:05] [INFO] [orphan_orders_check] orphan order check finished: ok
[2026-08-03 01:25:05] [INFO] [orphan_orders_check] check_orphan_orders.py completed successfully
[2026-08-03 01:25:05] [INFO] [orphan_orders_check] Lock file removed.
[2026-08-03 01:30:03] [INFO] [orphan_orders_check] Running check_orphan_orders.py
[2026-08-03 01:30:03] [INFO] [orphan_orders_check] known order ids from live_state: [8774785275, 8774785282]
[2026-08-03 01:30:03] [INFO] [orphan_orders_check] No orphan orders. active=1 known=2
[2026-08-03 01:30:03] [INFO] [orphan_orders_check] orphan order check finished: ok
[2026-08-03 01:30:03] [INFO] [orphan_orders_check] check_orphan_orders.py completed successfully
[2026-08-03 01:30:03] [INFO] [orphan_orders_check] Lock file removed.
[2026-08-03 01:35:03] [INFO] [orphan_orders_check] Running check_orphan_orders.py
[2026-08-03 01:35:03] [INFO] [orphan_orders_check] known order ids from live_state: [8774785275, 8774785282]
[2026-08-03 01:35:03] [INFO] [orphan_orders_check] No orphan orders. active=1 known=2
[2026-08-03 01:35:03] [INFO] [orphan_orders_check] orphan order check finished: ok
[2026-08-03 01:35:03] [INFO] [orphan_orders_check] check_orphan_orders.py completed successfully
[2026-08-03 01:35:03] [INFO] [orphan_orders_check] Lock file removed.
[2026-08-03 01:40:00] [INFO] [orphan_orders_check] Running check_orphan_orders.py
[2026-08-03 01:40:00] [INFO] [orphan_orders_check] known order ids from live_state: [8774785275, 8774785282]
[2026-08-03 01:40:00] [INFO] [orphan_orders_check] No orphan orders. active=1 known=2
[2026-08-03 01:40:00] [INFO] [orphan_orders_check] orphan order check finished: ok
[2026-08-03 01:40:00] [INFO] [orphan_orders_check] check_orphan_orders.py completed successfully
[2026-08-03 01:40:00] [INFO] [orphan_orders_check] Lock file removed.
[2026-08-03 01:45:01] [INFO] [orphan_orders_check] Running check_orphan_orders.py
[2026-08-03 01:45:01] [INFO] [orphan_orders_check] known order ids from live_state: [8774785275, 8774785282]
[2026-08-03 01:45:01] [INFO] [orphan_orders_check] No orphan orders. active=1 known=2
[2026-08-03 01:45:01] [INFO] [orphan_orders_check] orphan order check finished: ok
[2026-08-03 01:45:01] [INFO] [orphan_orders_check] check_orphan_orders.py completed successfully
[2026-08-03 01:45:01] [INFO] [orphan_orders_check] Lock file removed.
[2026-08-03 01:50:03] [INFO] [orphan_orders_check] Running check_orphan_orders.py
[2026-08-03 01:50:03] [INFO] [orphan_orders_check] known order ids from live_state: [8774785275, 8774785282]
[2026-08-03 01:50:03] [INFO] [orphan_orders_check] No orphan orders. active=1 known=2
[2026-08-03 01:50:03] [INFO] [orphan_orders_check] orphan order check finished: ok
[2026-08-03 01:50:03] [INFO] [orphan_orders_check] check_orphan_orders.py completed successfully
[2026-08-03 01:50:03] [INFO] [orphan_orders_check] Lock file removed.
[2026-08-03 01:55:20] [INFO] [orphan_orders_check] Running check_orphan_orders.py
[2026-08-03 01:55:20] [INFO] [orphan_orders_check] known order ids from live_state: [8774785275, 8774785282]
[2026-08-03 01:55:20] [INFO] [orphan_orders_check] No orphan orders. active=1 known=2
[2026-08-03 01:55:20] [INFO] [orphan_orders_check] orphan order check finished: ok
[2026-08-03 01:55:20] [INFO] [orphan_orders_check] check_orphan_orders.py completed successfully
[2026-08-03 01:55:20] [INFO] [orphan_orders_check] Lock file removed.
[2026-08-03 02:00:03] [INFO] [orphan_orders_check] Running check_orphan_orders.py
[2026-08-03 02:00:03] [INFO] [orphan_orders_check] known order ids from live_state: [8774785275, 8774785282]
[2026-08-03 02:00:04] [INFO] [orphan_orders_check] No orphan orders. active=1 known=2
[2026-08-03 02:00:04] [INFO] [orphan_orders_check] orphan order check finished: ok
[2026-08-03 02:00:04] [INFO] [orphan_orders_check] check_orphan_orders.py completed successfully
[2026-08-03 02:00:04] [INFO] [orphan_orders_check] Lock file removed.
[2026-08-03 02:05:13] [INFO] [orphan_orders_check] Running check_orphan_orders.py
[2026-08-03 02:05:13] [INFO] [orphan_orders_check] known order ids from live_state: [8774785275, 8774785282]
[2026-08-03 02:05:13] [INFO] [orphan_orders_check] No orphan orders. active=1 known=2
[2026-08-03 02:05:13] [INFO] [orphan_orders_check] orphan order check finished: ok
[2026-08-03 02:05:13] [INFO] [orphan_orders_check] check_orphan_orders.py completed successfully
[2026-08-03 02:05:13] [INFO] [orphan_orders_check] Lock file removed.
[2026-08-03 02:10:03] [INFO] [orphan_orders_check] Running check_orphan_orders.py
[2026-08-03 02:10:03] [INFO] [orphan_orders_check] known order ids from live_state: [8774785275, 8774785282]
[2026-08-03 02:10:03] [INFO] [orphan_orders_check] No orphan orders. active=1 known=2
[2026-08-03 02:10:03] [INFO] [orphan_orders_check] orphan order check finished: ok
[2026-08-03 02:10:03] [INFO] [orphan_orders_check] check_orphan_orders.py completed successfully
[2026-08-03 02:10:03] [INFO] [orphan_orders_check] Lock file removed.
[2026-08-03 02:15:01] [INFO] [orphan_orders_check] Running check_orphan_orders.py
[2026-08-03 02:15:01] [INFO] [orphan_orders_check] known order ids from live_state: [8774785275, 8774785282]
[2026-08-03 02:15:01] [INFO] [orphan_orders_check] No orphan orders. active=1 known=2
[2026-08-03 02:15:01] [INFO] [orphan_orders_check] orphan order check finished: ok
[2026-08-03 02:15:01] [INFO] [orphan_orders_check] check_orphan_orders.py completed successfully
[2026-08-03 02:15:01] [INFO] [orphan_orders_check] Lock file removed.
[2026-08-03 02:20:03] [INFO] [orphan_orders_check] Running check_orphan_orders.py
[2026-08-03 02:20:03] [INFO] [orphan_orders_check] known order ids from live_state: [8774785275, 8774785282]
[2026-08-03 02:20:03] [INFO] [orphan_orders_check] No orphan orders. active=1 known=2
[2026-08-03 02:20:03] [INFO] [orphan_orders_check] orphan order check finished: ok
[2026-08-03 02:20:03] [INFO] [orphan_orders_check] check_orphan_orders.py completed successfully
[2026-08-03 02:20:03] [INFO] [orphan_orders_check] Lock file removed.
[2026-08-03 02:25:20] [INFO] [orphan_orders_check] Running check_orphan_orders.py
[2026-08-03 02:25:20] [INFO] [orphan_orders_check] known order ids from live_state: [8775151244]
[2026-08-03 02:25:20] [INFO] [orphan_orders_check] No orphan orders. active=0 known=1
[2026-08-03 02:25:20] [INFO] [orphan_orders_check] orphan order check finished: ok
[2026-08-03 02:25:20] [INFO] [orphan_orders_check] check_orphan_orders.py completed successfully
[2026-08-03 02:25:20] [INFO] [orphan_orders_check] Lock file removed.
[2026-08-03 02:30:03] [INFO] [orphan_orders_check] Running check_orphan_orders.py
[2026-08-03 02:30:03] [INFO] [orphan_orders_check] known order ids from live_state: [8775151254, 8775151288]
[2026-08-03 02:30:03] [INFO] [orphan_orders_check] No orphan orders. active=1 known=2
[2026-08-03 02:30:03] [INFO] [orphan_orders_check] orphan order check finished: ok
[2026-08-03 02:30:03] [INFO] [orphan_orders_check] check_orphan_orders.py completed successfully
[2026-08-03 02:30:03] [INFO] [orphan_orders_check] Lock file removed.
[2026-08-03 02:35:03] [INFO] [orphan_orders_check] Running check_orphan_orders.py
[2026-08-03 02:35:03] [INFO] [orphan_orders_check] known order ids from live_state: [8775151254, 8775151288]
[2026-08-03 02:35:03] [INFO] [orphan_orders_check] No orphan orders. active=1 known=2
[2026-08-03 02:35:03] [INFO] [orphan_orders_check] orphan order check finished: ok
[2026-08-03 02:35:03] [INFO] [orphan_orders_check] check_orphan_orders.py completed successfully
[2026-08-03 02:35:03] [INFO] [orphan_orders_check] Lock file removed.
[2026-08-03 02:40:03] [INFO] [orphan_orders_check] Running check_orphan_orders.py
[2026-08-03 02:40:03] [INFO] [orphan_orders_check] known order ids from live_state: [8775151254, 8775151288]
[2026-08-03 02:40:03] [INFO] [orphan_orders_check] No orphan orders. active=1 known=2
[2026-08-03 02:40:03] [INFO] [orphan_orders_check] orphan order check finished: ok
[2026-08-03 02:40:03] [INFO] [orphan_orders_check] check_orphan_orders.py completed successfully
[2026-08-03 02:40:03] [INFO] [orphan_orders_check] Lock file removed.
[2026-08-03 02:45:01] [INFO] [orphan_orders_check] Running check_orphan_orders.py
[2026-08-03 02:45:01] [INFO] [orphan_orders_check] known order ids from live_state: [8775151254, 8775151288]
[2026-08-03 02:45:01] [INFO] [orphan_orders_check] No orphan orders. active=1 known=2
[2026-08-03 02:45:01] [INFO] [orphan_orders_check] orphan order check finished: ok
[2026-08-03 02:45:01] [INFO] [orphan_orders_check] check_orphan_orders.py completed successfully
[2026-08-03 02:45:01] [INFO] [orphan_orders_check] Lock file removed.
[2026-08-03 02:50:03] [INFO] [orphan_orders_check] Running check_orphan_orders.py
[2026-08-03 02:50:03] [INFO] [orphan_orders_check] known order ids from live_state: [8775151254, 8775151288]
[2026-08-03 02:50:03] [INFO] [orphan_orders_check] No orphan orders. active=1 known=2
[2026-08-03 02:50:03] [INFO] [orphan_orders_check] orphan order check finished: ok
[2026-08-03 02:50:03] [INFO] [orphan_orders_check] check_orphan_orders.py completed successfully
[2026-08-03 02:50:03] [INFO] [orphan_orders_check] Lock file removed.
[2026-08-03 02:55:03] [INFO] [orphan_orders_check] Running check_orphan_orders.py
[2026-08-03 02:55:03] [INFO] [orphan_orders_check] known order ids from live_state: [8775151254, 8775151288]
[2026-08-03 02:55:03] [INFO] [orphan_orders_check] No orphan orders. active=1 known=2
[2026-08-03 02:55:03] [INFO] [orphan_orders_check] orphan order check finished: ok
[2026-08-03 02:55:03] [INFO] [orphan_orders_check] check_orphan_orders.py completed successfully
[2026-08-03 02:55:03] [INFO] [orphan_orders_check] Lock file removed.
[2026-08-03 03:00:02] [INFO] [orphan_orders_check] Running check_orphan_orders.py
[2026-08-03 03:00:03] [INFO] [orphan_orders_check] known order ids from live_state: [8775151254, 8775151288]
[2026-08-03 03:00:03] [INFO] [orphan_orders_check] No orphan orders. active=1 known=2
[2026-08-03 03:00:03] [INFO] [orphan_orders_check] orphan order check finished: ok
[2026-08-03 03:00:03] [INFO] [orphan_orders_check] check_orphan_orders.py completed successfully
[2026-08-03 03:00:03] [INFO] [orphan_orders_check] Lock file removed.
[2026-08-03 03:05:03] [INFO] [orphan_orders_check] Running check_orphan_orders.py
[2026-08-03 03:05:03] [INFO] [orphan_orders_check] known order ids from live_state: [8775151254, 8775151288]
[2026-08-03 03:05:03] [INFO] [orphan_orders_check] No orphan orders. active=1 known=2
[2026-08-03 03:05:03] [INFO] [orphan_orders_check] orphan order check finished: ok
[2026-08-03 03:05:03] [INFO] [orphan_orders_check] check_orphan_orders.py completed successfully
[2026-08-03 03:05:03] [INFO] [orphan_orders_check] Lock file removed.
[2026-08-03 03:10:03] [INFO] [orphan_orders_check] Running check_orphan_orders.py
[2026-08-03 03:10:03] [INFO] [orphan_orders_check] known order ids from live_state: [8775151254, 8775151288]
[2026-08-03 03:10:03] [INFO] [orphan_orders_check] No orphan orders. active=1 known=2
[2026-08-03 03:10:03] [INFO] [orphan_orders_check] orphan order check finished: ok
[2026-08-03 03:10:03] [INFO] [orphan_orders_check] check_orphan_orders.py completed successfully
[2026-08-03 03:10:03] [INFO] [orphan_orders_check] Lock file removed.
[2026-08-03 03:15:01] [INFO] [orphan_orders_check] Running check_orphan_orders.py
[2026-08-03 03:15:01] [INFO] [orphan_orders_check] known order ids from live_state: [8775151254, 8775151288]
[2026-08-03 03:15:01] [INFO] [orphan_orders_check] No orphan orders. active=1 known=2
[2026-08-03 03:15:01] [INFO] [orphan_orders_check] orphan order check finished: ok
[2026-08-03 03:15:01] [INFO] [orphan_orders_check] check_orphan_orders.py completed successfully
[2026-08-03 03:15:01] [INFO] [orphan_orders_check] Lock file removed.
[2026-08-03 03:20:03] [INFO] [orphan_orders_check] Running check_orphan_orders.py
[2026-08-03 03:20:03] [INFO] [orphan_orders_check] known order ids from live_state: [8775151254, 8775151288]
[2026-08-03 03:20:03] [INFO] [orphan_orders_check] No orphan orders. active=1 known=2
[2026-08-03 03:20:03] [INFO] [orphan_orders_check] orphan order check finished: ok
[2026-08-03 03:20:03] [INFO] [orphan_orders_check] check_orphan_orders.py completed successfully
[2026-08-03 03:20:03] [INFO] [orphan_orders_check] Lock file removed.
[2026-08-03 03:25:03] [INFO] [orphan_orders_check] Running check_orphan_orders.py
[2026-08-03 03:25:03] [INFO] [orphan_orders_check] known order ids from live_state: [8775151254, 8775151288]
[2026-08-03 03:25:03] [INFO] [orphan_orders_check] No orphan orders. active=1 known=2
[2026-08-03 03:25:03] [INFO] [orphan_orders_check] orphan order check finished: ok
[2026-08-03 03:25:03] [INFO] [orphan_orders_check] check_orphan_orders.py completed successfully
[2026-08-03 03:25:03] [INFO] [orphan_orders_check] Lock file removed.
[2026-08-03 03:30:03] [INFO] [orphan_orders_check] Running check_orphan_orders.py
[2026-08-03 03:30:03] [INFO] [orphan_orders_check] known order ids from live_state: [8775151254, 8775151288]
[2026-08-03 03:30:03] [INFO] [orphan_orders_check] No orphan orders. active=1 known=2
[2026-08-03 03:30:03] [INFO] [orphan_orders_check] orphan order check finished: ok
[2026-08-03 03:30:04] [INFO] [orphan_orders_check] check_orphan_orders.py completed successfully
[2026-08-03 03:30:04] [INFO] [orphan_orders_check] Lock file removed.
[2026-08-03 03:35:03] [INFO] [orphan_orders_check] Running check_orphan_orders.py
[2026-08-03 03:35:03] [INFO] [orphan_orders_check] known order ids from live_state: [8775151254, 8775151288]
[2026-08-03 03:35:03] [INFO] [orphan_orders_check] No orphan orders. active=1 known=2
[2026-08-03 03:35:03] [INFO] [orphan_orders_check] orphan order check finished: ok
[2026-08-03 03:35:03] [INFO] [orphan_orders_check] check_orphan_orders.py completed successfully
[2026-08-03 03:35:03] [INFO] [orphan_orders_check] Lock file removed.
[2026-08-03 03:40:03] [INFO] [orphan_orders_check] Running check_orphan_orders.py
[2026-08-03 03:40:03] [INFO] [orphan_orders_check] known order ids from live_state: [8775259884]
[2026-08-03 03:40:03] [INFO] [orphan_orders_check] No orphan orders. active=1 known=1
[2026-08-03 03:40:03] [INFO] [orphan_orders_check] orphan order check finished: ok
[2026-08-03 03:40:03] [INFO] [orphan_orders_check] check_orphan_orders.py completed successfully
[2026-08-03 03:40:03] [INFO] [orphan_orders_check] Lock file removed.
[2026-08-03 03:45:01] [INFO] [orphan_orders_check] Running check_orphan_orders.py
[2026-08-03 03:45:01] [INFO] [orphan_orders_check] known order ids from live_state: [8775304435, 8775304456]
[2026-08-03 03:45:01] [INFO] [orphan_orders_check] No orphan orders. active=1 known=2
[2026-08-03 03:45:01] [INFO] [orphan_orders_check] orphan order check finished: ok
[2026-08-03 03:45:02] [INFO] [orphan_orders_check] check_orphan_orders.py completed successfully
[2026-08-03 03:45:02] [INFO] [orphan_orders_check] Lock file removed.
[2026-08-03 03:50:03] [INFO] [orphan_orders_check] Running check_orphan_orders.py
[2026-08-03 03:50:03] [INFO] [orphan_orders_check] known order ids from live_state: [8775305022]
[2026-08-03 03:50:03] [INFO] [orphan_orders_check] No orphan orders. active=1 known=1
[2026-08-03 03:50:03] [INFO] [orphan_orders_check] orphan order check finished: ok
[2026-08-03 03:50:03] [INFO] [orphan_orders_check] check_orphan_orders.py completed successfully
[2026-08-03 03:50:03] [INFO] [orphan_orders_check] Lock file removed.
[2026-08-03 03:55:20] [INFO] [orphan_orders_check] Running check_orphan_orders.py
[2026-08-03 03:55:20] [INFO] [orphan_orders_check] known order ids from live_state: [8775331734]
[2026-08-03 03:55:20] [INFO] [orphan_orders_check] No orphan orders. active=1 known=1
[2026-08-03 03:55:20] [INFO] [orphan_orders_check] orphan order check finished: ok
[2026-08-03 03:55:20] [INFO] [orphan_orders_check] check_orphan_orders.py completed successfully
[2026-08-03 03:55:20] [INFO] [orphan_orders_check] Lock file removed.
[2026-08-03 04:00:03] [INFO] [orphan_orders_check] Running check_orphan_orders.py
[2026-08-03 04:00:04] [INFO] [orphan_orders_check] known order ids from live_state: [8775331808]
[2026-08-03 04:00:04] [INFO] [orphan_orders_check] No orphan orders. active=1 known=1
[2026-08-03 04:00:04] [INFO] [orphan_orders_check] orphan order check finished: ok
[2026-08-03 04:00:04] [INFO] [orphan_orders_check] check_orphan_orders.py completed successfully
[2026-08-03 04:00:04] [INFO] [orphan_orders_check] Lock file removed.
[2026-08-03 04:05:10] [INFO] [orphan_orders_check] Running check_orphan_orders.py
[2026-08-03 04:05:10] [INFO] [orphan_orders_check] known order ids from live_state: [8775331808, 8775331871]
[2026-08-03 04:05:10] [INFO] [orphan_orders_check] No orphan orders. active=1 known=2
[2026-08-03 04:05:10] [INFO] [orphan_orders_check] orphan order check finished: ok
[2026-08-03 04:05:11] [INFO] [orphan_orders_check] check_orphan_orders.py completed successfully
[2026-08-03 04:05:11] [INFO] [orphan_orders_check] Lock file removed.
[2026-08-03 04:10:03] [INFO] [orphan_orders_check] Running check_orphan_orders.py
[2026-08-03 04:10:03] [INFO] [orphan_orders_check] known order ids from live_state: [8775331808, 8775331871]
[2026-08-03 04:10:03] [INFO] [orphan_orders_check] No orphan orders. active=1 known=2
[2026-08-03 04:10:03] [INFO] [orphan_orders_check] orphan order check finished: ok
[2026-08-03 04:10:03] [INFO] [orphan_orders_check] check_orphan_orders.py completed successfully
[2026-08-03 04:10:03] [INFO] [orphan_orders_check] Lock file removed.
[2026-08-03 04:15:01] [INFO] [orphan_orders_check] Running check_orphan_orders.py
[2026-08-03 04:15:01] [INFO] [orphan_orders_check] known order ids from live_state: [8775331808, 8775331871]
[2026-08-03 04:15:01] [INFO] [orphan_orders_check] No orphan orders. active=1 known=2
[2026-08-03 04:15:01] [INFO] [orphan_orders_check] orphan order check finished: ok
[2026-08-03 04:15:02] [INFO] [orphan_orders_check] check_orphan_orders.py completed successfully
[2026-08-03 04:15:02] [INFO] [orphan_orders_check] Lock file removed.
[2026-08-03 04:20:03] [INFO] [orphan_orders_check] Running check_orphan_orders.py
[2026-08-03 04:20:03] [INFO] [orphan_orders_check] known order ids from live_state: [8775331808, 8775331871]
[2026-08-03 04:20:03] [INFO] [orphan_orders_check] No orphan orders. active=1 known=2
[2026-08-03 04:20:03] [INFO] [orphan_orders_check] orphan order check finished: ok
[2026-08-03 04:20:03] [INFO] [orphan_orders_check] check_orphan_orders.py completed successfully
[2026-08-03 04:20:03] [INFO] [orphan_orders_check] Lock file removed.
[2026-08-03 04:25:03] [INFO] [orphan_orders_check] Running check_orphan_orders.py
[2026-08-03 04:25:03] [INFO] [orphan_orders_check] known order ids from live_state: [8775331808, 8775331871]
[2026-08-03 04:25:03] [INFO] [orphan_orders_check] No orphan orders. active=1 known=2
[2026-08-03 04:25:03] [INFO] [orphan_orders_check] orphan order check finished: ok
[2026-08-03 04:25:03] [INFO] [orphan_orders_check] check_orphan_orders.py completed successfully
[2026-08-03 04:25:03] [INFO] [orphan_orders_check] Lock file removed.
[2026-08-03 04:30:03] [INFO] [orphan_orders_check] Running check_orphan_orders.py
[2026-08-03 04:30:03] [INFO] [orphan_orders_check] known order ids from live_state: [8775331808, 8775331871]
[2026-08-03 04:30:03] [INFO] [orphan_orders_check] No orphan orders. active=1 known=2
[2026-08-03 04:30:03] [INFO] [orphan_orders_check] orphan order check finished: ok
[2026-08-03 04:30:03] [INFO] [orphan_orders_check] check_orphan_orders.py completed successfully
[2026-08-03 04:30:03] [INFO] [orphan_orders_check] Lock file removed.
[2026-08-03 04:35:03] [INFO] [orphan_orders_check] Running check_orphan_orders.py
[2026-08-03 04:35:04] [INFO] [orphan_orders_check] known order ids from live_state: [8775331808, 8775331871]
[2026-08-03 04:35:04] [INFO] [orphan_orders_check] No orphan orders. active=1 known=2
[2026-08-03 04:35:04] [INFO] [orphan_orders_check] orphan order check finished: ok
[2026-08-03 04:35:04] [INFO] [orphan_orders_check] check_orphan_orders.py completed successfully
[2026-08-03 04:35:04] [INFO] [orphan_orders_check] Lock file removed.
[2026-08-03 04:40:03] [INFO] [orphan_orders_check] Running check_orphan_orders.py
[2026-08-03 04:40:03] [INFO] [orphan_orders_check] known order ids from live_state: [8775331808, 8775331871]
[2026-08-03 04:40:03] [INFO] [orphan_orders_check] No orphan orders. active=1 known=2
[2026-08-03 04:40:03] [INFO] [orphan_orders_check] orphan order check finished: ok
[2026-08-03 04:40:03] [INFO] [orphan_orders_check] check_orphan_orders.py completed successfully
[2026-08-03 04:40:03] [INFO] [orphan_orders_check] Lock file removed.
[2026-08-03 04:45:01] [INFO] [orphan_orders_check] Running check_orphan_orders.py
[2026-08-03 04:45:01] [INFO] [orphan_orders_check] known order ids from live_state: [8775331808, 8775331871]
[2026-08-03 04:45:02] [INFO] [orphan_orders_check] No orphan orders. active=1 known=2
[2026-08-03 04:45:02] [INFO] [orphan_orders_check] orphan order check finished: ok
[2026-08-03 04:45:02] [INFO] [orphan_orders_check] check_orphan_orders.py completed successfully
[2026-08-03 04:45:02] [INFO] [orphan_orders_check] Lock file removed.
[2026-08-03 04:50:03] [INFO] [orphan_orders_check] Running check_orphan_orders.py
[2026-08-03 04:50:03] [INFO] [orphan_orders_check] known order ids from live_state: [8775331808, 8775331871]
[2026-08-03 04:50:03] [INFO] [orphan_orders_check] No orphan orders. active=1 known=2
[2026-08-03 04:50:03] [INFO] [orphan_orders_check] orphan order check finished: ok
[2026-08-03 04:50:03] [INFO] [orphan_orders_check] check_orphan_orders.py completed successfully
[2026-08-03 04:50:03] [INFO] [orphan_orders_check] Lock file removed.
[2026-08-03 04:55:03] [INFO] [orphan_orders_check] Running check_orphan_orders.py
[2026-08-03 04:55:03] [INFO] [orphan_orders_check] known order ids from live_state: [8775331808, 8775331871]
[2026-08-03 04:55:03] [INFO] [orphan_orders_check] No orphan orders. active=1 known=2
[2026-08-03 04:55:03] [INFO] [orphan_orders_check] orphan order check finished: ok
[2026-08-03 04:55:03] [INFO] [orphan_orders_check] check_orphan_orders.py completed successfully
[2026-08-03 04:55:03] [INFO] [orphan_orders_check] Lock file removed.
[2026-08-03 05:00:03] [INFO] [orphan_orders_check] Running check_orphan_orders.py
[2026-08-03 05:00:03] [INFO] [orphan_orders_check] known order ids from live_state: [8775331808, 8775331871]
[2026-08-03 05:00:04] [INFO] [orphan_orders_check] No orphan orders. active=1 known=2
[2026-08-03 05:00:04] [INFO] [orphan_orders_check] orphan order check finished: ok
[2026-08-03 05:00:04] [INFO] [orphan_orders_check] check_orphan_orders.py completed successfully
[2026-08-03 05:00:04] [INFO] [orphan_orders_check] Lock file removed.
[2026-08-03 05:05:03] [INFO] [orphan_orders_check] Running check_orphan_orders.py
[2026-08-03 05:05:03] [INFO] [orphan_orders_check] known order ids from live_state: [8775331808, 8775331871]
[2026-08-03 05:05:03] [INFO] [orphan_orders_check] No orphan orders. active=1 known=2
[2026-08-03 05:05:03] [INFO] [orphan_orders_check] orphan order check finished: ok
[2026-08-03 05:05:04] [INFO] [orphan_orders_check] check_orphan_orders.py completed successfully
[2026-08-03 05:05:04] [INFO] [orphan_orders_check] Lock file removed.
[2026-08-03 05:10:03] [INFO] [orphan_orders_check] Running check_orphan_orders.py
[2026-08-03 05:10:03] [INFO] [orphan_orders_check] known order ids from live_state: [8775331808, 8775331871]
[2026-08-03 05:10:03] [INFO] [orphan_orders_check] No orphan orders. active=1 known=2
[2026-08-03 05:10:03] [INFO] [orphan_orders_check] orphan order check finished: ok
[2026-08-03 05:10:03] [INFO] [orphan_orders_check] check_orphan_orders.py completed successfully
[2026-08-03 05:10:03] [INFO] [orphan_orders_check] Lock file removed.
[2026-08-03 05:15:01] [INFO] [orphan_orders_check] Running check_orphan_orders.py
[2026-08-03 05:15:01] [INFO] [orphan_orders_check] known order ids from live_state: [8775331808, 8775331871]
[2026-08-03 05:15:02] [INFO] [orphan_orders_check] No orphan orders. active=1 known=2
[2026-08-03 05:15:02] [INFO] [orphan_orders_check] orphan order check finished: ok
[2026-08-03 05:15:02] [INFO] [orphan_orders_check] check_orphan_orders.py completed successfully
[2026-08-03 05:15:02] [INFO] [orphan_orders_check] Lock file removed.
[2026-08-03 05:20:03] [INFO] [orphan_orders_check] Running check_orphan_orders.py
[2026-08-03 05:20:03] [INFO] [orphan_orders_check] known order ids from live_state: [8775331808, 8775331871]
[2026-08-03 05:20:03] [INFO] [orphan_orders_check] No orphan orders. active=1 known=2
[2026-08-03 05:20:03] [INFO] [orphan_orders_check] orphan order check finished: ok
[2026-08-03 05:20:03] [INFO] [orphan_orders_check] check_orphan_orders.py completed successfully
[2026-08-03 05:20:03] [INFO] [orphan_orders_check] Lock file removed.
[2026-08-03 05:25:13] [INFO] [orphan_orders_check] Running check_orphan_orders.py
[2026-08-03 05:25:13] [INFO] [orphan_orders_check] known order ids from live_state: [8775331808, 8775331871]
[2026-08-03 05:25:13] [INFO] [orphan_orders_check] No orphan orders. active=1 known=2
[2026-08-03 05:25:13] [INFO] [orphan_orders_check] orphan order check finished: ok
[2026-08-03 05:25:13] [INFO] [orphan_orders_check] check_orphan_orders.py completed successfully
[2026-08-03 05:25:13] [INFO] [orphan_orders_check] Lock file removed.
[2026-08-03 05:30:03] [INFO] [orphan_orders_check] Running check_orphan_orders.py
[2026-08-03 05:30:03] [INFO] [orphan_orders_check] known order ids from live_state: [8775331808, 8775331871]
[2026-08-03 05:30:03] [INFO] [orphan_orders_check] No orphan orders. active=1 known=2
[2026-08-03 05:30:03] [INFO] [orphan_orders_check] orphan order check finished: ok
[2026-08-03 05:30:03] [INFO] [orphan_orders_check] check_orphan_orders.py completed successfully
[2026-08-03 05:30:03] [INFO] [orphan_orders_check] Lock file removed.
[2026-08-03 05:35:20] [INFO] [orphan_orders_check] Running check_orphan_orders.py
[2026-08-03 05:35:20] [INFO] [orphan_orders_check] known order ids from live_state: [8775331808, 8775331871]
[2026-08-03 05:35:20] [INFO] [orphan_orders_check] No orphan orders. active=1 known=2
[2026-08-03 05:35:20] [INFO] [orphan_orders_check] orphan order check finished: ok
[2026-08-03 05:35:20] [INFO] [orphan_orders_check] check_orphan_orders.py completed successfully
[2026-08-03 05:35:20] [INFO] [orphan_orders_check] Lock file removed.
[2026-08-03 05:40:03] [INFO] [orphan_orders_check] Running check_orphan_orders.py
[2026-08-03 05:40:03] [INFO] [orphan_orders_check] known order ids from live_state: [8775331808, 8775331871]
[2026-08-03 05:40:03] [INFO] [orphan_orders_check] No orphan orders. active=1 known=2
[2026-08-03 05:40:03] [INFO] [orphan_orders_check] orphan order check finished: ok
[2026-08-03 05:40:03] [INFO] [orphan_orders_check] check_orphan_orders.py completed successfully
[2026-08-03 05:40:03] [INFO] [orphan_orders_check] Lock file removed.
[2026-08-03 05:45:01] [INFO] [orphan_orders_check] Running check_orphan_orders.py
[2026-08-03 05:45:02] [INFO] [orphan_orders_check] known order ids from live_state: [8775331808, 8775331871]
[2026-08-03 05:45:02] [INFO] [orphan_orders_check] No orphan orders. active=1 known=2
[2026-08-03 05:45:02] [INFO] [orphan_orders_check] orphan order check finished: ok
[2026-08-03 05:45:02] [INFO] [orphan_orders_check] check_orphan_orders.py completed successfully
[2026-08-03 05:45:02] [INFO] [orphan_orders_check] Lock file removed.
[2026-08-03 05:50:03] [INFO] [orphan_orders_check] Running check_orphan_orders.py
[2026-08-03 05:50:03] [INFO] [orphan_orders_check] known order ids from live_state: [8775331808, 8775331871]
[2026-08-03 05:50:03] [INFO] [orphan_orders_check] No orphan orders. active=1 known=2
[2026-08-03 05:50:03] [INFO] [orphan_orders_check] orphan order check finished: ok
[2026-08-03 05:50:03] [INFO] [orphan_orders_check] check_orphan_orders.py completed successfully
[2026-08-03 05:50:03] [INFO] [orphan_orders_check] Lock file removed.
[2026-08-03 05:55:02] [INFO] [orphan_orders_check] Running check_orphan_orders.py
[2026-08-03 05:55:02] [INFO] [orphan_orders_check] known order ids from live_state: [8775331808, 8775331871]
[2026-08-03 05:55:02] [INFO] [orphan_orders_check] No orphan orders. active=1 known=2
[2026-08-03 05:55:02] [INFO] [orphan_orders_check] orphan order check finished: ok
[2026-08-03 05:55:02] [INFO] [orphan_orders_check] check_orphan_orders.py completed successfully
[2026-08-03 05:55:02] [INFO] [orphan_orders_check] Lock file removed.
[2026-08-03 06:00:03] [INFO] [orphan_orders_check] Running check_orphan_orders.py
[2026-08-03 06:00:03] [INFO] [orphan_orders_check] known order ids from live_state: [8775331808, 8775331871]
[2026-08-03 06:00:04] [INFO] [orphan_orders_check] No orphan orders. active=1 known=2
[2026-08-03 06:00:04] [INFO] [orphan_orders_check] orphan order check finished: ok
[2026-08-03 06:00:04] [INFO] [orphan_orders_check] check_orphan_orders.py completed successfully
[2026-08-03 06:00:04] [INFO] [orphan_orders_check] Lock file removed.
[2026-08-03 06:05:20] [INFO] [orphan_orders_check] Running check_orphan_orders.py
[2026-08-03 06:05:20] [INFO] [orphan_orders_check] known order ids from live_state: [8775331808, 8775331871]
[2026-08-03 06:05:20] [INFO] [orphan_orders_check] No orphan orders. active=0 known=2
[2026-08-03 06:05:20] [INFO] [orphan_orders_check] orphan order check finished: ok
[2026-08-03 06:05:20] [INFO] [orphan_orders_check] check_orphan_orders.py completed successfully
[2026-08-03 06:05:20] [INFO] [orphan_orders_check] Lock file removed.
[2026-08-03 06:10:00] [INFO] [orphan_orders_check] Running check_orphan_orders.py
[2026-08-03 06:10:00] [INFO] [orphan_orders_check] known order ids from live_state: [8775331808, 8775331871]
[2026-08-03 06:10:00] [INFO] [orphan_orders_check] No orphan orders. active=0 known=2
[2026-08-03 06:10:00] [INFO] [orphan_orders_check] orphan order check finished: ok
[2026-08-03 06:10:00] [INFO] [orphan_orders_check] check_orphan_orders.py completed successfully
[2026-08-03 06:10:00] [INFO] [orphan_orders_check] Lock file removed.
[2026-08-03 06:15:01] [INFO] [orphan_orders_check] Running check_orphan_orders.py
[2026-08-03 06:15:02] [INFO] [orphan_orders_check] known order ids from live_state: []
[2026-08-03 06:15:02] [INFO] [orphan_orders_check] No orphan orders. active=0 known=0
[2026-08-03 06:15:02] [INFO] [orphan_orders_check] orphan order check finished: ok
[2026-08-03 06:15:02] [INFO] [orphan_orders_check] check_orphan_orders.py completed successfully
[2026-08-03 06:15:02] [INFO] [orphan_orders_check] Lock file removed.
[2026-08-03 06:20:03] [INFO] [orphan_orders_check] Running check_orphan_orders.py
[2026-08-03 06:20:03] [INFO] [orphan_orders_check] known order ids from live_state: []
[2026-08-03 06:20:04] [INFO] [orphan_orders_check] No orphan orders. active=0 known=0
[2026-08-03 06:20:04] [INFO] [orphan_orders_check] orphan order check finished: ok
[2026-08-03 06:20:04] [INFO] [orphan_orders_check] check_orphan_orders.py completed successfully
[2026-08-03 06:20:04] [INFO] [orphan_orders_check] Lock file removed.
[2026-08-03 06:25:20] [INFO] [orphan_orders_check] Running check_orphan_orders.py
[2026-08-03 06:25:20] [INFO] [orphan_orders_check] known order ids from live_state: []
[2026-08-03 06:25:20] [INFO] [orphan_orders_check] No orphan orders. active=0 known=0
[2026-08-03 06:25:20] [INFO] [orphan_orders_check] orphan order check finished: ok
[2026-08-03 06:25:20] [INFO] [orphan_orders_check] check_orphan_orders.py completed successfully
[2026-08-03 06:25:20] [INFO] [orphan_orders_check] Lock file removed.
[2026-08-03 06:30:03] [INFO] [orphan_orders_check] Running check_orphan_orders.py
[2026-08-03 06:30:03] [INFO] [orphan_orders_check] known order ids from live_state: []
[2026-08-03 06:30:03] [INFO] [orphan_orders_check] No orphan orders. active=0 known=0
[2026-08-03 06:30:03] [INFO] [orphan_orders_check] orphan order check finished: ok
[2026-08-03 06:30:03] [INFO] [orphan_orders_check] check_orphan_orders.py completed successfully
[2026-08-03 06:30:03] [INFO] [orphan_orders_check] Lock file removed.
[2026-08-03 06:35:20] [INFO] [orphan_orders_check] Running check_orphan_orders.py
[2026-08-03 06:35:20] [INFO] [orphan_orders_check] known order ids from live_state: []
[2026-08-03 06:35:20] [INFO] [orphan_orders_check] No orphan orders. active=0 known=0
[2026-08-03 06:35:20] [INFO] [orphan_orders_check] orphan order check finished: ok
[2026-08-03 06:35:20] [INFO] [orphan_orders_check] check_orphan_orders.py completed successfully
[2026-08-03 06:35:20] [INFO] [orphan_orders_check] Lock file removed.
[2026-08-03 06:40:03] [INFO] [orphan_orders_check] Running check_orphan_orders.py
[2026-08-03 06:40:03] [INFO] [orphan_orders_check] known order ids from live_state: []
[2026-08-03 06:40:03] [INFO] [orphan_orders_check] No orphan orders. active=0 known=0
[2026-08-03 06:40:03] [INFO] [orphan_orders_check] orphan order check finished: ok
[2026-08-03 06:40:03] [INFO] [orphan_orders_check] check_orphan_orders.py completed successfully
[2026-08-03 06:40:03] [INFO] [orphan_orders_check] Lock file removed.
[2026-08-03 06:45:01] [INFO] [orphan_orders_check] Running check_orphan_orders.py
[2026-08-03 06:45:02] [INFO] [orphan_orders_check] known order ids from live_state: []
[2026-08-03 06:45:07] [INFO] [orphan_orders_check] No orphan orders. active=0 known=0
[2026-08-03 06:45:07] [INFO] [orphan_orders_check] orphan order check finished: ok
[2026-08-03 06:45:07] [INFO] [orphan_orders_check] check_orphan_orders.py completed successfully
[2026-08-03 06:45:07] [INFO] [orphan_orders_check] Lock file removed.
[2026-08-03 06:50:03] [INFO] [orphan_orders_check] Running check_orphan_orders.py
[2026-08-03 06:50:03] [INFO] [orphan_orders_check] known order ids from live_state: []
[2026-08-03 06:50:03] [INFO] [orphan_orders_check] No orphan orders. active=0 known=0
[2026-08-03 06:50:03] [INFO] [orphan_orders_check] orphan order check finished: ok
[2026-08-03 06:50:03] [INFO] [orphan_orders_check] check_orphan_orders.py completed successfully
[2026-08-03 06:50:03] [INFO] [orphan_orders_check] Lock file removed.
[2026-08-03 06:55:20] [INFO] [orphan_orders_check] Running check_orphan_orders.py
[2026-08-03 06:55:20] [INFO] [orphan_orders_check] known order ids from live_state: []
[2026-08-03 06:55:20] [INFO] [orphan_orders_check] No orphan orders. active=0 known=0
[2026-08-03 06:55:20] [INFO] [orphan_orders_check] orphan order check finished: ok
[2026-08-03 06:55:20] [INFO] [orphan_orders_check] check_orphan_orders.py completed successfully
[2026-08-03 06:55:20] [INFO] [orphan_orders_check] Lock file removed.
[2026-08-03 07:00:03] [INFO] [orphan_orders_check] Running check_orphan_orders.py
[2026-08-03 07:00:03] [INFO] [orphan_orders_check] known order ids from live_state: []
[2026-08-03 07:00:03] [INFO] [orphan_orders_check] No orphan orders. active=0 known=0
[2026-08-03 07:00:03] [INFO] [orphan_orders_check] orphan order check finished: ok
[2026-08-03 07:00:03] [INFO] [orphan_orders_check] check_orphan_orders.py completed successfully
[2026-08-03 07:00:03] [INFO] [orphan_orders_check] Lock file removed.
[2026-08-03 07:05:20] [INFO] [orphan_orders_check] Running check_orphan_orders.py
[2026-08-03 07:05:20] [INFO] [orphan_orders_check] known order ids from live_state: []
[2026-08-03 07:05:20] [INFO] [orphan_orders_check] No orphan orders. active=0 known=0
[2026-08-03 07:05:20] [INFO] [orphan_orders_check] orphan order check finished: ok
[2026-08-03 07:05:20] [INFO] [orphan_orders_check] check_orphan_orders.py completed successfully
[2026-08-03 07:05:20] [INFO] [orphan_orders_check] Lock file removed.
[2026-08-03 07:10:03] [INFO] [orphan_orders_check] Running check_orphan_orders.py
[2026-08-03 07:10:03] [INFO] [orphan_orders_check] known order ids from live_state: []
[2026-08-03 07:10:03] [INFO] [orphan_orders_check] No orphan orders. active=0 known=0
[2026-08-03 07:10:03] [INFO] [orphan_orders_check] orphan order check finished: ok
[2026-08-03 07:10:03] [INFO] [orphan_orders_check] check_orphan_orders.py completed successfully
[2026-08-03 07:10:03] [INFO] [orphan_orders_check] Lock file removed.
[2026-08-03 07:15:01] [INFO] [orphan_orders_check] Running check_orphan_orders.py
[2026-08-03 07:15:01] [INFO] [orphan_orders_check] known order ids from live_state: []
[2026-08-03 07:15:01] [INFO] [orphan_orders_check] No orphan orders. active=0 known=0
[2026-08-03 07:15:01] [INFO] [orphan_orders_check] orphan order check finished: ok
[2026-08-03 07:15:01] [INFO] [orphan_orders_check] check_orphan_orders.py completed successfully
[2026-08-03 07:15:01] [INFO] [orphan_orders_check] Lock file removed.
[2026-08-03 07:20:03] [INFO] [orphan_orders_check] Running check_orphan_orders.py
[2026-08-03 07:20:03] [INFO] [orphan_orders_check] known order ids from live_state: []
[2026-08-03 07:20:03] [INFO] [orphan_orders_check] No orphan orders. active=0 known=0
[2026-08-03 07:20:03] [INFO] [orphan_orders_check] orphan order check finished: ok
[2026-08-03 07:20:03] [INFO] [orphan_orders_check] check_orphan_orders.py completed successfully
[2026-08-03 07:20:03] [INFO] [orphan_orders_check] Lock file removed.
[2026-08-03 07:25:20] [INFO] [orphan_orders_check] Running check_orphan_orders.py
[2026-08-03 07:25:20] [INFO] [orphan_orders_check] known order ids from live_state: []
[2026-08-03 07:25:20] [INFO] [orphan_orders_check] No orphan orders. active=0 known=0
[2026-08-03 07:25:20] [INFO] [orphan_orders_check] orphan order check finished: ok
[2026-08-03 07:25:20] [INFO] [orphan_orders_check] check_orphan_orders.py completed successfully
[2026-08-03 07:25:20] [INFO] [orphan_orders_check] Lock file removed.
[2026-08-03 07:30:03] [INFO] [orphan_orders_check] Running check_orphan_orders.py
[2026-08-03 07:30:03] [INFO] [orphan_orders_check] known order ids from live_state: []
[2026-08-03 07:30:03] [INFO] [orphan_orders_check] No orphan orders. active=0 known=0
[2026-08-03 07:30:03] [INFO] [orphan_orders_check] orphan order check finished: ok
[2026-08-03 07:30:03] [INFO] [orphan_orders_check] check_orphan_orders.py completed successfully
[2026-08-03 07:30:03] [INFO] [orphan_orders_check] Lock file removed.
[2026-08-03 07:35:14] [INFO] [orphan_orders_check] Running check_orphan_orders.py
[2026-08-03 07:35:14] [INFO] [orphan_orders_check] known order ids from live_state: []
[2026-08-03 07:35:14] [INFO] [orphan_orders_check] No orphan orders. active=0 known=0
[2026-08-03 07:35:14] [INFO] [orphan_orders_check] orphan order check finished: ok
[2026-08-03 07:35:14] [INFO] [orphan_orders_check] check_orphan_orders.py completed successfully
[2026-08-03 07:35:14] [INFO] [orphan_orders_check] Lock file removed.
[2026-08-03 07:40:03] [INFO] [orphan_orders_check] Running check_orphan_orders.py
[2026-08-03 07:40:03] [INFO] [orphan_orders_check] known order ids from live_state: [8775728306, 8775728399]
[2026-08-03 07:40:03] [INFO] [orphan_orders_check] No orphan orders. active=1 known=2
[2026-08-03 07:40:03] [INFO] [orphan_orders_check] orphan order check finished: ok
[2026-08-03 07:40:03] [INFO] [orphan_orders_check] check_orphan_orders.py completed successfully
[2026-08-03 07:40:03] [INFO] [orphan_orders_check] Lock file removed.
[2026-08-03 07:45:02] [INFO] [orphan_orders_check] Running check_orphan_orders.py
[2026-08-03 07:45:02] [INFO] [orphan_orders_check] known order ids from live_state: []
[2026-08-03 07:45:02] [INFO] [orphan_orders_check] No orphan orders. active=0 known=0
[2026-08-03 07:45:02] [INFO] [orphan_orders_check] orphan order check finished: ok
[2026-08-03 07:45:02] [INFO] [orphan_orders_check] check_orphan_orders.py completed successfully
[2026-08-03 07:45:02] [INFO] [orphan_orders_check] Lock file removed.
[2026-08-03 07:50:03] [INFO] [orphan_orders_check] Running check_orphan_orders.py
[2026-08-03 07:50:03] [INFO] [orphan_orders_check] known order ids from live_state: [8775749666]
[2026-08-03 07:50:03] [INFO] [orphan_orders_check] No orphan orders. active=1 known=1
[2026-08-03 07:50:03] [INFO] [orphan_orders_check] orphan order check finished: ok
[2026-08-03 07:50:03] [INFO] [orphan_orders_check] check_orphan_orders.py completed successfully
[2026-08-03 07:50:03] [INFO] [orphan_orders_check] Lock file removed.
[2026-08-03 07:55:03] [INFO] [orphan_orders_check] Running check_orphan_orders.py
[2026-08-03 07:55:03] [INFO] [orphan_orders_check] known order ids from live_state: [8775750062, 8775750066]
[2026-08-03 07:55:03] [INFO] [orphan_orders_check] No orphan orders. active=1 known=2
[2026-08-03 07:55:03] [INFO] [orphan_orders_check] orphan order check finished: ok
[2026-08-03 07:55:03] [INFO] [orphan_orders_check] check_orphan_orders.py completed successfully
[2026-08-03 07:55:03] [INFO] [orphan_orders_check] Lock file removed.
[2026-08-03 08:00:03] [INFO] [orphan_orders_check] Running check_orphan_orders.py
[2026-08-03 08:00:03] [INFO] [orphan_orders_check] known order ids from live_state: [8775750062, 8775750066]
[2026-08-03 08:00:04] [INFO] [orphan_orders_check] No orphan orders. active=1 known=2
[2026-08-03 08:00:04] [INFO] [orphan_orders_check] orphan order check finished: ok
[2026-08-03 08:00:04] [INFO] [orphan_orders_check] check_orphan_orders.py completed successfully
[2026-08-03 08:00:04] [INFO] [orphan_orders_check] Lock file removed.
[2026-08-03 08:05:06] [INFO] [orphan_orders_check] Running check_orphan_orders.py
[2026-08-03 08:05:06] [INFO] [orphan_orders_check] known order ids from live_state: [8775750062, 8775750066]
[2026-08-03 08:05:06] [INFO] [orphan_orders_check] No orphan orders. active=1 known=2
[2026-08-03 08:05:06] [INFO] [orphan_orders_check] orphan order check finished: ok
[2026-08-03 08:05:06] [INFO] [orphan_orders_check] check_orphan_orders.py completed successfully
[2026-08-03 08:05:06] [INFO] [orphan_orders_check] Lock file removed.
[2026-08-03 08:10:03] [INFO] [orphan_orders_check] Running check_orphan_orders.py
[2026-08-03 08:10:03] [INFO] [orphan_orders_check] known order ids from live_state: [8775750062, 8775750066]
[2026-08-03 08:10:03] [INFO] [orphan_orders_check] No orphan orders. active=1 known=2
[2026-08-03 08:10:03] [INFO] [orphan_orders_check] orphan order check finished: ok
[2026-08-03 08:10:03] [INFO] [orphan_orders_check] check_orphan_orders.py completed successfully
[2026-08-03 08:10:03] [INFO] [orphan_orders_check] Lock file removed.
[2026-08-03 08:15:02] [INFO] [orphan_orders_check] Running check_orphan_orders.py
[2026-08-03 08:15:02] [INFO] [orphan_orders_check] known order ids from live_state: [8775750062, 8775750066]
[2026-08-03 08:15:02] [INFO] [orphan_orders_check] No orphan orders. active=1 known=2
[2026-08-03 08:15:02] [INFO] [orphan_orders_check] orphan order check finished: ok
[2026-08-03 08:15:02] [INFO] [orphan_orders_check] check_orphan_orders.py completed successfully
[2026-08-03 08:15:02] [INFO] [orphan_orders_check] Lock file removed.
[2026-08-03 08:20:02] [INFO] [orphan_orders_check] Running check_orphan_orders.py
[2026-08-03 08:20:02] [INFO] [orphan_orders_check] known order ids from live_state: [8775798965, 8775798969]
[2026-08-03 08:20:02] [INFO] [orphan_orders_check] No orphan orders. active=1 known=2
[2026-08-03 08:20:02] [INFO] [orphan_orders_check] orphan order check finished: ok
[2026-08-03 08:20:02] [INFO] [orphan_orders_check] check_orphan_orders.py completed successfully
[2026-08-03 08:20:02] [INFO] [orphan_orders_check] Lock file removed.
[2026-08-03 08:25:20] [INFO] [orphan_orders_check] Running check_orphan_orders.py
[2026-08-03 08:25:20] [INFO] [orphan_orders_check] known order ids from live_state: [8775798965, 8775798969]
[2026-08-03 08:25:20] [INFO] [orphan_orders_check] No orphan orders. active=1 known=2
[2026-08-03 08:25:20] [INFO] [orphan_orders_check] orphan order check finished: ok
[2026-08-03 08:25:20] [INFO] [orphan_orders_check] check_orphan_orders.py completed successfully
[2026-08-03 08:25:20] [INFO] [orphan_orders_check] Lock file removed.
[2026-08-03 08:30:03] [INFO] [orphan_orders_check] Running check_orphan_orders.py
[2026-08-03 08:30:03] [INFO] [orphan_orders_check] known order ids from live_state: [8775798965, 8775798969]
[2026-08-03 08:30:03] [INFO] [orphan_orders_check] No orphan orders. active=1 known=2
[2026-08-03 08:30:03] [INFO] [orphan_orders_check] orphan order check finished: ok
[2026-08-03 08:30:03] [INFO] [orphan_orders_check] check_orphan_orders.py completed successfully
[2026-08-03 08:30:03] [INFO] [orphan_orders_check] Lock file removed.
[2026-08-03 08:35:00] [INFO] [orphan_orders_check] Running check_orphan_orders.py
[2026-08-03 08:35:00] [INFO] [orphan_orders_check] known order ids from live_state: [8775847000, 8775847009]
[2026-08-03 08:35:00] [INFO] [orphan_orders_check] No orphan orders. active=1 known=2
[2026-08-03 08:35:00] [INFO] [orphan_orders_check] orphan order check finished: ok
[2026-08-03 08:35:00] [INFO] [orphan_orders_check] check_orphan_orders.py completed successfully
[2026-08-03 08:35:00] [INFO] [orphan_orders_check] Lock file removed.
[2026-08-03 08:40:03] [INFO] [orphan_orders_check] Running check_orphan_orders.py
[2026-08-03 08:40:03] [INFO] [orphan_orders_check] known order ids from live_state: [8775847000, 8775847009]
[2026-08-03 08:40:03] [INFO] [orphan_orders_check] No orphan orders. active=1 known=2
[2026-08-03 08:40:03] [INFO] [orphan_orders_check] orphan order check finished: ok
[2026-08-03 08:40:03] [INFO] [orphan_orders_check] check_orphan_orders.py completed successfully
[2026-08-03 08:40:03] [INFO] [orphan_orders_check] Lock file removed.
[2026-08-03 08:45:01] [INFO] [orphan_orders_check] Running check_orphan_orders.py
[2026-08-03 08:45:01] [INFO] [orphan_orders_check] known order ids from live_state: [8775847000, 8775847009]
[2026-08-03 08:45:01] [INFO] [orphan_orders_check] No orphan orders. active=1 known=2
[2026-08-03 08:45:01] [INFO] [orphan_orders_check] orphan order check finished: ok
[2026-08-03 08:45:01] [INFO] [orphan_orders_check] check_orphan_orders.py completed successfully
[2026-08-03 08:45:01] [INFO] [orphan_orders_check] Lock file removed.
[2026-08-03 08:50:03] [INFO] [orphan_orders_check] Running check_orphan_orders.py
[2026-08-03 08:50:03] [INFO] [orphan_orders_check] known order ids from live_state: [8775847000, 8775847009]
[2026-08-03 08:50:03] [INFO] [orphan_orders_check] No orphan orders. active=1 known=2
[2026-08-03 08:50:03] [INFO] [orphan_orders_check] orphan order check finished: ok
[2026-08-03 08:50:03] [INFO] [orphan_orders_check] check_orphan_orders.py completed successfully
[2026-08-03 08:50:03] [INFO] [orphan_orders_check] Lock file removed.
[2026-08-03 08:55:17] [INFO] [orphan_orders_check] Running check_orphan_orders.py
[2026-08-03 08:55:17] [INFO] [orphan_orders_check] known order ids from live_state: [8775847000, 8775847009]
[2026-08-03 08:55:17] [INFO] [orphan_orders_check] No orphan orders. active=1 known=2
[2026-08-03 08:55:17] [INFO] [orphan_orders_check] orphan order check finished: ok
[2026-08-03 08:55:18] [INFO] [orphan_orders_check] check_orphan_orders.py completed successfully
[2026-08-03 08:55:18] [INFO] [orphan_orders_check] Lock file removed.
[2026-08-03 09:00:03] [INFO] [orphan_orders_check] Running check_orphan_orders.py
[2026-08-03 09:00:03] [INFO] [orphan_orders_check] known order ids from live_state: [8775847000, 8775847009]
[2026-08-03 09:00:04] [INFO] [orphan_orders_check] No orphan orders. active=1 known=2
[2026-08-03 09:00:04] [INFO] [orphan_orders_check] orphan order check finished: ok
[2026-08-03 09:00:04] [INFO] [orphan_orders_check] check_orphan_orders.py completed successfully
[2026-08-03 09:00:04] [INFO] [orphan_orders_check] Lock file removed.
[2026-08-03 09:05:00] [INFO] [orphan_orders_check] Running check_orphan_orders.py
[2026-08-03 09:05:00] [INFO] [orphan_orders_check] known order ids from live_state: []
[2026-08-03 09:05:01] [INFO] [orphan_orders_check] No orphan orders. active=0 known=0
[2026-08-03 09:05:01] [INFO] [orphan_orders_check] orphan order check finished: ok
[2026-08-03 09:05:01] [INFO] [orphan_orders_check] check_orphan_orders.py completed successfully
[2026-08-03 09:05:01] [INFO] [orphan_orders_check] Lock file removed.
[2026-08-03 09:10:03] [INFO] [orphan_orders_check] Running check_orphan_orders.py
[2026-08-03 09:10:03] [INFO] [orphan_orders_check] known order ids from live_state: [8775910074, 8775910102]
[2026-08-03 09:10:03] [INFO] [orphan_orders_check] No orphan orders. active=1 known=2
[2026-08-03 09:10:03] [INFO] [orphan_orders_check] orphan order check finished: ok
[2026-08-03 09:10:03] [INFO] [orphan_orders_check] check_orphan_orders.py completed successfully
[2026-08-03 09:10:03] [INFO] [orphan_orders_check] Lock file removed.
[2026-08-03 09:15:01] [INFO] [orphan_orders_check] Running check_orphan_orders.py
[2026-08-03 09:15:01] [INFO] [orphan_orders_check] known order ids from live_state: [8775910074, 8775910102]
[2026-08-03 09:15:01] [INFO] [orphan_orders_check] No orphan orders. active=1 known=2
[2026-08-03 09:15:01] [INFO] [orphan_orders_check] orphan order check finished: ok
[2026-08-03 09:15:01] [INFO] [orphan_orders_check] check_orphan_orders.py completed successfully
[2026-08-03 09:15:01] [INFO] [orphan_orders_check] Lock file removed.
[2026-08-03 09:20:03] [INFO] [orphan_orders_check] Running check_orphan_orders.py
[2026-08-03 09:20:03] [INFO] [orphan_orders_check] known order ids from live_state: [8775910074, 8775910102]
[2026-08-03 09:20:03] [INFO] [orphan_orders_check] No orphan orders. active=1 known=2
[2026-08-03 09:20:03] [INFO] [orphan_orders_check] orphan order check finished: ok
[2026-08-03 09:20:03] [INFO] [orphan_orders_check] check_orphan_orders.py completed successfully
[2026-08-03 09:20:03] [INFO] [orphan_orders_check] Lock file removed.
[2026-08-03 09:25:03] [INFO] [orphan_orders_check] Running check_orphan_orders.py
[2026-08-03 09:25:03] [INFO] [orphan_orders_check] known order ids from live_state: [8775910074, 8775910102]
[2026-08-03 09:25:03] [INFO] [orphan_orders_check] No orphan orders. active=1 known=2
[2026-08-03 09:25:03] [INFO] [orphan_orders_check] orphan order check finished: ok
[2026-08-03 09:25:03] [INFO] [orphan_orders_check] check_orphan_orders.py completed successfully
[2026-08-03 09:25:03] [INFO] [orphan_orders_check] Lock file removed.
[2026-08-03 09:30:03] [INFO] [orphan_orders_check] Running check_orphan_orders.py
[2026-08-03 09:30:03] [INFO] [orphan_orders_check] known order ids from live_state: [8775959449]
[2026-08-03 09:30:03] [INFO] [orphan_orders_check] No orphan orders. active=1 known=1
[2026-08-03 09:30:03] [INFO] [orphan_orders_check] orphan order check finished: ok
[2026-08-03 09:30:03] [INFO] [orphan_orders_check] check_orphan_orders.py completed successfully
[2026-08-03 09:30:03] [INFO] [orphan_orders_check] Lock file removed.
[2026-08-03 09:35:03] [INFO] [orphan_orders_check] Running check_orphan_orders.py
[2026-08-03 09:35:03] [INFO] [orphan_orders_check] known order ids from live_state: [8775988354, 8775988521]
[2026-08-03 09:35:03] [INFO] [orphan_orders_check] No orphan orders. active=1 known=2
[2026-08-03 09:35:03] [INFO] [orphan_orders_check] orphan order check finished: ok
[2026-08-03 09:35:03] [INFO] [orphan_orders_check] check_orphan_orders.py completed successfully
[2026-08-03 09:35:03] [INFO] [orphan_orders_check] Lock file removed.
[2026-08-03 09:40:03] [INFO] [orphan_orders_check] Running check_orphan_orders.py
[2026-08-03 09:40:03] [INFO] [orphan_orders_check] known order ids from live_state: [8776009524, 8776009526]
[2026-08-03 09:40:03] [INFO] [orphan_orders_check] No orphan orders. active=1 known=2
[2026-08-03 09:40:03] [INFO] [orphan_orders_check] orphan order check finished: ok
[2026-08-03 09:40:03] [INFO] [orphan_orders_check] check_orphan_orders.py completed successfully
[2026-08-03 09:40:03] [INFO] [orphan_orders_check] Lock file removed.
[2026-08-03 09:45:01] [INFO] [orphan_orders_check] Running check_orphan_orders.py
[2026-08-03 09:45:01] [INFO] [orphan_orders_check] known order ids from live_state: [8776049136]
[2026-08-03 09:45:01] [INFO] [orphan_orders_check] No orphan orders. active=1 known=1
[2026-08-03 09:45:01] [INFO] [orphan_orders_check] orphan order check finished: ok
[2026-08-03 09:45:01] [INFO] [orphan_orders_check] check_orphan_orders.py completed successfully
[2026-08-03 09:45:01] [INFO] [orphan_orders_check] Lock file removed.
[2026-08-03 09:50:03] [INFO] [orphan_orders_check] Running check_orphan_orders.py
[2026-08-03 09:50:03] [INFO] [orphan_orders_check] known order ids from live_state: []
[2026-08-03 09:50:03] [INFO] [orphan_orders_check] No orphan orders. active=0 known=0
[2026-08-03 09:50:03] [INFO] [orphan_orders_check] orphan order check finished: ok
[2026-08-03 09:50:03] [INFO] [orphan_orders_check] check_orphan_orders.py completed successfully
[2026-08-03 09:50:03] [INFO] [orphan_orders_check] Lock file removed.
[2026-08-03 09:55:09] [INFO] [orphan_orders_check] Running check_orphan_orders.py
[2026-08-03 09:55:09] [INFO] [orphan_orders_check] known order ids from live_state: []
[2026-08-03 09:55:10] [INFO] [orphan_orders_check] No orphan orders. active=0 known=0
[2026-08-03 09:55:10] [INFO] [orphan_orders_check] orphan order check finished: ok
[2026-08-03 09:55:10] [INFO] [orphan_orders_check] check_orphan_orders.py completed successfully
[2026-08-03 09:55:10] [INFO] [orphan_orders_check] Lock file removed.
[2026-08-03 10:00:03] [INFO] [orphan_orders_check] Running check_orphan_orders.py
[2026-08-03 10:00:03] [INFO] [orphan_orders_check] known order ids from live_state: []
[2026-08-03 10:00:04] [INFO] [orphan_orders_check] No orphan orders. active=0 known=0
[2026-08-03 10:00:04] [INFO] [orphan_orders_check] orphan order check finished: ok
[2026-08-03 10:00:04] [INFO] [orphan_orders_check] check_orphan_orders.py completed successfully
[2026-08-03 10:00:04] [INFO] [orphan_orders_check] Lock file removed.
[2026-08-03 10:05:20] [INFO] [orphan_orders_check] Running check_orphan_orders.py
[2026-08-03 10:05:20] [INFO] [orphan_orders_check] known order ids from live_state: []
[2026-08-03 10:05:20] [INFO] [orphan_orders_check] No orphan orders. active=0 known=0
[2026-08-03 10:05:20] [INFO] [orphan_orders_check] orphan order check finished: ok
[2026-08-03 10:05:20] [INFO] [orphan_orders_check] check_orphan_orders.py completed successfully
[2026-08-03 10:05:20] [INFO] [orphan_orders_check] Lock file removed.
[2026-08-03 10:10:03] [INFO] [orphan_orders_check] Running check_orphan_orders.py
[2026-08-03 10:10:03] [INFO] [orphan_orders_check] known order ids from live_state: [8776142256]
[2026-08-03 10:10:03] [INFO] [orphan_orders_check] No orphan orders. active=0 known=1
[2026-08-03 10:10:03] [INFO] [orphan_orders_check] orphan order check finished: ok
[2026-08-03 10:10:03] [INFO] [orphan_orders_check] check_orphan_orders.py completed successfully
[2026-08-03 10:10:03] [INFO] [orphan_orders_check] Lock file removed.
[2026-08-03 10:15:01] [INFO] [orphan_orders_check] Running check_orphan_orders.py
[2026-08-03 10:15:01] [INFO] [orphan_orders_check] known order ids from live_state: [8776157665]
[2026-08-03 10:15:01] [INFO] [orphan_orders_check] No orphan orders. active=1 known=1
[2026-08-03 10:15:01] [INFO] [orphan_orders_check] orphan order check finished: ok
[2026-08-03 10:15:01] [INFO] [orphan_orders_check] check_orphan_orders.py completed successfully
[2026-08-03 10:15:01] [INFO] [orphan_orders_check] Lock file removed.
[2026-08-03 10:20:03] [INFO] [orphan_orders_check] Running check_orphan_orders.py
[2026-08-03 10:20:03] [INFO] [orphan_orders_check] known order ids from live_state: [8776171692]
[2026-08-03 10:20:03] [INFO] [orphan_orders_check] No orphan orders. active=1 known=1
[2026-08-03 10:20:03] [INFO] [orphan_orders_check] orphan order check finished: ok
[2026-08-03 10:20:03] [INFO] [orphan_orders_check] check_orphan_orders.py completed successfully
[2026-08-03 10:20:03] [INFO] [orphan_orders_check] Lock file removed.
[2026-08-03 10:25:02] [INFO] [orphan_orders_check] Running check_orphan_orders.py
[2026-08-03 10:25:02] [INFO] [orphan_orders_check] known order ids from live_state: [8776185568, 8776185753]
[2026-08-03 10:25:02] [INFO] [orphan_orders_check] No orphan orders. active=1 known=2
[2026-08-03 10:25:02] [INFO] [orphan_orders_check] orphan order check finished: ok
[2026-08-03 10:25:02] [INFO] [orphan_orders_check] check_orphan_orders.py completed successfully
[2026-08-03 10:25:02] [INFO] [orphan_orders_check] Lock file removed.
[2026-08-03 10:30:03] [INFO] [orphan_orders_check] Running check_orphan_orders.py
[2026-08-03 10:30:03] [INFO] [orphan_orders_check] known order ids from live_state: [8776185568, 8776185753]
[2026-08-03 10:30:03] [INFO] [orphan_orders_check] No orphan orders. active=1 known=2
[2026-08-03 10:30:03] [INFO] [orphan_orders_check] orphan order check finished: ok
[2026-08-03 10:30:03] [INFO] [orphan_orders_check] check_orphan_orders.py completed successfully
[2026-08-03 10:30:03] [INFO] [orphan_orders_check] Lock file removed.
[2026-08-03 10:35:03] [INFO] [orphan_orders_check] Running check_orphan_orders.py
[2026-08-03 10:35:03] [INFO] [orphan_orders_check] known order ids from live_state: [8776185568, 8776185753]
[2026-08-03 10:35:03] [INFO] [orphan_orders_check] No orphan orders. active=1 known=2
[2026-08-03 10:35:03] [INFO] [orphan_orders_check] orphan order check finished: ok
[2026-08-03 10:35:03] [INFO] [orphan_orders_check] check_orphan_orders.py completed successfully
[2026-08-03 10:35:03] [INFO] [orphan_orders_check] Lock file removed.
[2026-08-03 10:40:03] [INFO] [orphan_orders_check] Running check_orphan_orders.py
[2026-08-03 10:40:03] [INFO] [orphan_orders_check] known order ids from live_state: [8776185568, 8776185753]
[2026-08-03 10:40:03] [INFO] [orphan_orders_check] No orphan orders. active=1 known=2
[2026-08-03 10:40:03] [INFO] [orphan_orders_check] orphan order check finished: ok
[2026-08-03 10:40:03] [INFO] [orphan_orders_check] check_orphan_orders.py completed successfully
[2026-08-03 10:40:03] [INFO] [orphan_orders_check] Lock file removed.
[2026-08-03 10:45:01] [INFO] [orphan_orders_check] Running check_orphan_orders.py
[2026-08-03 10:45:01] [INFO] [orphan_orders_check] known order ids from live_state: [8776185568, 8776185753]
[2026-08-03 10:45:01] [INFO] [orphan_orders_check] No orphan orders. active=1 known=2
[2026-08-03 10:45:01] [INFO] [orphan_orders_check] orphan order check finished: ok
[2026-08-03 10:45:01] [INFO] [orphan_orders_check] check_orphan_orders.py completed successfully
[2026-08-03 10:45:01] [INFO] [orphan_orders_check] Lock file removed.
[2026-08-03 10:50:03] [INFO] [orphan_orders_check] Running check_orphan_orders.py
[2026-08-03 10:50:03] [INFO] [orphan_orders_check] known order ids from live_state: [8776185568, 8776185753]
[2026-08-03 10:50:03] [INFO] [orphan_orders_check] No orphan orders. active=1 known=2
[2026-08-03 10:50:03] [INFO] [orphan_orders_check] orphan order check finished: ok
[2026-08-03 10:50:03] [INFO] [orphan_orders_check] check_orphan_orders.py completed successfully
[2026-08-03 10:50:03] [INFO] [orphan_orders_check] Lock file removed.
[2026-08-03 10:55:01] [INFO] [orphan_orders_check] Running check_orphan_orders.py
[2026-08-03 10:55:01] [INFO] [orphan_orders_check] known order ids from live_state: [8776185568, 8776185753]
[2026-08-03 10:55:01] [INFO] [orphan_orders_check] No orphan orders. active=1 known=2
[2026-08-03 10:55:01] [INFO] [orphan_orders_check] orphan order check finished: ok
[2026-08-03 10:55:01] [INFO] [orphan_orders_check] check_orphan_orders.py completed successfully
[2026-08-03 10:55:01] [INFO] [orphan_orders_check] Lock file removed.
[2026-08-03 11:00:03] [INFO] [orphan_orders_check] Running check_orphan_orders.py
[2026-08-03 11:00:03] [INFO] [orphan_orders_check] known order ids from live_state: [8776185568, 8776185753]
[2026-08-03 11:00:04] [INFO] [orphan_orders_check] No orphan orders. active=1 known=2
[2026-08-03 11:00:04] [INFO] [orphan_orders_check] orphan order check finished: ok
[2026-08-03 11:00:04] [INFO] [orphan_orders_check] check_orphan_orders.py completed successfully
[2026-08-03 11:00:04] [INFO] [orphan_orders_check] Lock file removed.
[2026-08-03 11:05:03] [INFO] [orphan_orders_check] Running check_orphan_orders.py
[2026-08-03 11:05:03] [INFO] [orphan_orders_check] known order ids from live_state: [8776185568, 8776185753]
[2026-08-03 11:05:03] [INFO] [orphan_orders_check] No orphan orders. active=1 known=2
[2026-08-03 11:05:03] [INFO] [orphan_orders_check] orphan order check finished: ok
[2026-08-03 11:05:03] [INFO] [orphan_orders_check] check_orphan_orders.py completed successfully
[2026-08-03 11:05:03] [INFO] [orphan_orders_check] Lock file removed.
[2026-08-03 11:10:03] [INFO] [orphan_orders_check] Running check_orphan_orders.py
[2026-08-03 11:10:03] [INFO] [orphan_orders_check] known order ids from live_state: [8776303347, 8776303370]
[2026-08-03 11:10:03] [INFO] [orphan_orders_check] No orphan orders. active=1 known=2
[2026-08-03 11:10:03] [INFO] [orphan_orders_check] orphan order check finished: ok
[2026-08-03 11:10:03] [INFO] [orphan_orders_check] check_orphan_orders.py completed successfully
[2026-08-03 11:10:03] [INFO] [orphan_orders_check] Lock file removed.
[2026-08-03 11:15:01] [INFO] [orphan_orders_check] Running check_orphan_orders.py
[2026-08-03 11:15:01] [INFO] [orphan_orders_check] known order ids from live_state: [8776303347, 8776303370]
[2026-08-03 11:15:01] [INFO] [orphan_orders_check] No orphan orders. active=1 known=2
[2026-08-03 11:15:01] [INFO] [orphan_orders_check] orphan order check finished: ok
[2026-08-03 11:15:01] [INFO] [orphan_orders_check] check_orphan_orders.py completed successfully
[2026-08-03 11:15:01] [INFO] [orphan_orders_check] Lock file removed.
[2026-08-03 11:20:03] [INFO] [orphan_orders_check] Running check_orphan_orders.py
[2026-08-03 11:20:03] [INFO] [orphan_orders_check] known order ids from live_state: [8776303347, 8776303370]
[2026-08-03 11:20:03] [INFO] [orphan_orders_check] No orphan orders. active=1 known=2
[2026-08-03 11:20:03] [INFO] [orphan_orders_check] orphan order check finished: ok
[2026-08-03 11:20:03] [INFO] [orphan_orders_check] check_orphan_orders.py completed successfully
[2026-08-03 11:20:03] [INFO] [orphan_orders_check] Lock file removed.
[2026-08-03 11:25:03] [INFO] [orphan_orders_check] Running check_orphan_orders.py
[2026-08-03 11:25:03] [INFO] [orphan_orders_check] known order ids from live_state: [8776303347, 8776303370]
[2026-08-03 11:25:03] [INFO] [orphan_orders_check] No orphan orders. active=1 known=2
[2026-08-03 11:25:03] [INFO] [orphan_orders_check] orphan order check finished: ok
[2026-08-03 11:25:03] [INFO] [orphan_orders_check] check_orphan_orders.py completed successfully
[2026-08-03 11:25:03] [INFO] [orphan_orders_check] Lock file removed.
[2026-08-03 11:30:03] [INFO] [orphan_orders_check] Running check_orphan_orders.py
[2026-08-03 11:30:03] [INFO] [orphan_orders_check] known order ids from live_state: [8776303347, 8776303370]
[2026-08-03 11:30:03] [INFO] [orphan_orders_check] No orphan orders. active=1 known=2
[2026-08-03 11:30:03] [INFO] [orphan_orders_check] orphan order check finished: ok
[2026-08-03 11:30:03] [INFO] [orphan_orders_check] check_orphan_orders.py completed successfully
[2026-08-03 11:30:03] [INFO] [orphan_orders_check] Lock file removed.
[2026-08-03 11:35:03] [INFO] [orphan_orders_check] Running check_orphan_orders.py
[2026-08-03 11:35:03] [INFO] [orphan_orders_check] known order ids from live_state: [8776303347, 8776303370]
[2026-08-03 11:35:03] [INFO] [orphan_orders_check] No orphan orders. active=1 known=2
[2026-08-03 11:35:03] [INFO] [orphan_orders_check] orphan order check finished: ok
[2026-08-03 11:35:03] [INFO] [orphan_orders_check] check_orphan_orders.py completed successfully
[2026-08-03 11:35:03] [INFO] [orphan_orders_check] Lock file removed.
[2026-08-03 11:40:03] [INFO] [orphan_orders_check] Running check_orphan_orders.py
[2026-08-03 11:40:03] [INFO] [orphan_orders_check] known order ids from live_state: [8776303347, 8776303370]
[2026-08-03 11:40:03] [INFO] [orphan_orders_check] No orphan orders. active=1 known=2
[2026-08-03 11:40:03] [INFO] [orphan_orders_check] orphan order check finished: ok
[2026-08-03 11:40:03] [INFO] [orphan_orders_check] check_orphan_orders.py completed successfully
[2026-08-03 11:40:03] [INFO] [orphan_orders_check] Lock file removed.
[2026-08-03 11:45:01] [INFO] [orphan_orders_check] Running check_orphan_orders.py
[2026-08-03 11:45:01] [INFO] [orphan_orders_check] known order ids from live_state: [8776303347, 8776303370]
[2026-08-03 11:45:01] [INFO] [orphan_orders_check] No orphan orders. active=1 known=2
[2026-08-03 11:45:01] [INFO] [orphan_orders_check] orphan order check finished: ok
[2026-08-03 11:45:01] [INFO] [orphan_orders_check] check_orphan_orders.py completed successfully
[2026-08-03 11:45:01] [INFO] [orphan_orders_check] Lock file removed.
[2026-08-03 11:50:03] [INFO] [orphan_orders_check] Running check_orphan_orders.py
[2026-08-03 11:50:03] [INFO] [orphan_orders_check] known order ids from live_state: [8776303347, 8776303370]
[2026-08-03 11:50:03] [INFO] [orphan_orders_check] No orphan orders. active=1 known=2
[2026-08-03 11:50:03] [INFO] [orphan_orders_check] orphan order check finished: ok
[2026-08-03 11:50:03] [INFO] [orphan_orders_check] check_orphan_orders.py completed successfully
[2026-08-03 11:50:03] [INFO] [orphan_orders_check] Lock file removed.
[2026-08-03 11:55:20] [INFO] [orphan_orders_check] Running check_orphan_orders.py
[2026-08-03 11:55:20] [INFO] [orphan_orders_check] known order ids from live_state: [8776303347, 8776303370]
[2026-08-03 11:55:20] [INFO] [orphan_orders_check] No orphan orders. active=1 known=2
[2026-08-03 11:55:20] [INFO] [orphan_orders_check] orphan order check finished: ok
[2026-08-03 11:55:20] [INFO] [orphan_orders_check] check_orphan_orders.py completed successfully
[2026-08-03 11:55:20] [INFO] [orphan_orders_check] Lock file removed.
[2026-08-03 12:00:03] [INFO] [orphan_orders_check] Running check_orphan_orders.py
[2026-08-03 12:00:04] [INFO] [orphan_orders_check] known order ids from live_state: [8776303347, 8776303370]
[2026-08-03 12:00:04] [INFO] [orphan_orders_check] No orphan orders. active=1 known=2
[2026-08-03 12:00:04] [INFO] [orphan_orders_check] orphan order check finished: ok
[2026-08-03 12:00:04] [INFO] [orphan_orders_check] check_orphan_orders.py completed successfully
[2026-08-03 12:00:04] [INFO] [orphan_orders_check] Lock file removed.
[2026-08-03 12:05:03] [INFO] [orphan_orders_check] Running check_orphan_orders.py
[2026-08-03 12:05:03] [INFO] [orphan_orders_check] known order ids from live_state: [8776303347, 8776303370]
[2026-08-03 12:05:03] [INFO] [orphan_orders_check] No orphan orders. active=1 known=2
[2026-08-03 12:05:03] [INFO] [orphan_orders_check] orphan order check finished: ok
[2026-08-03 12:05:03] [INFO] [orphan_orders_check] check_orphan_orders.py completed successfully
[2026-08-03 12:05:03] [INFO] [orphan_orders_check] Lock file removed.
[2026-08-03 12:10:03] [INFO] [orphan_orders_check] Running check_orphan_orders.py
[2026-08-03 12:10:03] [INFO] [orphan_orders_check] known order ids from live_state: [8776303347, 8776303370]
[2026-08-03 12:10:03] [INFO] [orphan_orders_check] No orphan orders. active=1 known=2
[2026-08-03 12:10:03] [INFO] [orphan_orders_check] orphan order check finished: ok
[2026-08-03 12:10:03] [INFO] [orphan_orders_check] check_orphan_orders.py completed successfully
[2026-08-03 12:10:03] [INFO] [orphan_orders_check] Lock file removed.
[2026-08-03 12:15:01] [INFO] [orphan_orders_check] Running check_orphan_orders.py
[2026-08-03 12:15:01] [INFO] [orphan_orders_check] known order ids from live_state: [8776303347, 8776303370]
[2026-08-03 12:15:01] [INFO] [orphan_orders_check] No orphan orders. active=1 known=2
[2026-08-03 12:15:01] [INFO] [orphan_orders_check] orphan order check finished: ok
[2026-08-03 12:15:01] [INFO] [orphan_orders_check] check_orphan_orders.py completed successfully
[2026-08-03 12:15:01] [INFO] [orphan_orders_check] Lock file removed.
[2026-08-03 12:20:03] [INFO] [orphan_orders_check] Running check_orphan_orders.py
[2026-08-03 12:20:03] [INFO] [orphan_orders_check] known order ids from live_state: [8776303347, 8776303370]
[2026-08-03 12:20:03] [INFO] [orphan_orders_check] No orphan orders. active=1 known=2
[2026-08-03 12:20:03] [INFO] [orphan_orders_check] orphan order check finished: ok
[2026-08-03 12:20:03] [INFO] [orphan_orders_check] check_orphan_orders.py completed successfully
[2026-08-03 12:20:03] [INFO] [orphan_orders_check] Lock file removed.
[2026-08-03 12:25:03] [INFO] [orphan_orders_check] Running check_orphan_orders.py
[2026-08-03 12:25:03] [INFO] [orphan_orders_check] known order ids from live_state: [8776303347, 8776303370]
[2026-08-03 12:25:03] [INFO] [orphan_orders_check] No orphan orders. active=1 known=2
[2026-08-03 12:25:03] [INFO] [orphan_orders_check] orphan order check finished: ok
[2026-08-03 12:25:03] [INFO] [orphan_orders_check] check_orphan_orders.py completed successfully
[2026-08-03 12:25:03] [INFO] [orphan_orders_check] Lock file removed.
[2026-08-03 12:30:03] [INFO] [orphan_orders_check] Running check_orphan_orders.py
[2026-08-03 12:30:03] [INFO] [orphan_orders_check] known order ids from live_state: [8776303347, 8776303370]
[2026-08-03 12:30:03] [INFO] [orphan_orders_check] No orphan orders. active=1 known=2
[2026-08-03 12:30:03] [INFO] [orphan_orders_check] orphan order check finished: ok
[2026-08-03 12:30:03] [INFO] [orphan_orders_check] check_orphan_orders.py completed successfully
[2026-08-03 12:30:03] [INFO] [orphan_orders_check] Lock file removed.
[2026-08-03 12:35:19] [INFO] [orphan_orders_check] Running check_orphan_orders.py
[2026-08-03 12:35:19] [INFO] [orphan_orders_check] known order ids from live_state: [8776519177, 8776519241]
[2026-08-03 12:35:19] [INFO] [orphan_orders_check] No orphan orders. active=1 known=2
[2026-08-03 12:35:19] [INFO] [orphan_orders_check] orphan order check finished: ok
[2026-08-03 12:35:19] [INFO] [orphan_orders_check] check_orphan_orders.py completed successfully
[2026-08-03 12:35:19] [INFO] [orphan_orders_check] Lock file removed.
[2026-08-03 12:40:03] [INFO] [orphan_orders_check] Running check_orphan_orders.py
[2026-08-03 12:40:03] [INFO] [orphan_orders_check] known order ids from live_state: [8776519177, 8776519241]
[2026-08-03 12:40:03] [INFO] [orphan_orders_check] No orphan orders. active=1 known=2
[2026-08-03 12:40:03] [INFO] [orphan_orders_check] orphan order check finished: ok
[2026-08-03 12:40:03] [INFO] [orphan_orders_check] check_orphan_orders.py completed successfully
[2026-08-03 12:40:03] [INFO] [orphan_orders_check] Lock file removed.
[2026-08-03 12:45:03] [INFO] [orphan_orders_check] Running check_orphan_orders.py
[2026-08-03 12:45:03] [INFO] [orphan_orders_check] known order ids from live_state: [8776519177, 8776519241]
[2026-08-03 12:45:03] [INFO] [orphan_orders_check] No orphan orders. active=1 known=2
[2026-08-03 12:45:03] [INFO] [orphan_orders_check] orphan order check finished: ok
[2026-08-03 12:45:03] [INFO] [orphan_orders_check] check_orphan_orders.py completed successfully
[2026-08-03 12:45:03] [INFO] [orphan_orders_check] Lock file removed.
[2026-08-03 12:50:03] [INFO] [orphan_orders_check] Running check_orphan_orders.py
[2026-08-03 12:50:03] [INFO] [orphan_orders_check] known order ids from live_state: [8776547607, 8776547631]
[2026-08-03 12:50:05] [INFO] [orphan_orders_check] No orphan orders. active=1 known=2
[2026-08-03 12:50:05] [INFO] [orphan_orders_check] orphan order check finished: ok
[2026-08-03 12:50:05] [INFO] [orphan_orders_check] check_orphan_orders.py completed successfully
[2026-08-03 12:50:05] [INFO] [orphan_orders_check] Lock file removed.
[2026-08-03 12:55:03] [INFO] [orphan_orders_check] Running check_orphan_orders.py
[2026-08-03 12:55:03] [INFO] [orphan_orders_check] known order ids from live_state: [8776574032, 8776574037]
[2026-08-03 12:55:03] [INFO] [orphan_orders_check] No orphan orders. active=1 known=2
[2026-08-03 12:55:03] [INFO] [orphan_orders_check] orphan order check finished: ok
[2026-08-03 12:55:03] [INFO] [orphan_orders_check] check_orphan_orders.py completed successfully
[2026-08-03 12:55:03] [INFO] [orphan_orders_check] Lock file removed.
[2026-08-03 13:00:02] [INFO] [orphan_orders_check] Running check_orphan_orders.py
[2026-08-03 13:00:02] [INFO] [orphan_orders_check] known order ids from live_state: [8776574032, 8776574037]
[2026-08-03 13:00:03] [INFO] [orphan_orders_check] No orphan orders. active=0 known=2
[2026-08-03 13:00:03] [INFO] [orphan_orders_check] orphan order check finished: ok
[2026-08-03 13:00:03] [INFO] [orphan_orders_check] check_orphan_orders.py completed successfully
[2026-08-03 13:00:03] [INFO] [orphan_orders_check] Lock file removed.
[2026-08-03 13:05:03] [INFO] [orphan_orders_check] Running check_orphan_orders.py
[2026-08-03 13:05:03] [INFO] [orphan_orders_check] known order ids from live_state: [8776599669, 8776599728]
[2026-08-03 13:05:03] [INFO] [orphan_orders_check] No orphan orders. active=1 known=2
[2026-08-03 13:05:03] [INFO] [orphan_orders_check] orphan order check finished: ok
[2026-08-03 13:05:03] [INFO] [orphan_orders_check] check_orphan_orders.py completed successfully
[2026-08-03 13:05:03] [INFO] [orphan_orders_check] Lock file removed.
[2026-08-03 13:10:03] [INFO] [orphan_orders_check] Running check_orphan_orders.py
[2026-08-03 13:10:03] [INFO] [orphan_orders_check] known order ids from live_state: [8776599669, 8776599728]
[2026-08-03 13:10:03] [INFO] [orphan_orders_check] No orphan orders. active=1 known=2
[2026-08-03 13:10:03] [INFO] [orphan_orders_check] orphan order check finished: ok
[2026-08-03 13:10:03] [INFO] [orphan_orders_check] check_orphan_orders.py completed successfully
[2026-08-03 13:10:03] [INFO] [orphan_orders_check] Lock file removed.
[2026-08-03 13:15:01] [INFO] [orphan_orders_check] Running check_orphan_orders.py
[2026-08-03 13:15:01] [INFO] [orphan_orders_check] known order ids from live_state: [8776599669, 8776599728]
[2026-08-03 13:15:02] [INFO] [orphan_orders_check] No orphan orders. active=1 known=2
[2026-08-03 13:15:02] [INFO] [orphan_orders_check] orphan order check finished: ok
[2026-08-03 13:15:02] [INFO] [orphan_orders_check] check_orphan_orders.py completed successfully
[2026-08-03 13:15:02] [INFO] [orphan_orders_check] Lock file removed.
[2026-08-03 13:20:00] [INFO] [orphan_orders_check] Running check_orphan_orders.py
[2026-08-03 13:20:01] [INFO] [orphan_orders_check] known order ids from live_state: [8776599669, 8776599728]
[2026-08-03 13:20:01] [INFO] [orphan_orders_check] No orphan orders. active=1 known=2
[2026-08-03 13:20:01] [INFO] [orphan_orders_check] orphan order check finished: ok
[2026-08-03 13:20:01] [INFO] [orphan_orders_check] check_orphan_orders.py completed successfully
[2026-08-03 13:20:01] [INFO] [orphan_orders_check] Lock file removed.
[2026-08-03 13:25:03] [INFO] [orphan_orders_check] Running check_orphan_orders.py
[2026-08-03 13:25:03] [INFO] [orphan_orders_check] known order ids from live_state: [8776654062]
[2026-08-03 13:25:03] [INFO] [orphan_orders_check] No orphan orders. active=0 known=1
[2026-08-03 13:25:03] [INFO] [orphan_orders_check] orphan order check finished: ok
[2026-08-03 13:25:03] [INFO] [orphan_orders_check] check_orphan_orders.py completed successfully
[2026-08-03 13:25:03] [INFO] [orphan_orders_check] Lock file removed.
[2026-08-03 13:30:03] [INFO] [orphan_orders_check] Running check_orphan_orders.py
[2026-08-03 13:30:03] [INFO] [orphan_orders_check] known order ids from live_state: [8776664092]
[2026-08-03 13:30:03] [INFO] [orphan_orders_check] No orphan orders. active=1 known=1
[2026-08-03 13:30:03] [INFO] [orphan_orders_check] orphan order check finished: ok
[2026-08-03 13:30:03] [INFO] [orphan_orders_check] check_orphan_orders.py completed successfully
[2026-08-03 13:30:03] [INFO] [orphan_orders_check] Lock file removed.
[2026-08-03 13:35:20] [INFO] [orphan_orders_check] Running check_orphan_orders.py
[2026-08-03 13:35:20] [INFO] [orphan_orders_check] known order ids from live_state: [8776685002]
[2026-08-03 13:35:20] [INFO] [orphan_orders_check] No orphan orders. active=1 known=1
[2026-08-03 13:35:20] [INFO] [orphan_orders_check] orphan order check finished: ok
[2026-08-03 13:35:20] [INFO] [orphan_orders_check] check_orphan_orders.py completed successfully
[2026-08-03 13:35:20] [INFO] [orphan_orders_check] Lock file removed.
[2026-08-03 13:40:03] [INFO] [orphan_orders_check] Running check_orphan_orders.py
[2026-08-03 13:40:03] [INFO] [orphan_orders_check] known order ids from live_state: [8776685002]
[2026-08-03 13:40:03] [INFO] [orphan_orders_check] No orphan orders. active=1 known=1
[2026-08-03 13:40:03] [INFO] [orphan_orders_check] orphan order check finished: ok
[2026-08-03 13:40:03] [INFO] [orphan_orders_check] check_orphan_orders.py completed successfully
[2026-08-03 13:40:03] [INFO] [orphan_orders_check] Lock file removed.
[2026-08-03 13:45:01] [INFO] [orphan_orders_check] Running check_orphan_orders.py
[2026-08-03 13:45:01] [INFO] [orphan_orders_check] known order ids from live_state: [8776708012]
[2026-08-03 13:45:02] [INFO] [orphan_orders_check] No orphan orders. active=1 known=1
[2026-08-03 13:45:02] [INFO] [orphan_orders_check] orphan order check finished: ok
[2026-08-03 13:45:02] [INFO] [orphan_orders_check] check_orphan_orders.py completed successfully
[2026-08-03 13:45:02] [INFO] [orphan_orders_check] Lock file removed.
[2026-08-03 13:50:03] [INFO] [orphan_orders_check] Running check_orphan_orders.py
[2026-08-03 13:50:03] [INFO] [orphan_orders_check] known order ids from live_state: [8776721892]
[2026-08-03 13:50:03] [INFO] [orphan_orders_check] No orphan orders. active=1 known=1
[2026-08-03 13:50:03] [INFO] [orphan_orders_check] orphan order check finished: ok
[2026-08-03 13:50:03] [INFO] [orphan_orders_check] check_orphan_orders.py completed successfully
[2026-08-03 13:50:03] [INFO] [orphan_orders_check] Lock file removed.
[2026-08-03 13:55:11] [INFO] [orphan_orders_check] Running check_orphan_orders.py
[2026-08-03 13:55:11] [INFO] [orphan_orders_check] known order ids from live_state: []
[2026-08-03 13:55:11] [INFO] [orphan_orders_check] No orphan orders. active=0 known=0
[2026-08-03 13:55:11] [INFO] [orphan_orders_check] orphan order check finished: ok
[2026-08-03 13:55:11] [INFO] [orphan_orders_check] check_orphan_orders.py completed successfully
[2026-08-03 13:55:11] [INFO] [orphan_orders_check] Lock file removed.
[2026-08-03 14:00:03] [INFO] [orphan_orders_check] Running check_orphan_orders.py
[2026-08-03 14:00:03] [INFO] [orphan_orders_check] known order ids from live_state: [8776740991]
[2026-08-03 14:00:04] [INFO] [orphan_orders_check] No orphan orders. active=0 known=1
[2026-08-03 14:00:04] [INFO] [orphan_orders_check] orphan order check finished: ok
[2026-08-03 14:00:04] [INFO] [orphan_orders_check] check_orphan_orders.py completed successfully
[2026-08-03 14:00:04] [INFO] [orphan_orders_check] Lock file removed.
[2026-08-03 14:05:20] [INFO] [orphan_orders_check] Running check_orphan_orders.py
[2026-08-03 14:05:20] [INFO] [orphan_orders_check] known order ids from live_state: [8776751757]
[2026-08-03 14:05:20] [INFO] [orphan_orders_check] No orphan orders. active=1 known=1
[2026-08-03 14:05:20] [INFO] [orphan_orders_check] orphan order check finished: ok
[2026-08-03 14:05:20] [INFO] [orphan_orders_check] check_orphan_orders.py completed successfully
[2026-08-03 14:05:20] [INFO] [orphan_orders_check] Lock file removed.
[2026-08-03 14:10:03] [INFO] [orphan_orders_check] Running check_orphan_orders.py
[2026-08-03 14:10:03] [INFO] [orphan_orders_check] known order ids from live_state: [8776760553]
[2026-08-03 14:10:03] [INFO] [orphan_orders_check] No orphan orders. active=1 known=1
[2026-08-03 14:10:03] [INFO] [orphan_orders_check] orphan order check finished: ok
[2026-08-03 14:10:03] [INFO] [orphan_orders_check] check_orphan_orders.py completed successfully
[2026-08-03 14:10:03] [INFO] [orphan_orders_check] Lock file removed.
[2026-08-03 14:15:01] [INFO] [orphan_orders_check] Running check_orphan_orders.py
[2026-08-03 14:15:02] [INFO] [orphan_orders_check] known order ids from live_state: [8776782618]
[2026-08-03 14:15:07] [INFO] [orphan_orders_check] No orphan orders. active=1 known=1
[2026-08-03 14:15:07] [INFO] [orphan_orders_check] orphan order check finished: ok
[2026-08-03 14:15:07] [INFO] [orphan_orders_check] check_orphan_orders.py completed successfully
[2026-08-03 14:15:07] [INFO] [orphan_orders_check] Lock file removed.
[2026-08-03 14:20:03] [INFO] [orphan_orders_check] Running check_orphan_orders.py
[2026-08-03 14:20:03] [INFO] [orphan_orders_check] known order ids from live_state: [8776792536]
[2026-08-03 14:20:03] [INFO] [orphan_orders_check] No orphan orders. active=1 known=1
[2026-08-03 14:20:03] [INFO] [orphan_orders_check] orphan order check finished: ok
[2026-08-03 14:20:03] [INFO] [orphan_orders_check] check_orphan_orders.py completed successfully
[2026-08-03 14:20:03] [INFO] [orphan_orders_check] Lock file removed.
[2026-08-03 14:25:01] [INFO] [orphan_orders_check] Running check_orphan_orders.py
[2026-08-03 14:25:01] [INFO] [orphan_orders_check] known order ids from live_state: [8776792536, 8776792809]
[2026-08-03 14:25:01] [INFO] [orphan_orders_check] No orphan orders. active=1 known=2
[2026-08-03 14:25:01] [INFO] [orphan_orders_check] orphan order check finished: ok
[2026-08-03 14:25:01] [INFO] [orphan_orders_check] check_orphan_orders.py completed successfully
[2026-08-03 14:25:01] [INFO] [orphan_orders_check] Lock file removed.
[2026-08-03 14:30:03] [INFO] [orphan_orders_check] Running check_orphan_orders.py
[2026-08-03 14:30:03] [INFO] [orphan_orders_check] known order ids from live_state: [8776792536, 8776792809]
[2026-08-03 14:30:03] [INFO] [orphan_orders_check] No orphan orders. active=1 known=2
[2026-08-03 14:30:03] [INFO] [orphan_orders_check] orphan order check finished: ok
[2026-08-03 14:30:03] [INFO] [orphan_orders_check] check_orphan_orders.py completed successfully
[2026-08-03 14:30:03] [INFO] [orphan_orders_check] Lock file removed.
[2026-08-03 14:35:20] [INFO] [orphan_orders_check] Running check_orphan_orders.py
[2026-08-03 14:35:20] [INFO] [orphan_orders_check] known order ids from live_state: [8776792536, 8776792809]
[2026-08-03 14:35:20] [INFO] [orphan_orders_check] No orphan orders. active=1 known=2
[2026-08-03 14:35:20] [INFO] [orphan_orders_check] orphan order check finished: ok
[2026-08-03 14:35:20] [INFO] [orphan_orders_check] check_orphan_orders.py completed successfully
[2026-08-03 14:35:20] [INFO] [orphan_orders_check] Lock file removed.
[2026-08-03 14:40:03] [INFO] [orphan_orders_check] Running check_orphan_orders.py
[2026-08-03 14:40:03] [INFO] [orphan_orders_check] known order ids from live_state: [8776792536, 8776792809]
[2026-08-03 14:40:04] [INFO] [orphan_orders_check] No orphan orders. active=1 known=2
[2026-08-03 14:40:04] [INFO] [orphan_orders_check] orphan order check finished: ok
[2026-08-03 14:40:04] [INFO] [orphan_orders_check] check_orphan_orders.py completed successfully
[2026-08-03 14:40:04] [INFO] [orphan_orders_check] Lock file removed.
[2026-08-03 14:45:01] [INFO] [orphan_orders_check] Running check_orphan_orders.py
[2026-08-03 14:45:02] [INFO] [orphan_orders_check] known order ids from live_state: [8776792536, 8776792809]
[2026-08-03 14:45:02] [INFO] [orphan_orders_check] No orphan orders. active=1 known=2
[2026-08-03 14:45:02] [INFO] [orphan_orders_check] orphan order check finished: ok
[2026-08-03 14:45:02] [INFO] [orphan_orders_check] check_orphan_orders.py completed successfully
[2026-08-03 14:45:02] [INFO] [orphan_orders_check] Lock file removed.
[2026-08-03 14:50:03] [INFO] [orphan_orders_check] Running check_orphan_orders.py
[2026-08-03 14:50:03] [INFO] [orphan_orders_check] known order ids from live_state: [8776792536, 8776792809]
[2026-08-03 14:50:03] [INFO] [orphan_orders_check] No orphan orders. active=1 known=2
[2026-08-03 14:50:03] [INFO] [orphan_orders_check] orphan order check finished: ok
[2026-08-03 14:50:03] [INFO] [orphan_orders_check] check_orphan_orders.py completed successfully
[2026-08-03 14:50:03] [INFO] [orphan_orders_check] Lock file removed.
[2026-08-03 14:55:20] [INFO] [orphan_orders_check] Running check_orphan_orders.py
[2026-08-03 14:55:20] [INFO] [orphan_orders_check] known order ids from live_state: [8776792536, 8776792809]
[2026-08-03 14:55:20] [INFO] [orphan_orders_check] No orphan orders. active=1 known=2
[2026-08-03 14:55:20] [INFO] [orphan_orders_check] orphan order check finished: ok
[2026-08-03 14:55:20] [INFO] [orphan_orders_check] check_orphan_orders.py completed successfully
[2026-08-03 14:55:20] [INFO] [orphan_orders_check] Lock file removed.
[2026-08-03 15:00:03] [INFO] [orphan_orders_check] Running check_orphan_orders.py
[2026-08-03 15:00:03] [INFO] [orphan_orders_check] known order ids from live_state: [8776792536, 8776792809]
[2026-08-03 15:00:04] [INFO] [orphan_orders_check] No orphan orders. active=1 known=2
[2026-08-03 15:00:04] [INFO] [orphan_orders_check] orphan order check finished: ok
[2026-08-03 15:00:04] [INFO] [orphan_orders_check] check_orphan_orders.py completed successfully
[2026-08-03 15:00:04] [INFO] [orphan_orders_check] Lock file removed.
[2026-08-03 15:05:20] [INFO] [orphan_orders_check] Running check_orphan_orders.py
[2026-08-03 15:05:20] [INFO] [orphan_orders_check] known order ids from live_state: [8776792536, 8776792809]
[2026-08-03 15:05:20] [INFO] [orphan_orders_check] No orphan orders. active=1 known=2
[2026-08-03 15:05:20] [INFO] [orphan_orders_check] orphan order check finished: ok
[2026-08-03 15:05:20] [INFO] [orphan_orders_check] check_orphan_orders.py completed successfully
[2026-08-03 15:05:20] [INFO] [orphan_orders_check] Lock file removed.
[2026-08-03 15:10:03] [INFO] [orphan_orders_check] Running check_orphan_orders.py
[2026-08-03 15:10:03] [INFO] [orphan_orders_check] known order ids from live_state: [8776792536, 8776792809]
[2026-08-03 15:10:03] [INFO] [orphan_orders_check] No orphan orders. active=1 known=2
[2026-08-03 15:10:03] [INFO] [orphan_orders_check] orphan order check finished: ok
[2026-08-03 15:10:03] [INFO] [orphan_orders_check] check_orphan_orders.py completed successfully
[2026-08-03 15:10:03] [INFO] [orphan_orders_check] Lock file removed.
[2026-08-03 15:15:01] [INFO] [orphan_orders_check] Running check_orphan_orders.py
[2026-08-03 15:15:02] [INFO] [orphan_orders_check] known order ids from live_state: [8776792536, 8776792809]
[2026-08-03 15:15:02] [INFO] [orphan_orders_check] No orphan orders. active=1 known=2
[2026-08-03 15:15:02] [INFO] [orphan_orders_check] orphan order check finished: ok
[2026-08-03 15:15:02] [INFO] [orphan_orders_check] check_orphan_orders.py completed successfully
[2026-08-03 15:15:02] [INFO] [orphan_orders_check] Lock file removed.
[2026-08-03 15:20:03] [INFO] [orphan_orders_check] Running check_orphan_orders.py
[2026-08-03 15:20:03] [INFO] [orphan_orders_check] known order ids from live_state: [8776792536, 8776792809]
[2026-08-03 15:20:03] [INFO] [orphan_orders_check] No orphan orders. active=1 known=2
[2026-08-03 15:20:03] [INFO] [orphan_orders_check] orphan order check finished: ok
[2026-08-03 15:20:03] [INFO] [orphan_orders_check] check_orphan_orders.py completed successfully
[2026-08-03 15:20:03] [INFO] [orphan_orders_check] Lock file removed.
[2026-08-03 15:25:20] [INFO] [orphan_orders_check] Running check_orphan_orders.py
[2026-08-03 15:25:20] [INFO] [orphan_orders_check] known order ids from live_state: [8776792536, 8776792809]
[2026-08-03 15:25:20] [INFO] [orphan_orders_check] No orphan orders. active=1 known=2
[2026-08-03 15:25:20] [INFO] [orphan_orders_check] orphan order check finished: ok
[2026-08-03 15:25:20] [INFO] [orphan_orders_check] check_orphan_orders.py completed successfully
[2026-08-03 15:25:20] [INFO] [orphan_orders_check] Lock file removed.
[2026-08-03 15:30:03] [INFO] [orphan_orders_check] Running check_orphan_orders.py
[2026-08-03 15:30:03] [INFO] [orphan_orders_check] known order ids from live_state: [8776792536, 8776792809]
[2026-08-03 15:30:03] [INFO] [orphan_orders_check] No orphan orders. active=1 known=2
[2026-08-03 15:30:03] [INFO] [orphan_orders_check] orphan order check finished: ok
[2026-08-03 15:30:04] [INFO] [orphan_orders_check] check_orphan_orders.py completed successfully
[2026-08-03 15:30:04] [INFO] [orphan_orders_check] Lock file removed.
[2026-08-03 15:35:20] [INFO] [orphan_orders_check] Running check_orphan_orders.py
[2026-08-03 15:35:20] [INFO] [orphan_orders_check] known order ids from live_state: [8776792536, 8776792809]
[2026-08-03 15:35:20] [INFO] [orphan_orders_check] No orphan orders. active=1 known=2
[2026-08-03 15:35:20] [INFO] [orphan_orders_check] orphan order check finished: ok
[2026-08-03 15:35:20] [INFO] [orphan_orders_check] check_orphan_orders.py completed successfully
[2026-08-03 15:35:20] [INFO] [orphan_orders_check] Lock file removed.
[2026-08-03 15:40:03] [INFO] [orphan_orders_check] Running check_orphan_orders.py
[2026-08-03 15:40:03] [INFO] [orphan_orders_check] known order ids from live_state: [8776792536, 8776792809]
[2026-08-03 15:40:03] [INFO] [orphan_orders_check] No orphan orders. active=1 known=2
[2026-08-03 15:40:03] [INFO] [orphan_orders_check] orphan order check finished: ok
[2026-08-03 15:40:03] [INFO] [orphan_orders_check] check_orphan_orders.py completed successfully
[2026-08-03 15:40:03] [INFO] [orphan_orders_check] Lock file removed.
[2026-08-03 15:45:00] [INFO] [orphan_orders_check] Running check_orphan_orders.py
[2026-08-03 15:45:00] [INFO] [orphan_orders_check] known order ids from live_state: [8776792536, 8776792809]
[2026-08-03 15:45:00] [INFO] [orphan_orders_check] No orphan orders. active=1 known=2
[2026-08-03 15:45:00] [INFO] [orphan_orders_check] orphan order check finished: ok
[2026-08-03 15:45:00] [INFO] [orphan_orders_check] check_orphan_orders.py completed successfully
[2026-08-03 15:45:00] [INFO] [orphan_orders_check] Lock file removed.
[2026-08-03 15:50:03] [INFO] [orphan_orders_check] Running check_orphan_orders.py
[2026-08-03 15:50:03] [INFO] [orphan_orders_check] known order ids from live_state: [8776792536, 8776792809]
[2026-08-03 15:50:03] [INFO] [orphan_orders_check] No orphan orders. active=1 known=2
[2026-08-03 15:50:03] [INFO] [orphan_orders_check] orphan order check finished: ok
[2026-08-03 15:50:03] [INFO] [orphan_orders_check] check_orphan_orders.py completed successfully
[2026-08-03 15:50:03] [INFO] [orphan_orders_check] Lock file removed.
[2026-08-03 15:55:20] [INFO] [orphan_orders_check] Running check_orphan_orders.py
[2026-08-03 15:55:20] [INFO] [orphan_orders_check] known order ids from live_state: [8776792536, 8776792809]
[2026-08-03 15:55:20] [INFO] [orphan_orders_check] No orphan orders. active=1 known=2
[2026-08-03 15:55:20] [INFO] [orphan_orders_check] orphan order check finished: ok
[2026-08-03 15:55:20] [INFO] [orphan_orders_check] check_orphan_orders.py completed successfully
[2026-08-03 15:55:20] [INFO] [orphan_orders_check] Lock file removed.
[2026-08-03 16:00:03] [INFO] [orphan_orders_check] Running check_orphan_orders.py
[2026-08-03 16:00:03] [INFO] [orphan_orders_check] known order ids from live_state: [8776792536, 8776792809]
[2026-08-03 16:00:04] [INFO] [orphan_orders_check] No orphan orders. active=1 known=2
[2026-08-03 16:00:04] [INFO] [orphan_orders_check] orphan order check finished: ok
[2026-08-03 16:00:04] [INFO] [orphan_orders_check] check_orphan_orders.py completed successfully
[2026-08-03 16:00:04] [INFO] [orphan_orders_check] Lock file removed.
[2026-08-03 16:05:03] [INFO] [orphan_orders_check] Running check_orphan_orders.py
[2026-08-03 16:05:03] [INFO] [orphan_orders_check] known order ids from live_state: [8777040769]
[2026-08-03 16:05:03] [INFO] [orphan_orders_check] No orphan orders. active=1 known=1
[2026-08-03 16:05:03] [INFO] [orphan_orders_check] orphan order check finished: ok
[2026-08-03 16:05:03] [INFO] [orphan_orders_check] check_orphan_orders.py completed successfully
[2026-08-03 16:05:03] [INFO] [orphan_orders_check] Lock file removed.
[2026-08-03 16:10:03] [INFO] [orphan_orders_check] Running check_orphan_orders.py
[2026-08-03 16:10:03] [INFO] [orphan_orders_check] known order ids from live_state: [8777065831]
[2026-08-03 16:10:18] [ERROR] [orphan_orders_check] Orphan order check failed: GMO API error status=1 messages=[{'message_code': 'ERR-5008', 'message_string': 'Timestamp for this request is too late.'}]
[2026-08-03 16:10:18] [ERROR] [orphan_orders_check] ERROR: check_orphan_orders.py failed (exit=1)
[2026-08-03 16:10:19] [INFO] [orphan_orders_check] Lock file removed.
[2026-08-03 16:15:01] [INFO] [orphan_orders_check] Running check_orphan_orders.py
[2026-08-03 16:15:01] [INFO] [orphan_orders_check] known order ids from live_state: [8777076705]
[2026-08-03 16:15:01] [INFO] [orphan_orders_check] No orphan orders. active=1 known=1
[2026-08-03 16:15:01] [INFO] [orphan_orders_check] orphan order check finished: ok
[2026-08-03 16:15:01] [INFO] [orphan_orders_check] check_orphan_orders.py completed successfully
[2026-08-03 16:15:01] [INFO] [orphan_orders_check] Lock file removed.
[2026-08-03 16:20:03] [INFO] [orphan_orders_check] Running check_orphan_orders.py
[2026-08-03 16:20:03] [INFO] [orphan_orders_check] known order ids from live_state: [8777098431]
[2026-08-03 16:20:03] [INFO] [orphan_orders_check] No orphan orders. active=1 known=1
[2026-08-03 16:20:03] [INFO] [orphan_orders_check] orphan order check finished: ok
[2026-08-03 16:20:03] [INFO] [orphan_orders_check] check_orphan_orders.py completed successfully
[2026-08-03 16:20:03] [INFO] [orphan_orders_check] Lock file removed.
[2026-08-03 16:25:05] [INFO] [orphan_orders_check] Running check_orphan_orders.py
[2026-08-03 16:25:05] [INFO] [orphan_orders_check] known order ids from live_state: [8777116713]
[2026-08-03 16:25:05] [INFO] [orphan_orders_check] No orphan orders. active=0 known=1
[2026-08-03 16:25:05] [INFO] [orphan_orders_check] orphan order check finished: ok
[2026-08-03 16:25:05] [INFO] [orphan_orders_check] check_orphan_orders.py completed successfully
[2026-08-03 16:25:05] [INFO] [orphan_orders_check] Lock file removed.
[2026-08-03 16:30:03] [INFO] [orphan_orders_check] Running check_orphan_orders.py
[2026-08-03 16:30:03] [INFO] [orphan_orders_check] known order ids from live_state: [8777125310]
[2026-08-03 16:30:03] [INFO] [orphan_orders_check] No orphan orders. active=1 known=1
[2026-08-03 16:30:03] [INFO] [orphan_orders_check] orphan order check finished: ok
[2026-08-03 16:30:03] [INFO] [orphan_orders_check] check_orphan_orders.py completed successfully
[2026-08-03 16:30:03] [INFO] [orphan_orders_check] Lock file removed.
[2026-08-03 16:35:12] [INFO] [orphan_orders_check] Running check_orphan_orders.py
[2026-08-03 16:35:12] [INFO] [orphan_orders_check] known order ids from live_state: [8777134613]
[2026-08-03 16:35:12] [INFO] [orphan_orders_check] No orphan orders. active=0 known=1
[2026-08-03 16:35:12] [INFO] [orphan_orders_check] orphan order check finished: ok
[2026-08-03 16:35:12] [INFO] [orphan_orders_check] check_orphan_orders.py completed successfully
[2026-08-03 16:35:12] [INFO] [orphan_orders_check] Lock file removed.
[2026-08-03 16:40:03] [INFO] [orphan_orders_check] Running check_orphan_orders.py
[2026-08-03 16:40:03] [INFO] [orphan_orders_check] known order ids from live_state: [8777143237]
[2026-08-03 16:40:03] [INFO] [orphan_orders_check] No orphan orders. active=1 known=1
[2026-08-03 16:40:03] [INFO] [orphan_orders_check] orphan order check finished: ok
[2026-08-03 16:40:03] [INFO] [orphan_orders_check] check_orphan_orders.py completed successfully
[2026-08-03 16:40:03] [INFO] [orphan_orders_check] Lock file removed.
[2026-08-03 16:45:01] [INFO] [orphan_orders_check] Running check_orphan_orders.py
[2026-08-03 16:45:01] [INFO] [orphan_orders_check] known order ids from live_state: [8777159987]
[2026-08-03 16:45:01] [INFO] [orphan_orders_check] No orphan orders. active=1 known=1
[2026-08-03 16:45:01] [INFO] [orphan_orders_check] orphan order check finished: ok
[2026-08-03 16:45:01] [INFO] [orphan_orders_check] check_orphan_orders.py completed successfully
[2026-08-03 16:45:01] [INFO] [orphan_orders_check] Lock file removed.
[2026-08-03 16:50:03] [INFO] [orphan_orders_check] Running check_orphan_orders.py
[2026-08-03 16:50:03] [INFO] [orphan_orders_check] known order ids from live_state: []
[2026-08-03 16:50:03] [INFO] [orphan_orders_check] No orphan orders. active=0 known=0
[2026-08-03 16:50:03] [INFO] [orphan_orders_check] orphan order check finished: ok
[2026-08-03 16:50:03] [INFO] [orphan_orders_check] check_orphan_orders.py completed successfully
[2026-08-03 16:50:03] [INFO] [orphan_orders_check] Lock file removed.
[2026-08-03 16:55:20] [INFO] [orphan_orders_check] Running check_orphan_orders.py
[2026-08-03 16:55:20] [INFO] [orphan_orders_check] known order ids from live_state: []
[2026-08-03 16:55:20] [INFO] [orphan_orders_check] No orphan orders. active=0 known=0
[2026-08-03 16:55:20] [INFO] [orphan_orders_check] orphan order check finished: ok
[2026-08-03 16:55:20] [INFO] [orphan_orders_check] check_orphan_orders.py completed successfully
[2026-08-03 16:55:20] [INFO] [orphan_orders_check] Lock file removed.
[2026-08-03 17:00:03] [INFO] [orphan_orders_check] Running check_orphan_orders.py
[2026-08-03 17:00:04] [INFO] [orphan_orders_check] known order ids from live_state: [8777196493]
[2026-08-03 17:00:04] [INFO] [orphan_orders_check] No orphan orders. active=1 known=1
[2026-08-03 17:00:04] [INFO] [orphan_orders_check] orphan order check finished: ok
[2026-08-03 17:00:04] [INFO] [orphan_orders_check] check_orphan_orders.py completed successfully
[2026-08-03 17:00:04] [INFO] [orphan_orders_check] Lock file removed.
[2026-08-03 17:05:07] [INFO] [orphan_orders_check] Running check_orphan_orders.py
[2026-08-03 17:05:07] [INFO] [orphan_orders_check] known order ids from live_state: [8777214100]
[2026-08-03 17:05:07] [INFO] [orphan_orders_check] No orphan orders. active=1 known=1
[2026-08-03 17:05:07] [INFO] [orphan_orders_check] orphan order check finished: ok
[2026-08-03 17:05:07] [INFO] [orphan_orders_check] check_orphan_orders.py completed successfully
[2026-08-03 17:05:07] [INFO] [orphan_orders_check] Lock file removed.
[2026-08-03 17:10:03] [INFO] [orphan_orders_check] Running check_orphan_orders.py
[2026-08-03 17:10:03] [INFO] [orphan_orders_check] known order ids from live_state: []
[2026-08-03 17:10:03] [INFO] [orphan_orders_check] No orphan orders. active=0 known=0
[2026-08-03 17:10:03] [INFO] [orphan_orders_check] orphan order check finished: ok
[2026-08-03 17:10:03] [INFO] [orphan_orders_check] check_orphan_orders.py completed successfully
[2026-08-03 17:10:03] [INFO] [orphan_orders_check] Lock file removed.
[2026-08-03 17:15:01] [INFO] [orphan_orders_check] Running check_orphan_orders.py
[2026-08-03 17:15:01] [INFO] [orphan_orders_check] known order ids from live_state: [8777243142]
[2026-08-03 17:15:01] [INFO] [orphan_orders_check] No orphan orders. active=1 known=1
[2026-08-03 17:15:01] [INFO] [orphan_orders_check] orphan order check finished: ok
[2026-08-03 17:15:01] [INFO] [orphan_orders_check] check_orphan_orders.py completed successfully
[2026-08-03 17:15:01] [INFO] [orphan_orders_check] Lock file removed.
[2026-08-03 17:20:03] [INFO] [orphan_orders_check] Running check_orphan_orders.py
[2026-08-03 17:20:03] [INFO] [orphan_orders_check] known order ids from live_state: [8777250743]
[2026-08-03 17:20:03] [INFO] [orphan_orders_check] No orphan orders. active=0 known=1
[2026-08-03 17:20:03] [INFO] [orphan_orders_check] orphan order check finished: ok
[2026-08-03 17:20:03] [INFO] [orphan_orders_check] check_orphan_orders.py completed successfully
[2026-08-03 17:20:03] [INFO] [orphan_orders_check] Lock file removed.
[2026-08-03 17:25:13] [INFO] [orphan_orders_check] Running check_orphan_orders.py
[2026-08-03 17:25:13] [INFO] [orphan_orders_check] known order ids from live_state: [8777277482]
[2026-08-03 17:25:13] [INFO] [orphan_orders_check] No orphan orders. active=0 known=1
[2026-08-03 17:25:13] [INFO] [orphan_orders_check] orphan order check finished: ok
[2026-08-03 17:25:13] [INFO] [orphan_orders_check] check_orphan_orders.py completed successfully
[2026-08-03 17:25:13] [INFO] [orphan_orders_check] Lock file removed.
[2026-08-03 17:30:03] [INFO] [orphan_orders_check] Running check_orphan_orders.py
[2026-08-03 17:30:03] [INFO] [orphan_orders_check] known order ids from live_state: [8777287836]
[2026-08-03 17:30:03] [INFO] [orphan_orders_check] No orphan orders. active=0 known=1
[2026-08-03 17:30:03] [INFO] [orphan_orders_check] orphan order check finished: ok
[2026-08-03 17:30:04] [INFO] [orphan_orders_check] check_orphan_orders.py completed successfully
[2026-08-03 17:30:04] [INFO] [orphan_orders_check] Lock file removed.
[2026-08-03 17:35:20] [INFO] [orphan_orders_check] Running check_orphan_orders.py
[2026-08-03 17:35:20] [INFO] [orphan_orders_check] known order ids from live_state: [8777308487]
[2026-08-03 17:35:20] [INFO] [orphan_orders_check] No orphan orders. active=0 known=1
[2026-08-03 17:35:20] [INFO] [orphan_orders_check] orphan order check finished: ok
[2026-08-03 17:35:20] [INFO] [orphan_orders_check] check_orphan_orders.py completed successfully
[2026-08-03 17:35:20] [INFO] [orphan_orders_check] Lock file removed.
[2026-08-03 17:40:03] [INFO] [orphan_orders_check] Running check_orphan_orders.py
[2026-08-03 17:40:03] [INFO] [orphan_orders_check] known order ids from live_state: [8777314232, 8777314364]
[2026-08-03 17:40:08] [INFO] [orphan_orders_check] No orphan orders. active=1 known=2
[2026-08-03 17:40:08] [INFO] [orphan_orders_check] orphan order check finished: ok
[2026-08-03 17:40:08] [INFO] [orphan_orders_check] check_orphan_orders.py completed successfully
[2026-08-03 17:40:08] [INFO] [orphan_orders_check] Lock file removed.
[2026-08-03 17:45:01] [INFO] [orphan_orders_check] Running check_orphan_orders.py
[2026-08-03 17:45:01] [INFO] [orphan_orders_check] known order ids from live_state: [8777314232, 8777314364]
[2026-08-03 17:45:01] [INFO] [orphan_orders_check] No orphan orders. active=1 known=2
[2026-08-03 17:45:01] [INFO] [orphan_orders_check] orphan order check finished: ok
[2026-08-03 17:45:01] [INFO] [orphan_orders_check] check_orphan_orders.py completed successfully
[2026-08-03 17:45:01] [INFO] [orphan_orders_check] Lock file removed.
[2026-08-03 17:50:03] [INFO] [orphan_orders_check] Running check_orphan_orders.py
[2026-08-03 17:50:03] [INFO] [orphan_orders_check] known order ids from live_state: [8777342334]
[2026-08-03 17:50:03] [INFO] [orphan_orders_check] No orphan orders. active=1 known=1
[2026-08-03 17:50:03] [INFO] [orphan_orders_check] orphan order check finished: ok
[2026-08-03 17:50:03] [INFO] [orphan_orders_check] check_orphan_orders.py completed successfully
[2026-08-03 17:50:03] [INFO] [orphan_orders_check] Lock file removed.
[2026-08-03 17:55:14] [INFO] [orphan_orders_check] Running check_orphan_orders.py
[2026-08-03 17:55:14] [INFO] [orphan_orders_check] known order ids from live_state: [8777366681]
[2026-08-03 17:55:14] [INFO] [orphan_orders_check] No orphan orders. active=0 known=1
[2026-08-03 17:55:14] [INFO] [orphan_orders_check] orphan order check finished: ok
[2026-08-03 17:55:14] [INFO] [orphan_orders_check] check_orphan_orders.py completed successfully
[2026-08-03 17:55:14] [INFO] [orphan_orders_check] Lock file removed.
[2026-08-03 18:00:03] [INFO] [orphan_orders_check] Running check_orphan_orders.py
[2026-08-03 18:00:04] [INFO] [orphan_orders_check] known order ids from live_state: [8777375308]
[2026-08-03 18:00:04] [INFO] [orphan_orders_check] No orphan orders. active=1 known=1
[2026-08-03 18:00:04] [INFO] [orphan_orders_check] orphan order check finished: ok
[2026-08-03 18:00:04] [INFO] [orphan_orders_check] check_orphan_orders.py completed successfully
[2026-08-03 18:00:04] [INFO] [orphan_orders_check] Lock file removed.
[2026-08-03 18:05:20] [INFO] [orphan_orders_check] Running check_orphan_orders.py
[2026-08-03 18:05:20] [INFO] [orphan_orders_check] known order ids from live_state: [8777395350]
[2026-08-03 18:05:25] [INFO] [orphan_orders_check] No orphan orders. active=1 known=1
[2026-08-03 18:05:25] [INFO] [orphan_orders_check] orphan order check finished: ok
[2026-08-03 18:05:25] [INFO] [orphan_orders_check] check_orphan_orders.py completed successfully
[2026-08-03 18:05:25] [INFO] [orphan_orders_check] Lock file removed.
[2026-08-03 18:10:03] [INFO] [orphan_orders_check] Running check_orphan_orders.py
[2026-08-03 18:10:03] [INFO] [orphan_orders_check] known order ids from live_state: [8777395350, 8777395764]
[2026-08-03 18:10:03] [INFO] [orphan_orders_check] No orphan orders. active=1 known=2
[2026-08-03 18:10:03] [INFO] [orphan_orders_check] orphan order check finished: ok
[2026-08-03 18:10:03] [INFO] [orphan_orders_check] check_orphan_orders.py completed successfully
[2026-08-03 18:10:03] [INFO] [orphan_orders_check] Lock file removed.
[2026-08-03 18:15:01] [INFO] [orphan_orders_check] Running check_orphan_orders.py
[2026-08-03 18:15:01] [INFO] [orphan_orders_check] known order ids from live_state: [8777395350, 8777395764]
[2026-08-03 18:15:01] [INFO] [orphan_orders_check] No orphan orders. active=1 known=2
[2026-08-03 18:15:01] [INFO] [orphan_orders_check] orphan order check finished: ok
[2026-08-03 18:15:02] [INFO] [orphan_orders_check] check_orphan_orders.py completed successfully
[2026-08-03 18:15:02] [INFO] [orphan_orders_check] Lock file removed.
[2026-08-03 18:20:03] [INFO] [orphan_orders_check] Running check_orphan_orders.py
[2026-08-03 18:20:03] [INFO] [orphan_orders_check] known order ids from live_state: [8777395350, 8777395764]
[2026-08-03 18:20:03] [INFO] [orphan_orders_check] No orphan orders. active=1 known=2
[2026-08-03 18:20:03] [INFO] [orphan_orders_check] orphan order check finished: ok
[2026-08-03 18:20:03] [INFO] [orphan_orders_check] check_orphan_orders.py completed successfully
[2026-08-03 18:20:03] [INFO] [orphan_orders_check] Lock file removed.
[2026-08-03 18:25:09] [INFO] [orphan_orders_check] Running check_orphan_orders.py
[2026-08-03 18:25:09] [INFO] [orphan_orders_check] known order ids from live_state: [8777433212]
[2026-08-03 18:25:10] [INFO] [orphan_orders_check] No orphan orders. active=0 known=1
[2026-08-03 18:25:10] [INFO] [orphan_orders_check] orphan order check finished: ok
[2026-08-03 18:25:10] [INFO] [orphan_orders_check] check_orphan_orders.py completed successfully
[2026-08-03 18:25:10] [INFO] [orphan_orders_check] Lock file removed.
[2026-08-03 18:30:03] [INFO] [orphan_orders_check] Running check_orphan_orders.py
[2026-08-03 18:30:03] [INFO] [orphan_orders_check] known order ids from live_state: [8777449585]
[2026-08-03 18:30:03] [INFO] [orphan_orders_check] No orphan orders. active=1 known=1
[2026-08-03 18:30:03] [INFO] [orphan_orders_check] orphan order check finished: ok
[2026-08-03 18:30:03] [INFO] [orphan_orders_check] check_orphan_orders.py completed successfully
[2026-08-03 18:30:03] [INFO] [orphan_orders_check] Lock file removed.
[2026-08-03 18:35:20] [INFO] [orphan_orders_check] Running check_orphan_orders.py
[2026-08-03 18:35:20] [INFO] [orphan_orders_check] known order ids from live_state: [8777450103, 8777459122]
[2026-08-03 18:35:20] [INFO] [orphan_orders_check] No orphan orders. active=1 known=2
[2026-08-03 18:35:20] [INFO] [orphan_orders_check] orphan order check finished: ok
[2026-08-03 18:35:20] [INFO] [orphan_orders_check] check_orphan_orders.py completed successfully
[2026-08-03 18:35:20] [INFO] [orphan_orders_check] Lock file removed.
[2026-08-03 18:40:02] [INFO] [orphan_orders_check] Running check_orphan_orders.py
[2026-08-03 18:40:03] [INFO] [orphan_orders_check] known order ids from live_state: [8777450103, 8777459122]
[2026-08-03 18:40:03] [INFO] [orphan_orders_check] No orphan orders. active=1 known=2
[2026-08-03 18:40:03] [INFO] [orphan_orders_check] orphan order check finished: ok
[2026-08-03 18:40:03] [INFO] [orphan_orders_check] check_orphan_orders.py completed successfully
[2026-08-03 18:40:03] [INFO] [orphan_orders_check] Lock file removed.
[2026-08-03 18:45:20] [INFO] [orphan_orders_check] Running check_orphan_orders.py
[2026-08-03 18:45:20] [INFO] [orphan_orders_check] known order ids from live_state: [8777450103, 8777459122]
[2026-08-03 18:45:20] [INFO] [orphan_orders_check] No orphan orders. active=1 known=2
[2026-08-03 18:45:20] [INFO] [orphan_orders_check] orphan order check finished: ok
[2026-08-03 18:45:20] [INFO] [orphan_orders_check] check_orphan_orders.py completed successfully
[2026-08-03 18:45:20] [INFO] [orphan_orders_check] Lock file removed.
[2026-08-03 18:50:03] [INFO] [orphan_orders_check] Running check_orphan_orders.py
[2026-08-03 18:50:03] [INFO] [orphan_orders_check] known order ids from live_state: [8777494976]
[2026-08-03 18:50:03] [INFO] [orphan_orders_check] No orphan orders. active=0 known=1
[2026-08-03 18:50:03] [INFO] [orphan_orders_check] orphan order check finished: ok
[2026-08-03 18:50:03] [INFO] [orphan_orders_check] check_orphan_orders.py completed successfully
[2026-08-03 18:50:03] [INFO] [orphan_orders_check] Lock file removed.
[2026-08-03 18:55:03] [INFO] [orphan_orders_check] Running check_orphan_orders.py
[2026-08-03 18:55:03] [INFO] [orphan_orders_check] known order ids from live_state: [8777495231]
[2026-08-03 18:55:03] [INFO] [orphan_orders_check] No orphan orders. active=0 known=1
[2026-08-03 18:55:03] [INFO] [orphan_orders_check] orphan order check finished: ok
[2026-08-03 18:55:03] [INFO] [orphan_orders_check] check_orphan_orders.py completed successfully
[2026-08-03 18:55:03] [INFO] [orphan_orders_check] Lock file removed.
[2026-08-03 19:00:03] [INFO] [orphan_orders_check] Running check_orphan_orders.py
[2026-08-03 19:00:03] [INFO] [orphan_orders_check] known order ids from live_state: [8777517286]
[2026-08-03 19:00:04] [INFO] [orphan_orders_check] No orphan orders. active=0 known=1
[2026-08-03 19:00:04] [INFO] [orphan_orders_check] orphan order check finished: ok
[2026-08-03 19:00:04] [INFO] [orphan_orders_check] check_orphan_orders.py completed successfully
[2026-08-03 19:00:04] [INFO] [orphan_orders_check] Lock file removed.
[2026-08-03 19:05:03] [INFO] [orphan_orders_check] Running check_orphan_orders.py
[2026-08-03 19:05:03] [INFO] [orphan_orders_check] known order ids from live_state: [8777537412]
[2026-08-03 19:05:03] [INFO] [orphan_orders_check] No orphan orders. active=0 known=1
[2026-08-03 19:05:03] [INFO] [orphan_orders_check] orphan order check finished: ok
[2026-08-03 19:05:03] [INFO] [orphan_orders_check] check_orphan_orders.py completed successfully
[2026-08-03 19:05:03] [INFO] [orphan_orders_check] Lock file removed.
[2026-08-03 19:10:03] [INFO] [orphan_orders_check] Running check_orphan_orders.py
[2026-08-03 19:10:03] [INFO] [orphan_orders_check] known order ids from live_state: []
[2026-08-03 19:10:03] [INFO] [orphan_orders_check] No orphan orders. active=0 known=0
[2026-08-03 19:10:03] [INFO] [orphan_orders_check] orphan order check finished: ok
[2026-08-03 19:10:03] [INFO] [orphan_orders_check] check_orphan_orders.py completed successfully
[2026-08-03 19:10:03] [INFO] [orphan_orders_check] Lock file removed.
[2026-08-03 19:15:01] [INFO] [orphan_orders_check] Running check_orphan_orders.py
[2026-08-03 19:15:01] [INFO] [orphan_orders_check] known order ids from live_state: [8777556743]
[2026-08-03 19:15:02] [INFO] [orphan_orders_check] No orphan orders. active=0 known=1
[2026-08-03 19:15:02] [INFO] [orphan_orders_check] orphan order check finished: ok
[2026-08-03 19:15:02] [INFO] [orphan_orders_check] check_orphan_orders.py completed successfully
[2026-08-03 19:15:02] [INFO] [orphan_orders_check] Lock file removed.
[2026-08-03 19:20:03] [INFO] [orphan_orders_check] Running check_orphan_orders.py
[2026-08-03 19:20:03] [INFO] [orphan_orders_check] known order ids from live_state: [8777574576]
[2026-08-03 19:20:03] [INFO] [orphan_orders_check] No orphan orders. active=1 known=1
[2026-08-03 19:20:03] [INFO] [orphan_orders_check] orphan order check finished: ok
[2026-08-03 19:20:03] [INFO] [orphan_orders_check] check_orphan_orders.py completed successfully
[2026-08-03 19:20:03] [INFO] [orphan_orders_check] Lock file removed.
[2026-08-03 19:25:05] [INFO] [orphan_orders_check] Running check_orphan_orders.py
[2026-08-03 19:25:05] [INFO] [orphan_orders_check] known order ids from live_state: []
[2026-08-03 19:25:05] [WARNING] [orphan_orders_check] [ALERT] orphan GMO active order(s) detected | count=1 | detail=orders not tracked by entry/tp/sl_order_id in live_state.db | action=manual review required (no auto-cancel) | [1] orderId=8777584361 side=SELL price=9854942 size=0.001
[2026-08-03 19:25:06] [INFO] [orphan_orders_check] orphan order check finished: orphan_detected
[2026-08-03 19:25:06] [INFO] [orphan_orders_check] check_orphan_orders.py completed successfully
[2026-08-03 19:25:06] [INFO] [orphan_orders_check] Lock file removed.
[2026-08-03 19:30:03] [INFO] [orphan_orders_check] Running check_orphan_orders.py
[2026-08-03 19:30:03] [INFO] [orphan_orders_check] known order ids from live_state: []
[2026-08-03 19:30:03] [INFO] [orphan_orders_check] No orphan orders. active=0 known=0
[2026-08-03 19:30:03] [INFO] [orphan_orders_check] orphan order check finished: ok
[2026-08-03 19:30:03] [INFO] [orphan_orders_check] check_orphan_orders.py completed successfully
[2026-08-03 19:30:03] [INFO] [orphan_orders_check] Lock file removed.
[2026-08-03 19:35:10] [INFO] [orphan_orders_check] Running check_orphan_orders.py
[2026-08-03 19:35:11] [INFO] [orphan_orders_check] known order ids from live_state: [8777608034]
[2026-08-03 19:35:11] [INFO] [orphan_orders_check] No orphan orders. active=0 known=1
[2026-08-03 19:35:11] [INFO] [orphan_orders_check] orphan order check finished: ok
[2026-08-03 19:35:11] [INFO] [orphan_orders_check] check_orphan_orders.py completed successfully
[2026-08-03 19:35:11] [INFO] [orphan_orders_check] Lock file removed.
[2026-08-03 19:40:03] [INFO] [orphan_orders_check] Running check_orphan_orders.py
[2026-08-03 19:40:03] [INFO] [orphan_orders_check] known order ids from live_state: [8777617626]
[2026-08-03 19:40:03] [INFO] [orphan_orders_check] No orphan orders. active=1 known=1
[2026-08-03 19:40:03] [INFO] [orphan_orders_check] orphan order check finished: ok
[2026-08-03 19:40:03] [INFO] [orphan_orders_check] check_orphan_orders.py completed successfully
[2026-08-03 19:40:03] [INFO] [orphan_orders_check] Lock file removed.
[2026-08-03 19:45:01] [INFO] [orphan_orders_check] Running check_orphan_orders.py
[2026-08-03 19:45:02] [INFO] [orphan_orders_check] known order ids from live_state: [8777629131]
[2026-08-03 19:45:02] [INFO] [orphan_orders_check] No orphan orders. active=1 known=1
[2026-08-03 19:45:02] [INFO] [orphan_orders_check] orphan order check finished: ok
[2026-08-03 19:45:02] [INFO] [orphan_orders_check] check_orphan_orders.py completed successfully
[2026-08-03 19:45:02] [INFO] [orphan_orders_check] Lock file removed.
[2026-08-03 19:50:03] [INFO] [orphan_orders_check] Running check_orphan_orders.py
[2026-08-03 19:50:03] [INFO] [orphan_orders_check] known order ids from live_state: []
[2026-08-03 19:50:03] [INFO] [orphan_orders_check] No orphan orders. active=0 known=0
[2026-08-03 19:50:03] [INFO] [orphan_orders_check] orphan order check finished: ok
[2026-08-03 19:50:03] [INFO] [orphan_orders_check] check_orphan_orders.py completed successfully
[2026-08-03 19:50:03] [INFO] [orphan_orders_check] Lock file removed.
[2026-08-03 19:55:20] [INFO] [orphan_orders_check] Running check_orphan_orders.py
[2026-08-03 19:55:20] [INFO] [orphan_orders_check] known order ids from live_state: [8777656778]
[2026-08-03 19:55:20] [INFO] [orphan_orders_check] No orphan orders. active=1 known=1
[2026-08-03 19:55:20] [INFO] [orphan_orders_check] orphan order check finished: ok
[2026-08-03 19:55:20] [INFO] [orphan_orders_check] check_orphan_orders.py completed successfully
[2026-08-03 19:55:20] [INFO] [orphan_orders_check] Lock file removed.
[2026-08-03 20:00:02] [INFO] [orphan_orders_check] Running check_orphan_orders.py
[2026-08-03 20:00:02] [INFO] [orphan_orders_check] known order ids from live_state: []
[2026-08-03 20:00:03] [INFO] [orphan_orders_check] No orphan orders. active=0 known=0
[2026-08-03 20:00:03] [INFO] [orphan_orders_check] orphan order check finished: ok
[2026-08-03 20:00:03] [INFO] [orphan_orders_check] check_orphan_orders.py completed successfully
[2026-08-03 20:00:03] [INFO] [orphan_orders_check] Lock file removed.
[2026-08-03 20:05:01] [INFO] [orphan_orders_check] Running check_orphan_orders.py
[2026-08-03 20:05:01] [INFO] [orphan_orders_check] known order ids from live_state: [8777682385]
[2026-08-03 20:05:01] [INFO] [orphan_orders_check] No orphan orders. active=0 known=1
[2026-08-03 20:05:01] [INFO] [orphan_orders_check] orphan order check finished: ok
[2026-08-03 20:05:01] [INFO] [orphan_orders_check] check_orphan_orders.py completed successfully
[2026-08-03 20:05:01] [INFO] [orphan_orders_check] Lock file removed.
[2026-08-03 20:10:02] [INFO] [orphan_orders_check] Running check_orphan_orders.py
[2026-08-03 20:10:02] [INFO] [orphan_orders_check] known order ids from live_state: [8777692726]
[2026-08-03 20:10:03] [INFO] [orphan_orders_check] No orphan orders. active=0 known=1
[2026-08-03 20:10:03] [INFO] [orphan_orders_check] orphan order check finished: ok
[2026-08-03 20:10:03] [INFO] [orphan_orders_check] check_orphan_orders.py completed successfully
[2026-08-03 20:10:03] [INFO] [orphan_orders_check] Lock file removed.
[2026-08-03 20:15:20] [INFO] [orphan_orders_check] Running check_orphan_orders.py
[2026-08-03 20:15:20] [INFO] [orphan_orders_check] known order ids from live_state: []
[2026-08-03 20:15:20] [INFO] [orphan_orders_check] No orphan orders. active=0 known=0
[2026-08-03 20:15:20] [INFO] [orphan_orders_check] orphan order check finished: ok
[2026-08-03 20:15:20] [INFO] [orphan_orders_check] check_orphan_orders.py completed successfully
[2026-08-03 20:15:20] [INFO] [orphan_orders_check] Lock file removed.
[2026-08-03 20:20:03] [INFO] [orphan_orders_check] Running check_orphan_orders.py
[2026-08-03 20:20:03] [INFO] [orphan_orders_check] known order ids from live_state: []
[2026-08-03 20:20:03] [INFO] [orphan_orders_check] No orphan orders. active=0 known=0
[2026-08-03 20:20:03] [INFO] [orphan_orders_check] orphan order check finished: ok
[2026-08-03 20:20:03] [INFO] [orphan_orders_check] check_orphan_orders.py completed successfully
[2026-08-03 20:20:03] [INFO] [orphan_orders_check] Lock file removed.
[2026-08-03 20:25:20] [INFO] [orphan_orders_check] Running check_orphan_orders.py
[2026-08-03 20:25:20] [INFO] [orphan_orders_check] known order ids from live_state: [8777731775]
[2026-08-03 20:25:20] [INFO] [orphan_orders_check] No orphan orders. active=1 known=1
[2026-08-03 20:25:20] [INFO] [orphan_orders_check] orphan order check finished: ok
[2026-08-03 20:25:20] [INFO] [orphan_orders_check] check_orphan_orders.py completed successfully
[2026-08-03 20:25:20] [INFO] [orphan_orders_check] Lock file removed.
[2026-08-03 20:30:03] [INFO] [orphan_orders_check] Running check_orphan_orders.py
[2026-08-03 20:30:03] [INFO] [orphan_orders_check] known order ids from live_state: [8777731775]
[2026-08-03 20:30:03] [INFO] [orphan_orders_check] No orphan orders. active=1 known=1
[2026-08-03 20:30:03] [INFO] [orphan_orders_check] orphan order check finished: ok
[2026-08-03 20:30:03] [INFO] [orphan_orders_check] check_orphan_orders.py completed successfully
[2026-08-03 20:30:03] [INFO] [orphan_orders_check] Lock file removed.
[2026-08-03 20:35:14] [INFO] [orphan_orders_check] Running check_orphan_orders.py
[2026-08-03 20:35:14] [INFO] [orphan_orders_check] known order ids from live_state: [8777751583]
[2026-08-03 20:35:14] [INFO] [orphan_orders_check] No orphan orders. active=1 known=1
[2026-08-03 20:35:14] [INFO] [orphan_orders_check] orphan order check finished: ok
[2026-08-03 20:35:14] [INFO] [orphan_orders_check] check_orphan_orders.py completed successfully
[2026-08-03 20:35:14] [INFO] [orphan_orders_check] Lock file removed.
[2026-08-03 20:40:03] [INFO] [orphan_orders_check] Running check_orphan_orders.py
[2026-08-03 20:40:03] [INFO] [orphan_orders_check] known order ids from live_state: [8777763137]
[2026-08-03 20:40:03] [INFO] [orphan_orders_check] No orphan orders. active=1 known=1
[2026-08-03 20:40:03] [INFO] [orphan_orders_check] orphan order check finished: ok
[2026-08-03 20:40:03] [INFO] [orphan_orders_check] check_orphan_orders.py completed successfully
[2026-08-03 20:40:03] [INFO] [orphan_orders_check] Lock file removed.
[2026-08-03 20:45:02] [INFO] [orphan_orders_check] Running check_orphan_orders.py
[2026-08-03 20:45:02] [INFO] [orphan_orders_check] known order ids from live_state: [8777772269]
[2026-08-03 20:45:02] [INFO] [orphan_orders_check] No orphan orders. active=0 known=1
[2026-08-03 20:45:02] [INFO] [orphan_orders_check] orphan order check finished: ok
[2026-08-03 20:45:02] [INFO] [orphan_orders_check] check_orphan_orders.py completed successfully
[2026-08-03 20:45:02] [INFO] [orphan_orders_check] Lock file removed.
