1:[2026-08-03 00:00:03] [INFO] [orphan_orders_check] Running check_orphan_orders.py
2:[2026-08-03 00:00:04] [INFO] [orphan_orders_check] known order ids from live_state: [8774785275, 8774785282]
3:[2026-08-03 00:00:04] [INFO] [orphan_orders_check] No orphan orders. active=1 known=2
4:[2026-08-03 00:00:04] [INFO] [orphan_orders_check] orphan order check finished: ok
5:[2026-08-03 00:00:04] [INFO] [orphan_orders_check] check_orphan_orders.py completed successfully
6:[2026-08-03 00:00:04] [INFO] [orphan_orders_check] Lock file removed.
7:[2026-08-03 00:05:04] [INFO] [orphan_orders_check] Running check_orphan_orders.py
8:[2026-08-03 00:05:04] [INFO] [orphan_orders_check] known order ids from live_state: [8774785275, 8774785282]
9:[2026-08-03 00:05:04] [INFO] [orphan_orders_check] No orphan orders. active=1 known=2
10:[2026-08-03 00:05:04] [INFO] [orphan_orders_check] orphan order check finished: ok
11:[2026-08-03 00:05:04] [INFO] [orphan_orders_check] check_orphan_orders.py completed successfully
12:[2026-08-03 00:05:04] [INFO] [orphan_orders_check] Lock file removed.
13:[2026-08-03 00:10:20] [INFO] [orphan_orders_check] Running check_orphan_orders.py
14:[2026-08-03 00:10:20] [INFO] [orphan_orders_check] known order ids from live_state: [8774785275, 8774785282]
15:[2026-08-03 00:10:20] [INFO] [orphan_orders_check] No orphan orders. active=1 known=2
16:[2026-08-03 00:10:20] [INFO] [orphan_orders_check] orphan order check finished: ok
17:[2026-08-03 00:10:20] [INFO] [orphan_orders_check] check_orphan_orders.py completed successfully
18:[2026-08-03 00:10:20] [INFO] [orphan_orders_check] Lock file removed.
19:[2026-08-03 00:15:01] [INFO] [orphan_orders_check] Running check_orphan_orders.py
20:[2026-08-03 00:15:01] [INFO] [orphan_orders_check] known order ids from live_state: [8774785275, 8774785282]
21:[2026-08-03 00:15:01] [INFO] [orphan_orders_check] No orphan orders. active=1 known=2
22:[2026-08-03 00:15:01] [INFO] [orphan_orders_check] orphan order check finished: ok
23:[2026-08-03 00:15:01] [INFO] [orphan_orders_check] check_orphan_orders.py completed successfully
24:[2026-08-03 00:15:01] [INFO] [orphan_orders_check] Lock file removed.
25:[2026-08-03 00:20:20] [INFO] [orphan_orders_check] Running check_orphan_orders.py
26:[2026-08-03 00:20:20] [INFO] [orphan_orders_check] known order ids from live_state: [8774785275, 8774785282]
27:[2026-08-03 00:20:20] [INFO] [orphan_orders_check] No orphan orders. active=1 known=2
28:[2026-08-03 00:20:20] [INFO] [orphan_orders_check] orphan order check finished: ok
29:[2026-08-03 00:20:20] [INFO] [orphan_orders_check] check_orphan_orders.py completed successfully
30:[2026-08-03 00:20:20] [INFO] [orphan_orders_check] Lock file removed.
31:[2026-08-03 00:25:20] [INFO] [orphan_orders_check] Running check_orphan_orders.py
32:[2026-08-03 00:25:20] [INFO] [orphan_orders_check] known order ids from live_state: [8774785275, 8774785282]
33:[2026-08-03 00:25:21] [INFO] [orphan_orders_check] No orphan orders. active=1 known=2
34:[2026-08-03 00:25:21] [INFO] [orphan_orders_check] orphan order check finished: ok
35:[2026-08-03 00:25:21] [INFO] [orphan_orders_check] check_orphan_orders.py completed successfully
36:[2026-08-03 00:25:21] [INFO] [orphan_orders_check] Lock file removed.
37:[2026-08-03 00:30:03] [INFO] [orphan_orders_check] Running check_orphan_orders.py
38:[2026-08-03 00:30:03] [INFO] [orphan_orders_check] known order ids from live_state: [8774785275, 8774785282]
39:[2026-08-03 00:30:04] [INFO] [orphan_orders_check] No orphan orders. active=1 known=2
40:[2026-08-03 00:30:04] [INFO] [orphan_orders_check] orphan order check finished: ok
41:[2026-08-03 00:30:04] [INFO] [orphan_orders_check] check_orphan_orders.py completed successfully
42:[2026-08-03 00:30:04] [INFO] [orphan_orders_check] Lock file removed.
43:[2026-08-03 00:35:03] [INFO] [orphan_orders_check] Running check_orphan_orders.py
44:[2026-08-03 00:35:03] [INFO] [orphan_orders_check] known order ids from live_state: [8774785275, 8774785282]
45:[2026-08-03 00:35:03] [INFO] [orphan_orders_check] No orphan orders. active=1 known=2
46:[2026-08-03 00:35:03] [INFO] [orphan_orders_check] orphan order check finished: ok
47:[2026-08-03 00:35:03] [INFO] [orphan_orders_check] check_orphan_orders.py completed successfully
48:[2026-08-03 00:35:03] [INFO] [orphan_orders_check] Lock file removed.
49:[2026-08-03 00:40:03] [INFO] [orphan_orders_check] Running check_orphan_orders.py
50:[2026-08-03 00:40:03] [INFO] [orphan_orders_check] known order ids from live_state: [8774785275, 8774785282]
51:[2026-08-03 00:40:03] [INFO] [orphan_orders_check] No orphan orders. active=1 known=2
52:[2026-08-03 00:40:03] [INFO] [orphan_orders_check] orphan order check finished: ok
53:[2026-08-03 00:40:03] [INFO] [orphan_orders_check] check_orphan_orders.py completed successfully
54:[2026-08-03 00:40:03] [INFO] [orphan_orders_check] Lock file removed.
55:[2026-08-03 00:45:01] [INFO] [orphan_orders_check] Running check_orphan_orders.py
56:[2026-08-03 00:45:01] [INFO] [orphan_orders_check] known order ids from live_state: [8774785275, 8774785282]
57:[2026-08-03 00:45:01] [INFO] [orphan_orders_check] No orphan orders. active=1 known=2
58:[2026-08-03 00:45:01] [INFO] [orphan_orders_check] orphan order check finished: ok
59:[2026-08-03 00:45:01] [INFO] [orphan_orders_check] check_orphan_orders.py completed successfully
60:[2026-08-03 00:45:01] [INFO] [orphan_orders_check] Lock file removed.
61:[2026-08-03 00:50:00] [INFO] [orphan_orders_check] Running check_orphan_orders.py
62:[2026-08-03 00:50:00] [INFO] [orphan_orders_check] known order ids from live_state: [8774785275, 8774785282]
63:[2026-08-03 00:50:00] [INFO] [orphan_orders_check] No orphan orders. active=1 known=2
64:[2026-08-03 00:50:00] [INFO] [orphan_orders_check] orphan order check finished: ok
65:[2026-08-03 00:50:00] [INFO] [orphan_orders_check] check_orphan_orders.py completed successfully
66:[2026-08-03 00:50:00] [INFO] [orphan_orders_check] Lock file removed.
67:[2026-08-03 00:55:03] [INFO] [orphan_orders_check] Running check_orphan_orders.py
68:[2026-08-03 00:55:03] [INFO] [orphan_orders_check] known order ids from live_state: [8774785275, 8774785282]
69:[2026-08-03 00:55:03] [INFO] [orphan_orders_check] No orphan orders. active=1 known=2
70:[2026-08-03 00:55:03] [INFO] [orphan_orders_check] orphan order check finished: ok
71:[2026-08-03 00:55:03] [INFO] [orphan_orders_check] check_orphan_orders.py completed successfully
72:[2026-08-03 00:55:03] [INFO] [orphan_orders_check] Lock file removed.
73:[2026-08-03 01:00:03] [INFO] [orphan_orders_check] Running check_orphan_orders.py
74:[2026-08-03 01:00:04] [INFO] [orphan_orders_check] known order ids from live_state: [8774785275, 8774785282]
75:[2026-08-03 01:00:04] [INFO] [orphan_orders_check] No orphan orders. active=1 known=2
76:[2026-08-03 01:00:04] [INFO] [orphan_orders_check] orphan order check finished: ok
77:[2026-08-03 01:00:04] [INFO] [orphan_orders_check] check_orphan_orders.py completed successfully
78:[2026-08-03 01:00:04] [INFO] [orphan_orders_check] Lock file removed.
79:[2026-08-03 01:05:03] [INFO] [orphan_orders_check] Running check_orphan_orders.py
80:[2026-08-03 01:05:03] [INFO] [orphan_orders_check] known order ids from live_state: [8774785275, 8774785282]
81:[2026-08-03 01:05:03] [INFO] [orphan_orders_check] No orphan orders. active=1 known=2
82:[2026-08-03 01:05:03] [INFO] [orphan_orders_check] orphan order check finished: ok
83:[2026-08-03 01:05:03] [INFO] [orphan_orders_check] check_orphan_orders.py completed successfully
84:[2026-08-03 01:05:03] [INFO] [orphan_orders_check] Lock file removed.
85:[2026-08-03 01:10:03] [INFO] [orphan_orders_check] Running check_orphan_orders.py
86:[2026-08-03 01:10:03] [INFO] [orphan_orders_check] known order ids from live_state: [8774785275, 8774785282]
87:[2026-08-03 01:10:03] [INFO] [orphan_orders_check] No orphan orders. active=1 known=2
88:[2026-08-03 01:10:03] [INFO] [orphan_orders_check] orphan order check finished: ok
89:[2026-08-03 01:10:03] [INFO] [orphan_orders_check] check_orphan_orders.py completed successfully
90:[2026-08-03 01:10:03] [INFO] [orphan_orders_check] Lock file removed.
91:[2026-08-03 01:15:01] [INFO] [orphan_orders_check] Running check_orphan_orders.py
92:[2026-08-03 01:15:01] [INFO] [orphan_orders_check] known order ids from live_state: [8774785275, 8774785282]
93:[2026-08-03 01:15:01] [INFO] [orphan_orders_check] No orphan orders. active=1 known=2
94:[2026-08-03 01:15:01] [INFO] [orphan_orders_check] orphan order check finished: ok
95:[2026-08-03 01:15:01] [INFO] [orphan_orders_check] check_orphan_orders.py completed successfully
96:[2026-08-03 01:15:01] [INFO] [orphan_orders_check] Lock file removed.
97:[2026-08-03 01:20:03] [INFO] [orphan_orders_check] Running check_orphan_orders.py
98:[2026-08-03 01:20:03] [INFO] [orphan_orders_check] known order ids from live_state: [8774785275, 8774785282]
99:[2026-08-03 01:20:03] [INFO] [orphan_orders_check] No orphan orders. active=1 known=2
100:[2026-08-03 01:20:03] [INFO] [orphan_orders_check] orphan order check finished: ok
101:[2026-08-03 01:20:03] [INFO] [orphan_orders_check] check_orphan_orders.py completed successfully
102:[2026-08-03 01:20:03] [INFO] [orphan_orders_check] Lock file removed.
103:[2026-08-03 01:25:04] [INFO] [orphan_orders_check] Running check_orphan_orders.py
104:[2026-08-03 01:25:04] [INFO] [orphan_orders_check] known order ids from live_state: [8774785275, 8774785282]
105:[2026-08-03 01:25:05] [INFO] [orphan_orders_check] No orphan orders. active=1 known=2
106:[2026-08-03 01:25:05] [INFO] [orphan_orders_check] orphan order check finished: ok
107:[2026-08-03 01:25:05] [INFO] [orphan_orders_check] check_orphan_orders.py completed successfully
108:[2026-08-03 01:25:05] [INFO] [orphan_orders_check] Lock file removed.
109:[2026-08-03 01:30:03] [INFO] [orphan_orders_check] Running check_orphan_orders.py
110:[2026-08-03 01:30:03] [INFO] [orphan_orders_check] known order ids from live_state: [8774785275, 8774785282]
111:[2026-08-03 01:30:03] [INFO] [orphan_orders_check] No orphan orders. active=1 known=2
112:[2026-08-03 01:30:03] [INFO] [orphan_orders_check] orphan order check finished: ok
113:[2026-08-03 01:30:03] [INFO] [orphan_orders_check] check_orphan_orders.py completed successfully
114:[2026-08-03 01:30:03] [INFO] [orphan_orders_check] Lock file removed.
115:[2026-08-03 01:35:03] [INFO] [orphan_orders_check] Running check_orphan_orders.py
116:[2026-08-03 01:35:03] [INFO] [orphan_orders_check] known order ids from live_state: [8774785275, 8774785282]
117:[2026-08-03 01:35:03] [INFO] [orphan_orders_check] No orphan orders. active=1 known=2
118:[2026-08-03 01:35:03] [INFO] [orphan_orders_check] orphan order check finished: ok
119:[2026-08-03 01:35:03] [INFO] [orphan_orders_check] check_orphan_orders.py completed successfully
120:[2026-08-03 01:35:03] [INFO] [orphan_orders_check] Lock file removed.
121:[2026-08-03 01:40:00] [INFO] [orphan_orders_check] Running check_orphan_orders.py
122:[2026-08-03 01:40:00] [INFO] [orphan_orders_check] known order ids from live_state: [8774785275, 8774785282]
123:[2026-08-03 01:40:00] [INFO] [orphan_orders_check] No orphan orders. active=1 known=2
124:[2026-08-03 01:40:00] [INFO] [orphan_orders_check] orphan order check finished: ok
125:[2026-08-03 01:40:00] [INFO] [orphan_orders_check] check_orphan_orders.py completed successfully
126:[2026-08-03 01:40:00] [INFO] [orphan_orders_check] Lock file removed.
127:[2026-08-03 01:45:01] [INFO] [orphan_orders_check] Running check_orphan_orders.py
128:[2026-08-03 01:45:01] [INFO] [orphan_orders_check] known order ids from live_state: [8774785275, 8774785282]
129:[2026-08-03 01:45:01] [INFO] [orphan_orders_check] No orphan orders. active=1 known=2
130:[2026-08-03 01:45:01] [INFO] [orphan_orders_check] orphan order check finished: ok
131:[2026-08-03 01:45:01] [INFO] [orphan_orders_check] check_orphan_orders.py completed successfully
132:[2026-08-03 01:45:01] [INFO] [orphan_orders_check] Lock file removed.
133:[2026-08-03 01:50:03] [INFO] [orphan_orders_check] Running check_orphan_orders.py
134:[2026-08-03 01:50:03] [INFO] [orphan_orders_check] known order ids from live_state: [8774785275, 8774785282]
135:[2026-08-03 01:50:03] [INFO] [orphan_orders_check] No orphan orders. active=1 known=2
136:[2026-08-03 01:50:03] [INFO] [orphan_orders_check] orphan order check finished: ok
137:[2026-08-03 01:50:03] [INFO] [orphan_orders_check] check_orphan_orders.py completed successfully
138:[2026-08-03 01:50:03] [INFO] [orphan_orders_check] Lock file removed.
139:[2026-08-03 01:55:20] [INFO] [orphan_orders_check] Running check_orphan_orders.py
140:[2026-08-03 01:55:20] [INFO] [orphan_orders_check] known order ids from live_state: [8774785275, 8774785282]
141:[2026-08-03 01:55:20] [INFO] [orphan_orders_check] No orphan orders. active=1 known=2
142:[2026-08-03 01:55:20] [INFO] [orphan_orders_check] orphan order check finished: ok
143:[2026-08-03 01:55:20] [INFO] [orphan_orders_check] check_orphan_orders.py completed successfully
144:[2026-08-03 01:55:20] [INFO] [orphan_orders_check] Lock file removed.
145:[2026-08-03 02:00:03] [INFO] [orphan_orders_check] Running check_orphan_orders.py
146:[2026-08-03 02:00:03] [INFO] [orphan_orders_check] known order ids from live_state: [8774785275, 8774785282]
147:[2026-08-03 02:00:04] [INFO] [orphan_orders_check] No orphan orders. active=1 known=2
148:[2026-08-03 02:00:04] [INFO] [orphan_orders_check] orphan order check finished: ok
149:[2026-08-03 02:00:04] [INFO] [orphan_orders_check] check_orphan_orders.py completed successfully
150:[2026-08-03 02:00:04] [INFO] [orphan_orders_check] Lock file removed.
151:[2026-08-03 02:05:13] [INFO] [orphan_orders_check] Running check_orphan_orders.py
152:[2026-08-03 02:05:13] [INFO] [orphan_orders_check] known order ids from live_state: [8774785275, 8774785282]
153:[2026-08-03 02:05:13] [INFO] [orphan_orders_check] No orphan orders. active=1 known=2
154:[2026-08-03 02:05:13] [INFO] [orphan_orders_check] orphan order check finished: ok
155:[2026-08-03 02:05:13] [INFO] [orphan_orders_check] check_orphan_orders.py completed successfully
156:[2026-08-03 02:05:13] [INFO] [orphan_orders_check] Lock file removed.
157:[2026-08-03 02:10:03] [INFO] [orphan_orders_check] Running check_orphan_orders.py
158:[2026-08-03 02:10:03] [INFO] [orphan_orders_check] known order ids from live_state: [8774785275, 8774785282]
159:[2026-08-03 02:10:03] [INFO] [orphan_orders_check] No orphan orders. active=1 known=2
160:[2026-08-03 02:10:03] [INFO] [orphan_orders_check] orphan order check finished: ok
161:[2026-08-03 02:10:03] [INFO] [orphan_orders_check] check_orphan_orders.py completed successfully
162:[2026-08-03 02:10:03] [INFO] [orphan_orders_check] Lock file removed.
163:[2026-08-03 02:15:01] [INFO] [orphan_orders_check] Running check_orphan_orders.py
164:[2026-08-03 02:15:01] [INFO] [orphan_orders_check] known order ids from live_state: [8774785275, 8774785282]
165:[2026-08-03 02:15:01] [INFO] [orphan_orders_check] No orphan orders. active=1 known=2
166:[2026-08-03 02:15:01] [INFO] [orphan_orders_check] orphan order check finished: ok
167:[2026-08-03 02:15:01] [INFO] [orphan_orders_check] check_orphan_orders.py completed successfully
168:[2026-08-03 02:15:01] [INFO] [orphan_orders_check] Lock file removed.
169:[2026-08-03 02:20:03] [INFO] [orphan_orders_check] Running check_orphan_orders.py
170:[2026-08-03 02:20:03] [INFO] [orphan_orders_check] known order ids from live_state: [8774785275, 8774785282]
171:[2026-08-03 02:20:03] [INFO] [orphan_orders_check] No orphan orders. active=1 known=2
172:[2026-08-03 02:20:03] [INFO] [orphan_orders_check] orphan order check finished: ok
173:[2026-08-03 02:20:03] [INFO] [orphan_orders_check] check_orphan_orders.py completed successfully
174:[2026-08-03 02:20:03] [INFO] [orphan_orders_check] Lock file removed.
175:[2026-08-03 02:25:20] [INFO] [orphan_orders_check] Running check_orphan_orders.py
176:[2026-08-03 02:25:20] [INFO] [orphan_orders_check] known order ids from live_state: [8775151244]
177:[2026-08-03 02:25:20] [INFO] [orphan_orders_check] No orphan orders. active=0 known=1
178:[2026-08-03 02:25:20] [INFO] [orphan_orders_check] orphan order check finished: ok
179:[2026-08-03 02:25:20] [INFO] [orphan_orders_check] check_orphan_orders.py completed successfully
180:[2026-08-03 02:25:20] [INFO] [orphan_orders_check] Lock file removed.
181:[2026-08-03 02:30:03] [INFO] [orphan_orders_check] Running check_orphan_orders.py
182:[2026-08-03 02:30:03] [INFO] [orphan_orders_check] known order ids from live_state: [8775151254, 8775151288]
183:[2026-08-03 02:30:03] [INFO] [orphan_orders_check] No orphan orders. active=1 known=2
184:[2026-08-03 02:30:03] [INFO] [orphan_orders_check] orphan order check finished: ok
185:[2026-08-03 02:30:03] [INFO] [orphan_orders_check] check_orphan_orders.py completed successfully
186:[2026-08-03 02:30:03] [INFO] [orphan_orders_check] Lock file removed.
187:[2026-08-03 02:35:03] [INFO] [orphan_orders_check] Running check_orphan_orders.py
188:[2026-08-03 02:35:03] [INFO] [orphan_orders_check] known order ids from live_state: [8775151254, 8775151288]
189:[2026-08-03 02:35:03] [INFO] [orphan_orders_check] No orphan orders. active=1 known=2
190:[2026-08-03 02:35:03] [INFO] [orphan_orders_check] orphan order check finished: ok
191:[2026-08-03 02:35:03] [INFO] [orphan_orders_check] check_orphan_orders.py completed successfully
192:[2026-08-03 02:35:03] [INFO] [orphan_orders_check] Lock file removed.
193:[2026-08-03 02:40:03] [INFO] [orphan_orders_check] Running check_orphan_orders.py
194:[2026-08-03 02:40:03] [INFO] [orphan_orders_check] known order ids from live_state: [8775151254, 8775151288]
195:[2026-08-03 02:40:03] [INFO] [orphan_orders_check] No orphan orders. active=1 known=2
196:[2026-08-03 02:40:03] [INFO] [orphan_orders_check] orphan order check finished: ok
197:[2026-08-03 02:40:03] [INFO] [orphan_orders_check] check_orphan_orders.py completed successfully
198:[2026-08-03 02:40:03] [INFO] [orphan_orders_check] Lock file removed.
199:[2026-08-03 02:45:01] [INFO] [orphan_orders_check] Running check_orphan_orders.py
200:[2026-08-03 02:45:01] [INFO] [orphan_orders_check] known order ids from live_state: [8775151254, 8775151288]
201:[2026-08-03 02:45:01] [INFO] [orphan_orders_check] No orphan orders. active=1 known=2
202:[2026-08-03 02:45:01] [INFO] [orphan_orders_check] orphan order check finished: ok
203:[2026-08-03 02:45:01] [INFO] [orphan_orders_check] check_orphan_orders.py completed successfully
204:[2026-08-03 02:45:01] [INFO] [orphan_orders_check] Lock file removed.
205:[2026-08-03 02:50:03] [INFO] [orphan_orders_check] Running check_orphan_orders.py
206:[2026-08-03 02:50:03] [INFO] [orphan_orders_check] known order ids from live_state: [8775151254, 8775151288]
207:[2026-08-03 02:50:03] [INFO] [orphan_orders_check] No orphan orders. active=1 known=2
208:[2026-08-03 02:50:03] [INFO] [orphan_orders_check] orphan order check finished: ok
209:[2026-08-03 02:50:03] [INFO] [orphan_orders_check] check_orphan_orders.py completed successfully
210:[2026-08-03 02:50:03] [INFO] [orphan_orders_check] Lock file removed.
211:[2026-08-03 02:55:03] [INFO] [orphan_orders_check] Running check_orphan_orders.py
212:[2026-08-03 02:55:03] [INFO] [orphan_orders_check] known order ids from live_state: [8775151254, 8775151288]
213:[2026-08-03 02:55:03] [INFO] [orphan_orders_check] No orphan orders. active=1 known=2
214:[2026-08-03 02:55:03] [INFO] [orphan_orders_check] orphan order check finished: ok
215:[2026-08-03 02:55:03] [INFO] [orphan_orders_check] check_orphan_orders.py completed successfully
216:[2026-08-03 02:55:03] [INFO] [orphan_orders_check] Lock file removed.
217:[2026-08-03 03:00:02] [INFO] [orphan_orders_check] Running check_orphan_orders.py
218:[2026-08-03 03:00:03] [INFO] [orphan_orders_check] known order ids from live_state: [8775151254, 8775151288]
219:[2026-08-03 03:00:03] [INFO] [orphan_orders_check] No orphan orders. active=1 known=2
220:[2026-08-03 03:00:03] [INFO] [orphan_orders_check] orphan order check finished: ok
221:[2026-08-03 03:00:03] [INFO] [orphan_orders_check] check_orphan_orders.py completed successfully
222:[2026-08-03 03:00:03] [INFO] [orphan_orders_check] Lock file removed.
223:[2026-08-03 03:05:03] [INFO] [orphan_orders_check] Running check_orphan_orders.py
224:[2026-08-03 03:05:03] [INFO] [orphan_orders_check] known order ids from live_state: [8775151254, 8775151288]
225:[2026-08-03 03:05:03] [INFO] [orphan_orders_check] No orphan orders. active=1 known=2
226:[2026-08-03 03:05:03] [INFO] [orphan_orders_check] orphan order check finished: ok
227:[2026-08-03 03:05:03] [INFO] [orphan_orders_check] check_orphan_orders.py completed successfully
228:[2026-08-03 03:05:03] [INFO] [orphan_orders_check] Lock file removed.
229:[2026-08-03 03:10:03] [INFO] [orphan_orders_check] Running check_orphan_orders.py
230:[2026-08-03 03:10:03] [INFO] [orphan_orders_check] known order ids from live_state: [8775151254, 8775151288]
231:[2026-08-03 03:10:03] [INFO] [orphan_orders_check] No orphan orders. active=1 known=2
232:[2026-08-03 03:10:03] [INFO] [orphan_orders_check] orphan order check finished: ok
233:[2026-08-03 03:10:03] [INFO] [orphan_orders_check] check_orphan_orders.py completed successfully
234:[2026-08-03 03:10:03] [INFO] [orphan_orders_check] Lock file removed.
235:[2026-08-03 03:15:01] [INFO] [orphan_orders_check] Running check_orphan_orders.py
236:[2026-08-03 03:15:01] [INFO] [orphan_orders_check] known order ids from live_state: [8775151254, 8775151288]
237:[2026-08-03 03:15:01] [INFO] [orphan_orders_check] No orphan orders. active=1 known=2
238:[2026-08-03 03:15:01] [INFO] [orphan_orders_check] orphan order check finished: ok
239:[2026-08-03 03:15:01] [INFO] [orphan_orders_check] check_orphan_orders.py completed successfully
240:[2026-08-03 03:15:01] [INFO] [orphan_orders_check] Lock file removed.
241:[2026-08-03 03:20:03] [INFO] [orphan_orders_check] Running check_orphan_orders.py
242:[2026-08-03 03:20:03] [INFO] [orphan_orders_check] known order ids from live_state: [8775151254, 8775151288]
243:[2026-08-03 03:20:03] [INFO] [orphan_orders_check] No orphan orders. active=1 known=2
244:[2026-08-03 03:20:03] [INFO] [orphan_orders_check] orphan order check finished: ok
245:[2026-08-03 03:20:03] [INFO] [orphan_orders_check] check_orphan_orders.py completed successfully
246:[2026-08-03 03:20:03] [INFO] [orphan_orders_check] Lock file removed.
247:[2026-08-03 03:25:03] [INFO] [orphan_orders_check] Running check_orphan_orders.py
248:[2026-08-03 03:25:03] [INFO] [orphan_orders_check] known order ids from live_state: [8775151254, 8775151288]
249:[2026-08-03 03:25:03] [INFO] [orphan_orders_check] No orphan orders. active=1 known=2
250:[2026-08-03 03:25:03] [INFO] [orphan_orders_check] orphan order check finished: ok
251:[2026-08-03 03:25:03] [INFO] [orphan_orders_check] check_orphan_orders.py completed successfully
252:[2026-08-03 03:25:03] [INFO] [orphan_orders_check] Lock file removed.
253:[2026-08-03 03:30:03] [INFO] [orphan_orders_check] Running check_orphan_orders.py
254:[2026-08-03 03:30:03] [INFO] [orphan_orders_check] known order ids from live_state: [8775151254, 8775151288]
255:[2026-08-03 03:30:03] [INFO] [orphan_orders_check] No orphan orders. active=1 known=2
256:[2026-08-03 03:30:03] [INFO] [orphan_orders_check] orphan order check finished: ok
257:[2026-08-03 03:30:04] [INFO] [orphan_orders_check] check_orphan_orders.py completed successfully
258:[2026-08-03 03:30:04] [INFO] [orphan_orders_check] Lock file removed.
259:[2026-08-03 03:35:03] [INFO] [orphan_orders_check] Running check_orphan_orders.py
260:[2026-08-03 03:35:03] [INFO] [orphan_orders_check] known order ids from live_state: [8775151254, 8775151288]
261:[2026-08-03 03:35:03] [INFO] [orphan_orders_check] No orphan orders. active=1 known=2
262:[2026-08-03 03:35:03] [INFO] [orphan_orders_check] orphan order check finished: ok
263:[2026-08-03 03:35:03] [INFO] [orphan_orders_check] check_orphan_orders.py completed successfully
264:[2026-08-03 03:35:03] [INFO] [orphan_orders_check] Lock file removed.
265:[2026-08-03 03:40:03] [INFO] [orphan_orders_check] Running check_orphan_orders.py
266:[2026-08-03 03:40:03] [INFO] [orphan_orders_check] known order ids from live_state: [8775259884]
267:[2026-08-03 03:40:03] [INFO] [orphan_orders_check] No orphan orders. active=1 known=1
268:[2026-08-03 03:40:03] [INFO] [orphan_orders_check] orphan order check finished: ok
269:[2026-08-03 03:40:03] [INFO] [orphan_orders_check] check_orphan_orders.py completed successfully
270:[2026-08-03 03:40:03] [INFO] [orphan_orders_check] Lock file removed.
271:[2026-08-03 03:45:01] [INFO] [orphan_orders_check] Running check_orphan_orders.py
272:[2026-08-03 03:45:01] [INFO] [orphan_orders_check] known order ids from live_state: [8775304435, 8775304456]
273:[2026-08-03 03:45:01] [INFO] [orphan_orders_check] No orphan orders. active=1 known=2
274:[2026-08-03 03:45:01] [INFO] [orphan_orders_check] orphan order check finished: ok
275:[2026-08-03 03:45:02] [INFO] [orphan_orders_check] check_orphan_orders.py completed successfully
276:[2026-08-03 03:45:02] [INFO] [orphan_orders_check] Lock file removed.
277:[2026-08-03 03:50:03] [INFO] [orphan_orders_check] Running check_orphan_orders.py
278:[2026-08-03 03:50:03] [INFO] [orphan_orders_check] known order ids from live_state: [8775305022]
279:[2026-08-03 03:50:03] [INFO] [orphan_orders_check] No orphan orders. active=1 known=1
280:[2026-08-03 03:50:03] [INFO] [orphan_orders_check] orphan order check finished: ok
281:[2026-08-03 03:50:03] [INFO] [orphan_orders_check] check_orphan_orders.py completed successfully
282:[2026-08-03 03:50:03] [INFO] [orphan_orders_check] Lock file removed.
283:[2026-08-03 03:55:20] [INFO] [orphan_orders_check] Running check_orphan_orders.py
284:[2026-08-03 03:55:20] [INFO] [orphan_orders_check] known order ids from live_state: [8775331734]
285:[2026-08-03 03:55:20] [INFO] [orphan_orders_check] No orphan orders. active=1 known=1
286:[2026-08-03 03:55:20] [INFO] [orphan_orders_check] orphan order check finished: ok
287:[2026-08-03 03:55:20] [INFO] [orphan_orders_check] check_orphan_orders.py completed successfully
288:[2026-08-03 03:55:20] [INFO] [orphan_orders_check] Lock file removed.
289:[2026-08-03 04:00:03] [INFO] [orphan_orders_check] Running check_orphan_orders.py
290:[2026-08-03 04:00:04] [INFO] [orphan_orders_check] known order ids from live_state: [8775331808]
291:[2026-08-03 04:00:04] [INFO] [orphan_orders_check] No orphan orders. active=1 known=1
292:[2026-08-03 04:00:04] [INFO] [orphan_orders_check] orphan order check finished: ok
293:[2026-08-03 04:00:04] [INFO] [orphan_orders_check] check_orphan_orders.py completed successfully
294:[2026-08-03 04:00:04] [INFO] [orphan_orders_check] Lock file removed.
295:[2026-08-03 04:05:10] [INFO] [orphan_orders_check] Running check_orphan_orders.py
296:[2026-08-03 04:05:10] [INFO] [orphan_orders_check] known order ids from live_state: [8775331808, 8775331871]
297:[2026-08-03 04:05:10] [INFO] [orphan_orders_check] No orphan orders. active=1 known=2
298:[2026-08-03 04:05:10] [INFO] [orphan_orders_check] orphan order check finished: ok
299:[2026-08-03 04:05:11] [INFO] [orphan_orders_check] check_orphan_orders.py completed successfully
300:[2026-08-03 04:05:11] [INFO] [orphan_orders_check] Lock file removed.
301:[2026-08-03 04:10:03] [INFO] [orphan_orders_check] Running check_orphan_orders.py
302:[2026-08-03 04:10:03] [INFO] [orphan_orders_check] known order ids from live_state: [8775331808, 8775331871]
303:[2026-08-03 04:10:03] [INFO] [orphan_orders_check] No orphan orders. active=1 known=2
304:[2026-08-03 04:10:03] [INFO] [orphan_orders_check] orphan order check finished: ok
305:[2026-08-03 04:10:03] [INFO] [orphan_orders_check] check_orphan_orders.py completed successfully
306:[2026-08-03 04:10:03] [INFO] [orphan_orders_check] Lock file removed.
307:[2026-08-03 04:15:01] [INFO] [orphan_orders_check] Running check_orphan_orders.py
308:[2026-08-03 04:15:01] [INFO] [orphan_orders_check] known order ids from live_state: [8775331808, 8775331871]
309:[2026-08-03 04:15:01] [INFO] [orphan_orders_check] No orphan orders. active=1 known=2
310:[2026-08-03 04:15:01] [INFO] [orphan_orders_check] orphan order check finished: ok
311:[2026-08-03 04:15:02] [INFO] [orphan_orders_check] check_orphan_orders.py completed successfully
312:[2026-08-03 04:15:02] [INFO] [orphan_orders_check] Lock file removed.
313:[2026-08-03 04:20:03] [INFO] [orphan_orders_check] Running check_orphan_orders.py
314:[2026-08-03 04:20:03] [INFO] [orphan_orders_check] known order ids from live_state: [8775331808, 8775331871]
315:[2026-08-03 04:20:03] [INFO] [orphan_orders_check] No orphan orders. active=1 known=2
316:[2026-08-03 04:20:03] [INFO] [orphan_orders_check] orphan order check finished: ok
317:[2026-08-03 04:20:03] [INFO] [orphan_orders_check] check_orphan_orders.py completed successfully
318:[2026-08-03 04:20:03] [INFO] [orphan_orders_check] Lock file removed.
319:[2026-08-03 04:25:03] [INFO] [orphan_orders_check] Running check_orphan_orders.py
320:[2026-08-03 04:25:03] [INFO] [orphan_orders_check] known order ids from live_state: [8775331808, 8775331871]
321:[2026-08-03 04:25:03] [INFO] [orphan_orders_check] No orphan orders. active=1 known=2
322:[2026-08-03 04:25:03] [INFO] [orphan_orders_check] orphan order check finished: ok
323:[2026-08-03 04:25:03] [INFO] [orphan_orders_check] check_orphan_orders.py completed successfully
324:[2026-08-03 04:25:03] [INFO] [orphan_orders_check] Lock file removed.
325:[2026-08-03 04:30:03] [INFO] [orphan_orders_check] Running check_orphan_orders.py
326:[2026-08-03 04:30:03] [INFO] [orphan_orders_check] known order ids from live_state: [8775331808, 8775331871]
327:[2026-08-03 04:30:03] [INFO] [orphan_orders_check] No orphan orders. active=1 known=2
328:[2026-08-03 04:30:03] [INFO] [orphan_orders_check] orphan order check finished: ok
329:[2026-08-03 04:30:03] [INFO] [orphan_orders_check] check_orphan_orders.py completed successfully
330:[2026-08-03 04:30:03] [INFO] [orphan_orders_check] Lock file removed.
331:[2026-08-03 04:35:03] [INFO] [orphan_orders_check] Running check_orphan_orders.py
332:[2026-08-03 04:35:04] [INFO] [orphan_orders_check] known order ids from live_state: [8775331808, 8775331871]
333:[2026-08-03 04:35:04] [INFO] [orphan_orders_check] No orphan orders. active=1 known=2
334:[2026-08-03 04:35:04] [INFO] [orphan_orders_check] orphan order check finished: ok
335:[2026-08-03 04:35:04] [INFO] [orphan_orders_check] check_orphan_orders.py completed successfully
336:[2026-08-03 04:35:04] [INFO] [orphan_orders_check] Lock file removed.
337:[2026-08-03 04:40:03] [INFO] [orphan_orders_check] Running check_orphan_orders.py
338:[2026-08-03 04:40:03] [INFO] [orphan_orders_check] known order ids from live_state: [8775331808, 8775331871]
339:[2026-08-03 04:40:03] [INFO] [orphan_orders_check] No orphan orders. active=1 known=2
340:[2026-08-03 04:40:03] [INFO] [orphan_orders_check] orphan order check finished: ok
341:[2026-08-03 04:40:03] [INFO] [orphan_orders_check] check_orphan_orders.py completed successfully
342:[2026-08-03 04:40:03] [INFO] [orphan_orders_check] Lock file removed.
343:[2026-08-03 04:45:01] [INFO] [orphan_orders_check] Running check_orphan_orders.py
344:[2026-08-03 04:45:01] [INFO] [orphan_orders_check] known order ids from live_state: [8775331808, 8775331871]
345:[2026-08-03 04:45:02] [INFO] [orphan_orders_check] No orphan orders. active=1 known=2
346:[2026-08-03 04:45:02] [INFO] [orphan_orders_check] orphan order check finished: ok
347:[2026-08-03 04:45:02] [INFO] [orphan_orders_check] check_orphan_orders.py completed successfully
348:[2026-08-03 04:45:02] [INFO] [orphan_orders_check] Lock file removed.
349:[2026-08-03 04:50:03] [INFO] [orphan_orders_check] Running check_orphan_orders.py
350:[2026-08-03 04:50:03] [INFO] [orphan_orders_check] known order ids from live_state: [8775331808, 8775331871]
351:[2026-08-03 04:50:03] [INFO] [orphan_orders_check] No orphan orders. active=1 known=2
352:[2026-08-03 04:50:03] [INFO] [orphan_orders_check] orphan order check finished: ok
353:[2026-08-03 04:50:03] [INFO] [orphan_orders_check] check_orphan_orders.py completed successfully
354:[2026-08-03 04:50:03] [INFO] [orphan_orders_check] Lock file removed.
355:[2026-08-03 04:55:03] [INFO] [orphan_orders_check] Running check_orphan_orders.py
356:[2026-08-03 04:55:03] [INFO] [orphan_orders_check] known order ids from live_state: [8775331808, 8775331871]
357:[2026-08-03 04:55:03] [INFO] [orphan_orders_check] No orphan orders. active=1 known=2
358:[2026-08-03 04:55:03] [INFO] [orphan_orders_check] orphan order check finished: ok
359:[2026-08-03 04:55:03] [INFO] [orphan_orders_check] check_orphan_orders.py completed successfully
360:[2026-08-03 04:55:03] [INFO] [orphan_orders_check] Lock file removed.
361:[2026-08-03 05:00:03] [INFO] [orphan_orders_check] Running check_orphan_orders.py
362:[2026-08-03 05:00:03] [INFO] [orphan_orders_check] known order ids from live_state: [8775331808, 8775331871]
363:[2026-08-03 05:00:04] [INFO] [orphan_orders_check] No orphan orders. active=1 known=2
364:[2026-08-03 05:00:04] [INFO] [orphan_orders_check] orphan order check finished: ok
365:[2026-08-03 05:00:04] [INFO] [orphan_orders_check] check_orphan_orders.py completed successfully
366:[2026-08-03 05:00:04] [INFO] [orphan_orders_check] Lock file removed.
367:[2026-08-03 05:05:03] [INFO] [orphan_orders_check] Running check_orphan_orders.py
368:[2026-08-03 05:05:03] [INFO] [orphan_orders_check] known order ids from live_state: [8775331808, 8775331871]
369:[2026-08-03 05:05:03] [INFO] [orphan_orders_check] No orphan orders. active=1 known=2
370:[2026-08-03 05:05:03] [INFO] [orphan_orders_check] orphan order check finished: ok
371:[2026-08-03 05:05:04] [INFO] [orphan_orders_check] check_orphan_orders.py completed successfully
372:[2026-08-03 05:05:04] [INFO] [orphan_orders_check] Lock file removed.
373:[2026-08-03 05:10:03] [INFO] [orphan_orders_check] Running check_orphan_orders.py
374:[2026-08-03 05:10:03] [INFO] [orphan_orders_check] known order ids from live_state: [8775331808, 8775331871]
375:[2026-08-03 05:10:03] [INFO] [orphan_orders_check] No orphan orders. active=1 known=2
376:[2026-08-03 05:10:03] [INFO] [orphan_orders_check] orphan order check finished: ok
377:[2026-08-03 05:10:03] [INFO] [orphan_orders_check] check_orphan_orders.py completed successfully
378:[2026-08-03 05:10:03] [INFO] [orphan_orders_check] Lock file removed.
379:[2026-08-03 05:15:01] [INFO] [orphan_orders_check] Running check_orphan_orders.py
380:[2026-08-03 05:15:01] [INFO] [orphan_orders_check] known order ids from live_state: [8775331808, 8775331871]
381:[2026-08-03 05:15:02] [INFO] [orphan_orders_check] No orphan orders. active=1 known=2
382:[2026-08-03 05:15:02] [INFO] [orphan_orders_check] orphan order check finished: ok
383:[2026-08-03 05:15:02] [INFO] [orphan_orders_check] check_orphan_orders.py completed successfully
384:[2026-08-03 05:15:02] [INFO] [orphan_orders_check] Lock file removed.
385:[2026-08-03 05:20:03] [INFO] [orphan_orders_check] Running check_orphan_orders.py
386:[2026-08-03 05:20:03] [INFO] [orphan_orders_check] known order ids from live_state: [8775331808, 8775331871]
387:[2026-08-03 05:20:03] [INFO] [orphan_orders_check] No orphan orders. active=1 known=2
388:[2026-08-03 05:20:03] [INFO] [orphan_orders_check] orphan order check finished: ok
389:[2026-08-03 05:20:03] [INFO] [orphan_orders_check] check_orphan_orders.py completed successfully
390:[2026-08-03 05:20:03] [INFO] [orphan_orders_check] Lock file removed.
391:[2026-08-03 05:25:13] [INFO] [orphan_orders_check] Running check_orphan_orders.py
392:[2026-08-03 05:25:13] [INFO] [orphan_orders_check] known order ids from live_state: [8775331808, 8775331871]
393:[2026-08-03 05:25:13] [INFO] [orphan_orders_check] No orphan orders. active=1 known=2
394:[2026-08-03 05:25:13] [INFO] [orphan_orders_check] orphan order check finished: ok
395:[2026-08-03 05:25:13] [INFO] [orphan_orders_check] check_orphan_orders.py completed successfully
396:[2026-08-03 05:25:13] [INFO] [orphan_orders_check] Lock file removed.
397:[2026-08-03 05:30:03] [INFO] [orphan_orders_check] Running check_orphan_orders.py
398:[2026-08-03 05:30:03] [INFO] [orphan_orders_check] known order ids from live_state: [8775331808, 8775331871]
399:[2026-08-03 05:30:03] [INFO] [orphan_orders_check] No orphan orders. active=1 known=2
400:[2026-08-03 05:30:03] [INFO] [orphan_orders_check] orphan order check finished: ok
401:[2026-08-03 05:30:03] [INFO] [orphan_orders_check] check_orphan_orders.py completed successfully
402:[2026-08-03 05:30:03] [INFO] [orphan_orders_check] Lock file removed.
403:[2026-08-03 05:35:20] [INFO] [orphan_orders_check] Running check_orphan_orders.py
404:[2026-08-03 05:35:20] [INFO] [orphan_orders_check] known order ids from live_state: [8775331808, 8775331871]
405:[2026-08-03 05:35:20] [INFO] [orphan_orders_check] No orphan orders. active=1 known=2
406:[2026-08-03 05:35:20] [INFO] [orphan_orders_check] orphan order check finished: ok
407:[2026-08-03 05:35:20] [INFO] [orphan_orders_check] check_orphan_orders.py completed successfully
408:[2026-08-03 05:35:20] [INFO] [orphan_orders_check] Lock file removed.
409:[2026-08-03 05:40:03] [INFO] [orphan_orders_check] Running check_orphan_orders.py
410:[2026-08-03 05:40:03] [INFO] [orphan_orders_check] known order ids from live_state: [8775331808, 8775331871]
411:[2026-08-03 05:40:03] [INFO] [orphan_orders_check] No orphan orders. active=1 known=2
412:[2026-08-03 05:40:03] [INFO] [orphan_orders_check] orphan order check finished: ok
413:[2026-08-03 05:40:03] [INFO] [orphan_orders_check] check_orphan_orders.py completed successfully
414:[2026-08-03 05:40:03] [INFO] [orphan_orders_check] Lock file removed.
415:[2026-08-03 05:45:01] [INFO] [orphan_orders_check] Running check_orphan_orders.py
416:[2026-08-03 05:45:02] [INFO] [orphan_orders_check] known order ids from live_state: [8775331808, 8775331871]
417:[2026-08-03 05:45:02] [INFO] [orphan_orders_check] No orphan orders. active=1 known=2
418:[2026-08-03 05:45:02] [INFO] [orphan_orders_check] orphan order check finished: ok
419:[2026-08-03 05:45:02] [INFO] [orphan_orders_check] check_orphan_orders.py completed successfully
420:[2026-08-03 05:45:02] [INFO] [orphan_orders_check] Lock file removed.
421:[2026-08-03 05:50:03] [INFO] [orphan_orders_check] Running check_orphan_orders.py
422:[2026-08-03 05:50:03] [INFO] [orphan_orders_check] known order ids from live_state: [8775331808, 8775331871]
423:[2026-08-03 05:50:03] [INFO] [orphan_orders_check] No orphan orders. active=1 known=2
424:[2026-08-03 05:50:03] [INFO] [orphan_orders_check] orphan order check finished: ok
425:[2026-08-03 05:50:03] [INFO] [orphan_orders_check] check_orphan_orders.py completed successfully
426:[2026-08-03 05:50:03] [INFO] [orphan_orders_check] Lock file removed.
427:[2026-08-03 05:55:02] [INFO] [orphan_orders_check] Running check_orphan_orders.py
428:[2026-08-03 05:55:02] [INFO] [orphan_orders_check] known order ids from live_state: [8775331808, 8775331871]
429:[2026-08-03 05:55:02] [INFO] [orphan_orders_check] No orphan orders. active=1 known=2
430:[2026-08-03 05:55:02] [INFO] [orphan_orders_check] orphan order check finished: ok
431:[2026-08-03 05:55:02] [INFO] [orphan_orders_check] check_orphan_orders.py completed successfully
432:[2026-08-03 05:55:02] [INFO] [orphan_orders_check] Lock file removed.
433:[2026-08-03 06:00:03] [INFO] [orphan_orders_check] Running check_orphan_orders.py
434:[2026-08-03 06:00:03] [INFO] [orphan_orders_check] known order ids from live_state: [8775331808, 8775331871]
435:[2026-08-03 06:00:04] [INFO] [orphan_orders_check] No orphan orders. active=1 known=2
436:[2026-08-03 06:00:04] [INFO] [orphan_orders_check] orphan order check finished: ok
437:[2026-08-03 06:00:04] [INFO] [orphan_orders_check] check_orphan_orders.py completed successfully
438:[2026-08-03 06:00:04] [INFO] [orphan_orders_check] Lock file removed.
439:[2026-08-03 06:05:20] [INFO] [orphan_orders_check] Running check_orphan_orders.py
440:[2026-08-03 06:05:20] [INFO] [orphan_orders_check] known order ids from live_state: [8775331808, 8775331871]
441:[2026-08-03 06:05:20] [INFO] [orphan_orders_check] No orphan orders. active=0 known=2
442:[2026-08-03 06:05:20] [INFO] [orphan_orders_check] orphan order check finished: ok
443:[2026-08-03 06:05:20] [INFO] [orphan_orders_check] check_orphan_orders.py completed successfully
444:[2026-08-03 06:05:20] [INFO] [orphan_orders_check] Lock file removed.
445:[2026-08-03 06:10:00] [INFO] [orphan_orders_check] Running check_orphan_orders.py
446:[2026-08-03 06:10:00] [INFO] [orphan_orders_check] known order ids from live_state: [8775331808, 8775331871]
447:[2026-08-03 06:10:00] [INFO] [orphan_orders_check] No orphan orders. active=0 known=2
448:[2026-08-03 06:10:00] [INFO] [orphan_orders_check] orphan order check finished: ok
449:[2026-08-03 06:10:00] [INFO] [orphan_orders_check] check_orphan_orders.py completed successfully
450:[2026-08-03 06:10:00] [INFO] [orphan_orders_check] Lock file removed.
451:[2026-08-03 06:15:01] [INFO] [orphan_orders_check] Running check_orphan_orders.py
452:[2026-08-03 06:15:02] [INFO] [orphan_orders_check] known order ids from live_state: []
453:[2026-08-03 06:15:02] [INFO] [orphan_orders_check] No orphan orders. active=0 known=0
454:[2026-08-03 06:15:02] [INFO] [orphan_orders_check] orphan order check finished: ok
455:[2026-08-03 06:15:02] [INFO] [orphan_orders_check] check_orphan_orders.py completed successfully
456:[2026-08-03 06:15:02] [INFO] [orphan_orders_check] Lock file removed.
457:[2026-08-03 06:20:03] [INFO] [orphan_orders_check] Running check_orphan_orders.py
458:[2026-08-03 06:20:03] [INFO] [orphan_orders_check] known order ids from live_state: []
459:[2026-08-03 06:20:04] [INFO] [orphan_orders_check] No orphan orders. active=0 known=0
460:[2026-08-03 06:20:04] [INFO] [orphan_orders_check] orphan order check finished: ok
461:[2026-08-03 06:20:04] [INFO] [orphan_orders_check] check_orphan_orders.py completed successfully
462:[2026-08-03 06:20:04] [INFO] [orphan_orders_check] Lock file removed.
463:[2026-08-03 06:25:20] [INFO] [orphan_orders_check] Running check_orphan_orders.py
464:[2026-08-03 06:25:20] [INFO] [orphan_orders_check] known order ids from live_state: []
465:[2026-08-03 06:25:20] [INFO] [orphan_orders_check] No orphan orders. active=0 known=0
466:[2026-08-03 06:25:20] [INFO] [orphan_orders_check] orphan order check finished: ok
467:[2026-08-03 06:25:20] [INFO] [orphan_orders_check] check_orphan_orders.py completed successfully
468:[2026-08-03 06:25:20] [INFO] [orphan_orders_check] Lock file removed.
469:[2026-08-03 06:30:03] [INFO] [orphan_orders_check] Running check_orphan_orders.py
470:[2026-08-03 06:30:03] [INFO] [orphan_orders_check] known order ids from live_state: []
471:[2026-08-03 06:30:03] [INFO] [orphan_orders_check] No orphan orders. active=0 known=0
472:[2026-08-03 06:30:03] [INFO] [orphan_orders_check] orphan order check finished: ok
473:[2026-08-03 06:30:03] [INFO] [orphan_orders_check] check_orphan_orders.py completed successfully
474:[2026-08-03 06:30:03] [INFO] [orphan_orders_check] Lock file removed.
475:[2026-08-03 06:35:20] [INFO] [orphan_orders_check] Running check_orphan_orders.py
476:[2026-08-03 06:35:20] [INFO] [orphan_orders_check] known order ids from live_state: []
477:[2026-08-03 06:35:20] [INFO] [orphan_orders_check] No orphan orders. active=0 known=0
478:[2026-08-03 06:35:20] [INFO] [orphan_orders_check] orphan order check finished: ok
479:[2026-08-03 06:35:20] [INFO] [orphan_orders_check] check_orphan_orders.py completed successfully
480:[2026-08-03 06:35:20] [INFO] [orphan_orders_check] Lock file removed.
481:[2026-08-03 06:40:03] [INFO] [orphan_orders_check] Running check_orphan_orders.py
482:[2026-08-03 06:40:03] [INFO] [orphan_orders_check] known order ids from live_state: []
483:[2026-08-03 06:40:03] [INFO] [orphan_orders_check] No orphan orders. active=0 known=0
484:[2026-08-03 06:40:03] [INFO] [orphan_orders_check] orphan order check finished: ok
485:[2026-08-03 06:40:03] [INFO] [orphan_orders_check] check_orphan_orders.py completed successfully
486:[2026-08-03 06:40:03] [INFO] [orphan_orders_check] Lock file removed.
487:[2026-08-03 06:45:01] [INFO] [orphan_orders_check] Running check_orphan_orders.py
488:[2026-08-03 06:45:02] [INFO] [orphan_orders_check] known order ids from live_state: []
489:[2026-08-03 06:45:07] [INFO] [orphan_orders_check] No orphan orders. active=0 known=0
490:[2026-08-03 06:45:07] [INFO] [orphan_orders_check] orphan order check finished: ok
491:[2026-08-03 06:45:07] [INFO] [orphan_orders_check] check_orphan_orders.py completed successfully
492:[2026-08-03 06:45:07] [INFO] [orphan_orders_check] Lock file removed.
493:[2026-08-03 06:50:03] [INFO] [orphan_orders_check] Running check_orphan_orders.py
494:[2026-08-03 06:50:03] [INFO] [orphan_orders_check] known order ids from live_state: []
495:[2026-08-03 06:50:03] [INFO] [orphan_orders_check] No orphan orders. active=0 known=0
496:[2026-08-03 06:50:03] [INFO] [orphan_orders_check] orphan order check finished: ok
497:[2026-08-03 06:50:03] [INFO] [orphan_orders_check] check_orphan_orders.py completed successfully
498:[2026-08-03 06:50:03] [INFO] [orphan_orders_check] Lock file removed.
499:[2026-08-03 06:55:20] [INFO] [orphan_orders_check] Running check_orphan_orders.py
500:[2026-08-03 06:55:20] [INFO] [orphan_orders_check] known order ids from live_state: []
501:[2026-08-03 06:55:20] [INFO] [orphan_orders_check] No orphan orders. active=0 known=0
502:[2026-08-03 06:55:20] [INFO] [orphan_orders_check] orphan order check finished: ok
503:[2026-08-03 06:55:20] [INFO] [orphan_orders_check] check_orphan_orders.py completed successfully
504:[2026-08-03 06:55:20] [INFO] [orphan_orders_check] Lock file removed.
505:[2026-08-03 07:00:03] [INFO] [orphan_orders_check] Running check_orphan_orders.py
506:[2026-08-03 07:00:03] [INFO] [orphan_orders_check] known order ids from live_state: []
507:[2026-08-03 07:00:03] [INFO] [orphan_orders_check] No orphan orders. active=0 known=0
508:[2026-08-03 07:00:03] [INFO] [orphan_orders_check] orphan order check finished: ok
509:[2026-08-03 07:00:03] [INFO] [orphan_orders_check] check_orphan_orders.py completed successfully
510:[2026-08-03 07:00:03] [INFO] [orphan_orders_check] Lock file removed.
511:[2026-08-03 07:05:20] [INFO] [orphan_orders_check] Running check_orphan_orders.py
512:[2026-08-03 07:05:20] [INFO] [orphan_orders_check] known order ids from live_state: []
513:[2026-08-03 07:05:20] [INFO] [orphan_orders_check] No orphan orders. active=0 known=0
514:[2026-08-03 07:05:20] [INFO] [orphan_orders_check] orphan order check finished: ok
515:[2026-08-03 07:05:20] [INFO] [orphan_orders_check] check_orphan_orders.py completed successfully
516:[2026-08-03 07:05:20] [INFO] [orphan_orders_check] Lock file removed.
517:[2026-08-03 07:10:03] [INFO] [orphan_orders_check] Running check_orphan_orders.py
518:[2026-08-03 07:10:03] [INFO] [orphan_orders_check] known order ids from live_state: []
519:[2026-08-03 07:10:03] [INFO] [orphan_orders_check] No orphan orders. active=0 known=0
520:[2026-08-03 07:10:03] [INFO] [orphan_orders_check] orphan order check finished: ok
521:[2026-08-03 07:10:03] [INFO] [orphan_orders_check] check_orphan_orders.py completed successfully
522:[2026-08-03 07:10:03] [INFO] [orphan_orders_check] Lock file removed.
523:[2026-08-03 07:15:01] [INFO] [orphan_orders_check] Running check_orphan_orders.py
524:[2026-08-03 07:15:01] [INFO] [orphan_orders_check] known order ids from live_state: []
525:[2026-08-03 07:15:01] [INFO] [orphan_orders_check] No orphan orders. active=0 known=0
526:[2026-08-03 07:15:01] [INFO] [orphan_orders_check] orphan order check finished: ok
527:[2026-08-03 07:15:01] [INFO] [orphan_orders_check] check_orphan_orders.py completed successfully
528:[2026-08-03 07:15:01] [INFO] [orphan_orders_check] Lock file removed.
529:[2026-08-03 07:20:03] [INFO] [orphan_orders_check] Running check_orphan_orders.py
530:[2026-08-03 07:20:03] [INFO] [orphan_orders_check] known order ids from live_state: []
531:[2026-08-03 07:20:03] [INFO] [orphan_orders_check] No orphan orders. active=0 known=0
532:[2026-08-03 07:20:03] [INFO] [orphan_orders_check] orphan order check finished: ok
533:[2026-08-03 07:20:03] [INFO] [orphan_orders_check] check_orphan_orders.py completed successfully
534:[2026-08-03 07:20:03] [INFO] [orphan_orders_check] Lock file removed.
535:[2026-08-03 07:25:20] [INFO] [orphan_orders_check] Running check_orphan_orders.py
536:[2026-08-03 07:25:20] [INFO] [orphan_orders_check] known order ids from live_state: []
537:[2026-08-03 07:25:20] [INFO] [orphan_orders_check] No orphan orders. active=0 known=0
538:[2026-08-03 07:25:20] [INFO] [orphan_orders_check] orphan order check finished: ok
539:[2026-08-03 07:25:20] [INFO] [orphan_orders_check] check_orphan_orders.py completed successfully
540:[2026-08-03 07:25:20] [INFO] [orphan_orders_check] Lock file removed.
541:[2026-08-03 07:30:03] [INFO] [orphan_orders_check] Running check_orphan_orders.py
542:[2026-08-03 07:30:03] [INFO] [orphan_orders_check] known order ids from live_state: []
543:[2026-08-03 07:30:03] [INFO] [orphan_orders_check] No orphan orders. active=0 known=0
544:[2026-08-03 07:30:03] [INFO] [orphan_orders_check] orphan order check finished: ok
545:[2026-08-03 07:30:03] [INFO] [orphan_orders_check] check_orphan_orders.py completed successfully
546:[2026-08-03 07:30:03] [INFO] [orphan_orders_check] Lock file removed.
547:[2026-08-03 07:35:14] [INFO] [orphan_orders_check] Running check_orphan_orders.py
548:[2026-08-03 07:35:14] [INFO] [orphan_orders_check] known order ids from live_state: []
549:[2026-08-03 07:35:14] [INFO] [orphan_orders_check] No orphan orders. active=0 known=0
550:[2026-08-03 07:35:14] [INFO] [orphan_orders_check] orphan order check finished: ok
551:[2026-08-03 07:35:14] [INFO] [orphan_orders_check] check_orphan_orders.py completed successfully
552:[2026-08-03 07:35:14] [INFO] [orphan_orders_check] Lock file removed.
553:[2026-08-03 07:40:03] [INFO] [orphan_orders_check] Running check_orphan_orders.py
554:[2026-08-03 07:40:03] [INFO] [orphan_orders_check] known order ids from live_state: [8775728306, 8775728399]
555:[2026-08-03 07:40:03] [INFO] [orphan_orders_check] No orphan orders. active=1 known=2
556:[2026-08-03 07:40:03] [INFO] [orphan_orders_check] orphan order check finished: ok
557:[2026-08-03 07:40:03] [INFO] [orphan_orders_check] check_orphan_orders.py completed successfully
558:[2026-08-03 07:40:03] [INFO] [orphan_orders_check] Lock file removed.
559:[2026-08-03 07:45:02] [INFO] [orphan_orders_check] Running check_orphan_orders.py
560:[2026-08-03 07:45:02] [INFO] [orphan_orders_check] known order ids from live_state: []
561:[2026-08-03 07:45:02] [INFO] [orphan_orders_check] No orphan orders. active=0 known=0
562:[2026-08-03 07:45:02] [INFO] [orphan_orders_check] orphan order check finished: ok
563:[2026-08-03 07:45:02] [INFO] [orphan_orders_check] check_orphan_orders.py completed successfully
564:[2026-08-03 07:45:02] [INFO] [orphan_orders_check] Lock file removed.
565:[2026-08-03 07:50:03] [INFO] [orphan_orders_check] Running check_orphan_orders.py
566:[2026-08-03 07:50:03] [INFO] [orphan_orders_check] known order ids from live_state: [8775749666]
567:[2026-08-03 07:50:03] [INFO] [orphan_orders_check] No orphan orders. active=1 known=1
568:[2026-08-03 07:50:03] [INFO] [orphan_orders_check] orphan order check finished: ok
569:[2026-08-03 07:50:03] [INFO] [orphan_orders_check] check_orphan_orders.py completed successfully
570:[2026-08-03 07:50:03] [INFO] [orphan_orders_check] Lock file removed.
571:[2026-08-03 07:55:03] [INFO] [orphan_orders_check] Running check_orphan_orders.py
572:[2026-08-03 07:55:03] [INFO] [orphan_orders_check] known order ids from live_state: [8775750062, 8775750066]
573:[2026-08-03 07:55:03] [INFO] [orphan_orders_check] No orphan orders. active=1 known=2
574:[2026-08-03 07:55:03] [INFO] [orphan_orders_check] orphan order check finished: ok
575:[2026-08-03 07:55:03] [INFO] [orphan_orders_check] check_orphan_orders.py completed successfully
576:[2026-08-03 07:55:03] [INFO] [orphan_orders_check] Lock file removed.
577:[2026-08-03 08:00:03] [INFO] [orphan_orders_check] Running check_orphan_orders.py
578:[2026-08-03 08:00:03] [INFO] [orphan_orders_check] known order ids from live_state: [8775750062, 8775750066]
579:[2026-08-03 08:00:04] [INFO] [orphan_orders_check] No orphan orders. active=1 known=2
580:[2026-08-03 08:00:04] [INFO] [orphan_orders_check] orphan order check finished: ok
581:[2026-08-03 08:00:04] [INFO] [orphan_orders_check] check_orphan_orders.py completed successfully
582:[2026-08-03 08:00:04] [INFO] [orphan_orders_check] Lock file removed.
583:[2026-08-03 08:05:06] [INFO] [orphan_orders_check] Running check_orphan_orders.py
584:[2026-08-03 08:05:06] [INFO] [orphan_orders_check] known order ids from live_state: [8775750062, 8775750066]
585:[2026-08-03 08:05:06] [INFO] [orphan_orders_check] No orphan orders. active=1 known=2
586:[2026-08-03 08:05:06] [INFO] [orphan_orders_check] orphan order check finished: ok
587:[2026-08-03 08:05:06] [INFO] [orphan_orders_check] check_orphan_orders.py completed successfully
588:[2026-08-03 08:05:06] [INFO] [orphan_orders_check] Lock file removed.
589:[2026-08-03 08:10:03] [INFO] [orphan_orders_check] Running check_orphan_orders.py
590:[2026-08-03 08:10:03] [INFO] [orphan_orders_check] known order ids from live_state: [8775750062, 8775750066]
591:[2026-08-03 08:10:03] [INFO] [orphan_orders_check] No orphan orders. active=1 known=2
592:[2026-08-03 08:10:03] [INFO] [orphan_orders_check] orphan order check finished: ok
593:[2026-08-03 08:10:03] [INFO] [orphan_orders_check] check_orphan_orders.py completed successfully
594:[2026-08-03 08:10:03] [INFO] [orphan_orders_check] Lock file removed.
595:[2026-08-03 08:15:02] [INFO] [orphan_orders_check] Running check_orphan_orders.py
596:[2026-08-03 08:15:02] [INFO] [orphan_orders_check] known order ids from live_state: [8775750062, 8775750066]
597:[2026-08-03 08:15:02] [INFO] [orphan_orders_check] No orphan orders. active=1 known=2
598:[2026-08-03 08:15:02] [INFO] [orphan_orders_check] orphan order check finished: ok
599:[2026-08-03 08:15:02] [INFO] [orphan_orders_check] check_orphan_orders.py completed successfully
600:[2026-08-03 08:15:02] [INFO] [orphan_orders_check] Lock file removed.
601:[2026-08-03 08:20:02] [INFO] [orphan_orders_check] Running check_orphan_orders.py
602:[2026-08-03 08:20:02] [INFO] [orphan_orders_check] known order ids from live_state: [8775798965, 8775798969]
603:[2026-08-03 08:20:02] [INFO] [orphan_orders_check] No orphan orders. active=1 known=2
604:[2026-08-03 08:20:02] [INFO] [orphan_orders_check] orphan order check finished: ok
605:[2026-08-03 08:20:02] [INFO] [orphan_orders_check] check_orphan_orders.py completed successfully
606:[2026-08-03 08:20:02] [INFO] [orphan_orders_check] Lock file removed.
607:[2026-08-03 08:25:20] [INFO] [orphan_orders_check] Running check_orphan_orders.py
608:[2026-08-03 08:25:20] [INFO] [orphan_orders_check] known order ids from live_state: [8775798965, 8775798969]
609:[2026-08-03 08:25:20] [INFO] [orphan_orders_check] No orphan orders. active=1 known=2
610:[2026-08-03 08:25:20] [INFO] [orphan_orders_check] orphan order check finished: ok
611:[2026-08-03 08:25:20] [INFO] [orphan_orders_check] check_orphan_orders.py completed successfully
612:[2026-08-03 08:25:20] [INFO] [orphan_orders_check] Lock file removed.
613:[2026-08-03 08:30:03] [INFO] [orphan_orders_check] Running check_orphan_orders.py
614:[2026-08-03 08:30:03] [INFO] [orphan_orders_check] known order ids from live_state: [8775798965, 8775798969]
615:[2026-08-03 08:30:03] [INFO] [orphan_orders_check] No orphan orders. active=1 known=2
616:[2026-08-03 08:30:03] [INFO] [orphan_orders_check] orphan order check finished: ok
617:[2026-08-03 08:30:03] [INFO] [orphan_orders_check] check_orphan_orders.py completed successfully
618:[2026-08-03 08:30:03] [INFO] [orphan_orders_check] Lock file removed.
619:[2026-08-03 08:35:00] [INFO] [orphan_orders_check] Running check_orphan_orders.py
620:[2026-08-03 08:35:00] [INFO] [orphan_orders_check] known order ids from live_state: [8775847000, 8775847009]
621:[2026-08-03 08:35:00] [INFO] [orphan_orders_check] No orphan orders. active=1 known=2
622:[2026-08-03 08:35:00] [INFO] [orphan_orders_check] orphan order check finished: ok
623:[2026-08-03 08:35:00] [INFO] [orphan_orders_check] check_orphan_orders.py completed successfully
624:[2026-08-03 08:35:00] [INFO] [orphan_orders_check] Lock file removed.
625:[2026-08-03 08:40:03] [INFO] [orphan_orders_check] Running check_orphan_orders.py
626:[2026-08-03 08:40:03] [INFO] [orphan_orders_check] known order ids from live_state: [8775847000, 8775847009]
627:[2026-08-03 08:40:03] [INFO] [orphan_orders_check] No orphan orders. active=1 known=2
628:[2026-08-03 08:40:03] [INFO] [orphan_orders_check] orphan order check finished: ok
629:[2026-08-03 08:40:03] [INFO] [orphan_orders_check] check_orphan_orders.py completed successfully
630:[2026-08-03 08:40:03] [INFO] [orphan_orders_check] Lock file removed.
631:[2026-08-03 08:45:01] [INFO] [orphan_orders_check] Running check_orphan_orders.py
632:[2026-08-03 08:45:01] [INFO] [orphan_orders_check] known order ids from live_state: [8775847000, 8775847009]
633:[2026-08-03 08:45:01] [INFO] [orphan_orders_check] No orphan orders. active=1 known=2
634:[2026-08-03 08:45:01] [INFO] [orphan_orders_check] orphan order check finished: ok
635:[2026-08-03 08:45:01] [INFO] [orphan_orders_check] check_orphan_orders.py completed successfully
636:[2026-08-03 08:45:01] [INFO] [orphan_orders_check] Lock file removed.
637:[2026-08-03 08:50:03] [INFO] [orphan_orders_check] Running check_orphan_orders.py
638:[2026-08-03 08:50:03] [INFO] [orphan_orders_check] known order ids from live_state: [8775847000, 8775847009]
639:[2026-08-03 08:50:03] [INFO] [orphan_orders_check] No orphan orders. active=1 known=2
640:[2026-08-03 08:50:03] [INFO] [orphan_orders_check] orphan order check finished: ok
641:[2026-08-03 08:50:03] [INFO] [orphan_orders_check] check_orphan_orders.py completed successfully
642:[2026-08-03 08:50:03] [INFO] [orphan_orders_check] Lock file removed.
643:[2026-08-03 08:55:17] [INFO] [orphan_orders_check] Running check_orphan_orders.py
644:[2026-08-03 08:55:17] [INFO] [orphan_orders_check] known order ids from live_state: [8775847000, 8775847009]
645:[2026-08-03 08:55:17] [INFO] [orphan_orders_check] No orphan orders. active=1 known=2
646:[2026-08-03 08:55:17] [INFO] [orphan_orders_check] orphan order check finished: ok
647:[2026-08-03 08:55:18] [INFO] [orphan_orders_check] check_orphan_orders.py completed successfully
648:[2026-08-03 08:55:18] [INFO] [orphan_orders_check] Lock file removed.
649:[2026-08-03 09:00:03] [INFO] [orphan_orders_check] Running check_orphan_orders.py
650:[2026-08-03 09:00:03] [INFO] [orphan_orders_check] known order ids from live_state: [8775847000, 8775847009]
651:[2026-08-03 09:00:04] [INFO] [orphan_orders_check] No orphan orders. active=1 known=2
652:[2026-08-03 09:00:04] [INFO] [orphan_orders_check] orphan order check finished: ok
653:[2026-08-03 09:00:04] [INFO] [orphan_orders_check] check_orphan_orders.py completed successfully
654:[2026-08-03 09:00:04] [INFO] [orphan_orders_check] Lock file removed.
655:[2026-08-03 09:05:00] [INFO] [orphan_orders_check] Running check_orphan_orders.py
656:[2026-08-03 09:05:00] [INFO] [orphan_orders_check] known order ids from live_state: []
657:[2026-08-03 09:05:01] [INFO] [orphan_orders_check] No orphan orders. active=0 known=0
658:[2026-08-03 09:05:01] [INFO] [orphan_orders_check] orphan order check finished: ok
659:[2026-08-03 09:05:01] [INFO] [orphan_orders_check] check_orphan_orders.py completed successfully
660:[2026-08-03 09:05:01] [INFO] [orphan_orders_check] Lock file removed.
661:[2026-08-03 09:10:03] [INFO] [orphan_orders_check] Running check_orphan_orders.py
662:[2026-08-03 09:10:03] [INFO] [orphan_orders_check] known order ids from live_state: [8775910074, 8775910102]
663:[2026-08-03 09:10:03] [INFO] [orphan_orders_check] No orphan orders. active=1 known=2
664:[2026-08-03 09:10:03] [INFO] [orphan_orders_check] orphan order check finished: ok
665:[2026-08-03 09:10:03] [INFO] [orphan_orders_check] check_orphan_orders.py completed successfully
666:[2026-08-03 09:10:03] [INFO] [orphan_orders_check] Lock file removed.
667:[2026-08-03 09:15:01] [INFO] [orphan_orders_check] Running check_orphan_orders.py
668:[2026-08-03 09:15:01] [INFO] [orphan_orders_check] known order ids from live_state: [8775910074, 8775910102]
669:[2026-08-03 09:15:01] [INFO] [orphan_orders_check] No orphan orders. active=1 known=2
670:[2026-08-03 09:15:01] [INFO] [orphan_orders_check] orphan order check finished: ok
671:[2026-08-03 09:15:01] [INFO] [orphan_orders_check] check_orphan_orders.py completed successfully
672:[2026-08-03 09:15:01] [INFO] [orphan_orders_check] Lock file removed.
673:[2026-08-03 09:20:03] [INFO] [orphan_orders_check] Running check_orphan_orders.py
674:[2026-08-03 09:20:03] [INFO] [orphan_orders_check] known order ids from live_state: [8775910074, 8775910102]
675:[2026-08-03 09:20:03] [INFO] [orphan_orders_check] No orphan orders. active=1 known=2
676:[2026-08-03 09:20:03] [INFO] [orphan_orders_check] orphan order check finished: ok
677:[2026-08-03 09:20:03] [INFO] [orphan_orders_check] check_orphan_orders.py completed successfully
678:[2026-08-03 09:20:03] [INFO] [orphan_orders_check] Lock file removed.
679:[2026-08-03 09:25:03] [INFO] [orphan_orders_check] Running check_orphan_orders.py
680:[2026-08-03 09:25:03] [INFO] [orphan_orders_check] known order ids from live_state: [8775910074, 8775910102]
681:[2026-08-03 09:25:03] [INFO] [orphan_orders_check] No orphan orders. active=1 known=2
682:[2026-08-03 09:25:03] [INFO] [orphan_orders_check] orphan order check finished: ok
683:[2026-08-03 09:25:03] [INFO] [orphan_orders_check] check_orphan_orders.py completed successfully
684:[2026-08-03 09:25:03] [INFO] [orphan_orders_check] Lock file removed.
685:[2026-08-03 09:30:03] [INFO] [orphan_orders_check] Running check_orphan_orders.py
686:[2026-08-03 09:30:03] [INFO] [orphan_orders_check] known order ids from live_state: [8775959449]
687:[2026-08-03 09:30:03] [INFO] [orphan_orders_check] No orphan orders. active=1 known=1
688:[2026-08-03 09:30:03] [INFO] [orphan_orders_check] orphan order check finished: ok
689:[2026-08-03 09:30:03] [INFO] [orphan_orders_check] check_orphan_orders.py completed successfully
690:[2026-08-03 09:30:03] [INFO] [orphan_orders_check] Lock file removed.
691:[2026-08-03 09:35:03] [INFO] [orphan_orders_check] Running check_orphan_orders.py
692:[2026-08-03 09:35:03] [INFO] [orphan_orders_check] known order ids from live_state: [8775988354, 8775988521]
693:[2026-08-03 09:35:03] [INFO] [orphan_orders_check] No orphan orders. active=1 known=2
694:[2026-08-03 09:35:03] [INFO] [orphan_orders_check] orphan order check finished: ok
695:[2026-08-03 09:35:03] [INFO] [orphan_orders_check] check_orphan_orders.py completed successfully
696:[2026-08-03 09:35:03] [INFO] [orphan_orders_check] Lock file removed.
697:[2026-08-03 09:40:03] [INFO] [orphan_orders_check] Running check_orphan_orders.py
698:[2026-08-03 09:40:03] [INFO] [orphan_orders_check] known order ids from live_state: [8776009524, 8776009526]
699:[2026-08-03 09:40:03] [INFO] [orphan_orders_check] No orphan orders. active=1 known=2
700:[2026-08-03 09:40:03] [INFO] [orphan_orders_check] orphan order check finished: ok
701:[2026-08-03 09:40:03] [INFO] [orphan_orders_check] check_orphan_orders.py completed successfully
702:[2026-08-03 09:40:03] [INFO] [orphan_orders_check] Lock file removed.
703:[2026-08-03 09:45:01] [INFO] [orphan_orders_check] Running check_orphan_orders.py
704:[2026-08-03 09:45:01] [INFO] [orphan_orders_check] known order ids from live_state: [8776049136]
705:[2026-08-03 09:45:01] [INFO] [orphan_orders_check] No orphan orders. active=1 known=1
706:[2026-08-03 09:45:01] [INFO] [orphan_orders_check] orphan order check finished: ok
707:[2026-08-03 09:45:01] [INFO] [orphan_orders_check] check_orphan_orders.py completed successfully
708:[2026-08-03 09:45:01] [INFO] [orphan_orders_check] Lock file removed.
709:[2026-08-03 09:50:03] [INFO] [orphan_orders_check] Running check_orphan_orders.py
710:[2026-08-03 09:50:03] [INFO] [orphan_orders_check] known order ids from live_state: []
711:[2026-08-03 09:50:03] [INFO] [orphan_orders_check] No orphan orders. active=0 known=0
712:[2026-08-03 09:50:03] [INFO] [orphan_orders_check] orphan order check finished: ok
713:[2026-08-03 09:50:03] [INFO] [orphan_orders_check] check_orphan_orders.py completed successfully
714:[2026-08-03 09:50:03] [INFO] [orphan_orders_check] Lock file removed.
715:[2026-08-03 09:55:09] [INFO] [orphan_orders_check] Running check_orphan_orders.py
716:[2026-08-03 09:55:09] [INFO] [orphan_orders_check] known order ids from live_state: []
717:[2026-08-03 09:55:10] [INFO] [orphan_orders_check] No orphan orders. active=0 known=0
718:[2026-08-03 09:55:10] [INFO] [orphan_orders_check] orphan order check finished: ok
719:[2026-08-03 09:55:10] [INFO] [orphan_orders_check] check_orphan_orders.py completed successfully
720:[2026-08-03 09:55:10] [INFO] [orphan_orders_check] Lock file removed.
721:[2026-08-03 10:00:03] [INFO] [orphan_orders_check] Running check_orphan_orders.py
722:[2026-08-03 10:00:03] [INFO] [orphan_orders_check] known order ids from live_state: []
723:[2026-08-03 10:00:04] [INFO] [orphan_orders_check] No orphan orders. active=0 known=0
724:[2026-08-03 10:00:04] [INFO] [orphan_orders_check] orphan order check finished: ok
725:[2026-08-03 10:00:04] [INFO] [orphan_orders_check] check_orphan_orders.py completed successfully
726:[2026-08-03 10:00:04] [INFO] [orphan_orders_check] Lock file removed.
727:[2026-08-03 10:05:20] [INFO] [orphan_orders_check] Running check_orphan_orders.py
728:[2026-08-03 10:05:20] [INFO] [orphan_orders_check] known order ids from live_state: []
729:[2026-08-03 10:05:20] [INFO] [orphan_orders_check] No orphan orders. active=0 known=0
730:[2026-08-03 10:05:20] [INFO] [orphan_orders_check] orphan order check finished: ok
731:[2026-08-03 10:05:20] [INFO] [orphan_orders_check] check_orphan_orders.py completed successfully
732:[2026-08-03 10:05:20] [INFO] [orphan_orders_check] Lock file removed.
733:[2026-08-03 10:10:03] [INFO] [orphan_orders_check] Running check_orphan_orders.py
734:[2026-08-03 10:10:03] [INFO] [orphan_orders_check] known order ids from live_state: [8776142256]
735:[2026-08-03 10:10:03] [INFO] [orphan_orders_check] No orphan orders. active=0 known=1
736:[2026-08-03 10:10:03] [INFO] [orphan_orders_check] orphan order check finished: ok
737:[2026-08-03 10:10:03] [INFO] [orphan_orders_check] check_orphan_orders.py completed successfully
738:[2026-08-03 10:10:03] [INFO] [orphan_orders_check] Lock file removed.
739:[2026-08-03 10:15:01] [INFO] [orphan_orders_check] Running check_orphan_orders.py
740:[2026-08-03 10:15:01] [INFO] [orphan_orders_check] known order ids from live_state: [8776157665]
741:[2026-08-03 10:15:01] [INFO] [orphan_orders_check] No orphan orders. active=1 known=1
742:[2026-08-03 10:15:01] [INFO] [orphan_orders_check] orphan order check finished: ok
743:[2026-08-03 10:15:01] [INFO] [orphan_orders_check] check_orphan_orders.py completed successfully
744:[2026-08-03 10:15:01] [INFO] [orphan_orders_check] Lock file removed.
745:[2026-08-03 10:20:03] [INFO] [orphan_orders_check] Running check_orphan_orders.py
746:[2026-08-03 10:20:03] [INFO] [orphan_orders_check] known order ids from live_state: [8776171692]
747:[2026-08-03 10:20:03] [INFO] [orphan_orders_check] No orphan orders. active=1 known=1
748:[2026-08-03 10:20:03] [INFO] [orphan_orders_check] orphan order check finished: ok
749:[2026-08-03 10:20:03] [INFO] [orphan_orders_check] check_orphan_orders.py completed successfully
750:[2026-08-03 10:20:03] [INFO] [orphan_orders_check] Lock file removed.
751:[2026-08-03 10:25:02] [INFO] [orphan_orders_check] Running check_orphan_orders.py
752:[2026-08-03 10:25:02] [INFO] [orphan_orders_check] known order ids from live_state: [8776185568, 8776185753]
753:[2026-08-03 10:25:02] [INFO] [orphan_orders_check] No orphan orders. active=1 known=2
754:[2026-08-03 10:25:02] [INFO] [orphan_orders_check] orphan order check finished: ok
755:[2026-08-03 10:25:02] [INFO] [orphan_orders_check] check_orphan_orders.py completed successfully
756:[2026-08-03 10:25:02] [INFO] [orphan_orders_check] Lock file removed.
757:[2026-08-03 10:30:03] [INFO] [orphan_orders_check] Running check_orphan_orders.py
758:[2026-08-03 10:30:03] [INFO] [orphan_orders_check] known order ids from live_state: [8776185568, 8776185753]
759:[2026-08-03 10:30:03] [INFO] [orphan_orders_check] No orphan orders. active=1 known=2
760:[2026-08-03 10:30:03] [INFO] [orphan_orders_check] orphan order check finished: ok
761:[2026-08-03 10:30:03] [INFO] [orphan_orders_check] check_orphan_orders.py completed successfully
762:[2026-08-03 10:30:03] [INFO] [orphan_orders_check] Lock file removed.
763:[2026-08-03 10:35:03] [INFO] [orphan_orders_check] Running check_orphan_orders.py
764:[2026-08-03 10:35:03] [INFO] [orphan_orders_check] known order ids from live_state: [8776185568, 8776185753]
765:[2026-08-03 10:35:03] [INFO] [orphan_orders_check] No orphan orders. active=1 known=2
766:[2026-08-03 10:35:03] [INFO] [orphan_orders_check] orphan order check finished: ok
767:[2026-08-03 10:35:03] [INFO] [orphan_orders_check] check_orphan_orders.py completed successfully
768:[2026-08-03 10:35:03] [INFO] [orphan_orders_check] Lock file removed.
769:[2026-08-03 10:40:03] [INFO] [orphan_orders_check] Running check_orphan_orders.py
770:[2026-08-03 10:40:03] [INFO] [orphan_orders_check] known order ids from live_state: [8776185568, 8776185753]
771:[2026-08-03 10:40:03] [INFO] [orphan_orders_check] No orphan orders. active=1 known=2
772:[2026-08-03 10:40:03] [INFO] [orphan_orders_check] orphan order check finished: ok
773:[2026-08-03 10:40:03] [INFO] [orphan_orders_check] check_orphan_orders.py completed successfully
774:[2026-08-03 10:40:03] [INFO] [orphan_orders_check] Lock file removed.
775:[2026-08-03 10:45:01] [INFO] [orphan_orders_check] Running check_orphan_orders.py
776:[2026-08-03 10:45:01] [INFO] [orphan_orders_check] known order ids from live_state: [8776185568, 8776185753]
777:[2026-08-03 10:45:01] [INFO] [orphan_orders_check] No orphan orders. active=1 known=2
778:[2026-08-03 10:45:01] [INFO] [orphan_orders_check] orphan order check finished: ok
779:[2026-08-03 10:45:01] [INFO] [orphan_orders_check] check_orphan_orders.py completed successfully
780:[2026-08-03 10:45:01] [INFO] [orphan_orders_check] Lock file removed.
781:[2026-08-03 10:50:03] [INFO] [orphan_orders_check] Running check_orphan_orders.py
782:[2026-08-03 10:50:03] [INFO] [orphan_orders_check] known order ids from live_state: [8776185568, 8776185753]
783:[2026-08-03 10:50:03] [INFO] [orphan_orders_check] No orphan orders. active=1 known=2
784:[2026-08-03 10:50:03] [INFO] [orphan_orders_check] orphan order check finished: ok
785:[2026-08-03 10:50:03] [INFO] [orphan_orders_check] check_orphan_orders.py completed successfully
786:[2026-08-03 10:50:03] [INFO] [orphan_orders_check] Lock file removed.
787:[2026-08-03 10:55:01] [INFO] [orphan_orders_check] Running check_orphan_orders.py
788:[2026-08-03 10:55:01] [INFO] [orphan_orders_check] known order ids from live_state: [8776185568, 8776185753]
789:[2026-08-03 10:55:01] [INFO] [orphan_orders_check] No orphan orders. active=1 known=2
790:[2026-08-03 10:55:01] [INFO] [orphan_orders_check] orphan order check finished: ok
791:[2026-08-03 10:55:01] [INFO] [orphan_orders_check] check_orphan_orders.py completed successfully
792:[2026-08-03 10:55:01] [INFO] [orphan_orders_check] Lock file removed.
793:[2026-08-03 11:00:03] [INFO] [orphan_orders_check] Running check_orphan_orders.py
794:[2026-08-03 11:00:03] [INFO] [orphan_orders_check] known order ids from live_state: [8776185568, 8776185753]
795:[2026-08-03 11:00:04] [INFO] [orphan_orders_check] No orphan orders. active=1 known=2
796:[2026-08-03 11:00:04] [INFO] [orphan_orders_check] orphan order check finished: ok
797:[2026-08-03 11:00:04] [INFO] [orphan_orders_check] check_orphan_orders.py completed successfully
798:[2026-08-03 11:00:04] [INFO] [orphan_orders_check] Lock file removed.
799:[2026-08-03 11:05:03] [INFO] [orphan_orders_check] Running check_orphan_orders.py
800:[2026-08-03 11:05:03] [INFO] [orphan_orders_check] known order ids from live_state: [8776185568, 8776185753]
801:[2026-08-03 11:05:03] [INFO] [orphan_orders_check] No orphan orders. active=1 known=2
802:[2026-08-03 11:05:03] [INFO] [orphan_orders_check] orphan order check finished: ok
803:[2026-08-03 11:05:03] [INFO] [orphan_orders_check] check_orphan_orders.py completed successfully
804:[2026-08-03 11:05:03] [INFO] [orphan_orders_check] Lock file removed.
805:[2026-08-03 11:10:03] [INFO] [orphan_orders_check] Running check_orphan_orders.py
806:[2026-08-03 11:10:03] [INFO] [orphan_orders_check] known order ids from live_state: [8776303347, 8776303370]
807:[2026-08-03 11:10:03] [INFO] [orphan_orders_check] No orphan orders. active=1 known=2
808:[2026-08-03 11:10:03] [INFO] [orphan_orders_check] orphan order check finished: ok
809:[2026-08-03 11:10:03] [INFO] [orphan_orders_check] check_orphan_orders.py completed successfully
810:[2026-08-03 11:10:03] [INFO] [orphan_orders_check] Lock file removed.
811:[2026-08-03 11:15:01] [INFO] [orphan_orders_check] Running check_orphan_orders.py
812:[2026-08-03 11:15:01] [INFO] [orphan_orders_check] known order ids from live_state: [8776303347, 8776303370]
813:[2026-08-03 11:15:01] [INFO] [orphan_orders_check] No orphan orders. active=1 known=2
814:[2026-08-03 11:15:01] [INFO] [orphan_orders_check] orphan order check finished: ok
815:[2026-08-03 11:15:01] [INFO] [orphan_orders_check] check_orphan_orders.py completed successfully
816:[2026-08-03 11:15:01] [INFO] [orphan_orders_check] Lock file removed.
817:[2026-08-03 11:20:03] [INFO] [orphan_orders_check] Running check_orphan_orders.py
818:[2026-08-03 11:20:03] [INFO] [orphan_orders_check] known order ids from live_state: [8776303347, 8776303370]
819:[2026-08-03 11:20:03] [INFO] [orphan_orders_check] No orphan orders. active=1 known=2
820:[2026-08-03 11:20:03] [INFO] [orphan_orders_check] orphan order check finished: ok
821:[2026-08-03 11:20:03] [INFO] [orphan_orders_check] check_orphan_orders.py completed successfully
822:[2026-08-03 11:20:03] [INFO] [orphan_orders_check] Lock file removed.
823:[2026-08-03 11:25:03] [INFO] [orphan_orders_check] Running check_orphan_orders.py
824:[2026-08-03 11:25:03] [INFO] [orphan_orders_check] known order ids from live_state: [8776303347, 8776303370]
825:[2026-08-03 11:25:03] [INFO] [orphan_orders_check] No orphan orders. active=1 known=2
826:[2026-08-03 11:25:03] [INFO] [orphan_orders_check] orphan order check finished: ok
827:[2026-08-03 11:25:03] [INFO] [orphan_orders_check] check_orphan_orders.py completed successfully
828:[2026-08-03 11:25:03] [INFO] [orphan_orders_check] Lock file removed.
829:[2026-08-03 11:30:03] [INFO] [orphan_orders_check] Running check_orphan_orders.py
830:[2026-08-03 11:30:03] [INFO] [orphan_orders_check] known order ids from live_state: [8776303347, 8776303370]
831:[2026-08-03 11:30:03] [INFO] [orphan_orders_check] No orphan orders. active=1 known=2
832:[2026-08-03 11:30:03] [INFO] [orphan_orders_check] orphan order check finished: ok
833:[2026-08-03 11:30:03] [INFO] [orphan_orders_check] check_orphan_orders.py completed successfully
834:[2026-08-03 11:30:03] [INFO] [orphan_orders_check] Lock file removed.
835:[2026-08-03 11:35:03] [INFO] [orphan_orders_check] Running check_orphan_orders.py
836:[2026-08-03 11:35:03] [INFO] [orphan_orders_check] known order ids from live_state: [8776303347, 8776303370]
837:[2026-08-03 11:35:03] [INFO] [orphan_orders_check] No orphan orders. active=1 known=2
838:[2026-08-03 11:35:03] [INFO] [orphan_orders_check] orphan order check finished: ok
839:[2026-08-03 11:35:03] [INFO] [orphan_orders_check] check_orphan_orders.py completed successfully
840:[2026-08-03 11:35:03] [INFO] [orphan_orders_check] Lock file removed.
841:[2026-08-03 11:40:03] [INFO] [orphan_orders_check] Running check_orphan_orders.py
842:[2026-08-03 11:40:03] [INFO] [orphan_orders_check] known order ids from live_state: [8776303347, 8776303370]
843:[2026-08-03 11:40:03] [INFO] [orphan_orders_check] No orphan orders. active=1 known=2
844:[2026-08-03 11:40:03] [INFO] [orphan_orders_check] orphan order check finished: ok
845:[2026-08-03 11:40:03] [INFO] [orphan_orders_check] check_orphan_orders.py completed successfully
846:[2026-08-03 11:40:03] [INFO] [orphan_orders_check] Lock file removed.
847:[2026-08-03 11:45:01] [INFO] [orphan_orders_check] Running check_orphan_orders.py
848:[2026-08-03 11:45:01] [INFO] [orphan_orders_check] known order ids from live_state: [8776303347, 8776303370]
849:[2026-08-03 11:45:01] [INFO] [orphan_orders_check] No orphan orders. active=1 known=2
850:[2026-08-03 11:45:01] [INFO] [orphan_orders_check] orphan order check finished: ok
851:[2026-08-03 11:45:01] [INFO] [orphan_orders_check] check_orphan_orders.py completed successfully
852:[2026-08-03 11:45:01] [INFO] [orphan_orders_check] Lock file removed.
853:[2026-08-03 11:50:03] [INFO] [orphan_orders_check] Running check_orphan_orders.py
854:[2026-08-03 11:50:03] [INFO] [orphan_orders_check] known order ids from live_state: [8776303347, 8776303370]
855:[2026-08-03 11:50:03] [INFO] [orphan_orders_check] No orphan orders. active=1 known=2
856:[2026-08-03 11:50:03] [INFO] [orphan_orders_check] orphan order check finished: ok
857:[2026-08-03 11:50:03] [INFO] [orphan_orders_check] check_orphan_orders.py completed successfully
858:[2026-08-03 11:50:03] [INFO] [orphan_orders_check] Lock file removed.
859:[2026-08-03 11:55:20] [INFO] [orphan_orders_check] Running check_orphan_orders.py
860:[2026-08-03 11:55:20] [INFO] [orphan_orders_check] known order ids from live_state: [8776303347, 8776303370]
861:[2026-08-03 11:55:20] [INFO] [orphan_orders_check] No orphan orders. active=1 known=2
862:[2026-08-03 11:55:20] [INFO] [orphan_orders_check] orphan order check finished: ok
863:[2026-08-03 11:55:20] [INFO] [orphan_orders_check] check_orphan_orders.py completed successfully
864:[2026-08-03 11:55:20] [INFO] [orphan_orders_check] Lock file removed.
865:[2026-08-03 12:00:03] [INFO] [orphan_orders_check] Running check_orphan_orders.py
866:[2026-08-03 12:00:04] [INFO] [orphan_orders_check] known order ids from live_state: [8776303347, 8776303370]
867:[2026-08-03 12:00:04] [INFO] [orphan_orders_check] No orphan orders. active=1 known=2
868:[2026-08-03 12:00:04] [INFO] [orphan_orders_check] orphan order check finished: ok
869:[2026-08-03 12:00:04] [INFO] [orphan_orders_check] check_orphan_orders.py completed successfully
870:[2026-08-03 12:00:04] [INFO] [orphan_orders_check] Lock file removed.
871:[2026-08-03 12:05:03] [INFO] [orphan_orders_check] Running check_orphan_orders.py
872:[2026-08-03 12:05:03] [INFO] [orphan_orders_check] known order ids from live_state: [8776303347, 8776303370]
873:[2026-08-03 12:05:03] [INFO] [orphan_orders_check] No orphan orders. active=1 known=2
874:[2026-08-03 12:05:03] [INFO] [orphan_orders_check] orphan order check finished: ok
875:[2026-08-03 12:05:03] [INFO] [orphan_orders_check] check_orphan_orders.py completed successfully
876:[2026-08-03 12:05:03] [INFO] [orphan_orders_check] Lock file removed.
877:[2026-08-03 12:10:03] [INFO] [orphan_orders_check] Running check_orphan_orders.py
878:[2026-08-03 12:10:03] [INFO] [orphan_orders_check] known order ids from live_state: [8776303347, 8776303370]
879:[2026-08-03 12:10:03] [INFO] [orphan_orders_check] No orphan orders. active=1 known=2
880:[2026-08-03 12:10:03] [INFO] [orphan_orders_check] orphan order check finished: ok
881:[2026-08-03 12:10:03] [INFO] [orphan_orders_check] check_orphan_orders.py completed successfully
882:[2026-08-03 12:10:03] [INFO] [orphan_orders_check] Lock file removed.
883:[2026-08-03 12:15:01] [INFO] [orphan_orders_check] Running check_orphan_orders.py
884:[2026-08-03 12:15:01] [INFO] [orphan_orders_check] known order ids from live_state: [8776303347, 8776303370]
885:[2026-08-03 12:15:01] [INFO] [orphan_orders_check] No orphan orders. active=1 known=2
886:[2026-08-03 12:15:01] [INFO] [orphan_orders_check] orphan order check finished: ok
887:[2026-08-03 12:15:01] [INFO] [orphan_orders_check] check_orphan_orders.py completed successfully
888:[2026-08-03 12:15:01] [INFO] [orphan_orders_check] Lock file removed.
889:[2026-08-03 12:20:03] [INFO] [orphan_orders_check] Running check_orphan_orders.py
890:[2026-08-03 12:20:03] [INFO] [orphan_orders_check] known order ids from live_state: [8776303347, 8776303370]
891:[2026-08-03 12:20:03] [INFO] [orphan_orders_check] No orphan orders. active=1 known=2
892:[2026-08-03 12:20:03] [INFO] [orphan_orders_check] orphan order check finished: ok
893:[2026-08-03 12:20:03] [INFO] [orphan_orders_check] check_orphan_orders.py completed successfully
894:[2026-08-03 12:20:03] [INFO] [orphan_orders_check] Lock file removed.
895:[2026-08-03 12:25:03] [INFO] [orphan_orders_check] Running check_orphan_orders.py
896:[2026-08-03 12:25:03] [INFO] [orphan_orders_check] known order ids from live_state: [8776303347, 8776303370]
897:[2026-08-03 12:25:03] [INFO] [orphan_orders_check] No orphan orders. active=1 known=2
898:[2026-08-03 12:25:03] [INFO] [orphan_orders_check] orphan order check finished: ok
899:[2026-08-03 12:25:03] [INFO] [orphan_orders_check] check_orphan_orders.py completed successfully
900:[2026-08-03 12:25:03] [INFO] [orphan_orders_check] Lock file removed.
901:[2026-08-03 12:30:03] [INFO] [orphan_orders_check] Running check_orphan_orders.py
902:[2026-08-03 12:30:03] [INFO] [orphan_orders_check] known order ids from live_state: [8776303347, 8776303370]
903:[2026-08-03 12:30:03] [INFO] [orphan_orders_check] No orphan orders. active=1 known=2
904:[2026-08-03 12:30:03] [INFO] [orphan_orders_check] orphan order check finished: ok
905:[2026-08-03 12:30:03] [INFO] [orphan_orders_check] check_orphan_orders.py completed successfully
906:[2026-08-03 12:30:03] [INFO] [orphan_orders_check] Lock file removed.
907:[2026-08-03 12:35:19] [INFO] [orphan_orders_check] Running check_orphan_orders.py
908:[2026-08-03 12:35:19] [INFO] [orphan_orders_check] known order ids from live_state: [8776519177, 8776519241]
909:[2026-08-03 12:35:19] [INFO] [orphan_orders_check] No orphan orders. active=1 known=2
910:[2026-08-03 12:35:19] [INFO] [orphan_orders_check] orphan order check finished: ok
911:[2026-08-03 12:35:19] [INFO] [orphan_orders_check] check_orphan_orders.py completed successfully
912:[2026-08-03 12:35:19] [INFO] [orphan_orders_check] Lock file removed.
913:[2026-08-03 12:40:03] [INFO] [orphan_orders_check] Running check_orphan_orders.py
914:[2026-08-03 12:40:03] [INFO] [orphan_orders_check] known order ids from live_state: [8776519177, 8776519241]
915:[2026-08-03 12:40:03] [INFO] [orphan_orders_check] No orphan orders. active=1 known=2
916:[2026-08-03 12:40:03] [INFO] [orphan_orders_check] orphan order check finished: ok
917:[2026-08-03 12:40:03] [INFO] [orphan_orders_check] check_orphan_orders.py completed successfully
918:[2026-08-03 12:40:03] [INFO] [orphan_orders_check] Lock file removed.
919:[2026-08-03 12:45:03] [INFO] [orphan_orders_check] Running check_orphan_orders.py
920:[2026-08-03 12:45:03] [INFO] [orphan_orders_check] known order ids from live_state: [8776519177, 8776519241]
921:[2026-08-03 12:45:03] [INFO] [orphan_orders_check] No orphan orders. active=1 known=2
922:[2026-08-03 12:45:03] [INFO] [orphan_orders_check] orphan order check finished: ok
923:[2026-08-03 12:45:03] [INFO] [orphan_orders_check] check_orphan_orders.py completed successfully
924:[2026-08-03 12:45:03] [INFO] [orphan_orders_check] Lock file removed.
925:[2026-08-03 12:50:03] [INFO] [orphan_orders_check] Running check_orphan_orders.py
926:[2026-08-03 12:50:03] [INFO] [orphan_orders_check] known order ids from live_state: [8776547607, 8776547631]
927:[2026-08-03 12:50:05] [INFO] [orphan_orders_check] No orphan orders. active=1 known=2
928:[2026-08-03 12:50:05] [INFO] [orphan_orders_check] orphan order check finished: ok
929:[2026-08-03 12:50:05] [INFO] [orphan_orders_check] check_orphan_orders.py completed successfully
930:[2026-08-03 12:50:05] [INFO] [orphan_orders_check] Lock file removed.
931:[2026-08-03 12:55:03] [INFO] [orphan_orders_check] Running check_orphan_orders.py
932:[2026-08-03 12:55:03] [INFO] [orphan_orders_check] known order ids from live_state: [8776574032, 8776574037]
933:[2026-08-03 12:55:03] [INFO] [orphan_orders_check] No orphan orders. active=1 known=2
934:[2026-08-03 12:55:03] [INFO] [orphan_orders_check] orphan order check finished: ok
935:[2026-08-03 12:55:03] [INFO] [orphan_orders_check] check_orphan_orders.py completed successfully
936:[2026-08-03 12:55:03] [INFO] [orphan_orders_check] Lock file removed.
937:[2026-08-03 13:00:02] [INFO] [orphan_orders_check] Running check_orphan_orders.py
938:[2026-08-03 13:00:02] [INFO] [orphan_orders_check] known order ids from live_state: [8776574032, 8776574037]
939:[2026-08-03 13:00:03] [INFO] [orphan_orders_check] No orphan orders. active=0 known=2
940:[2026-08-03 13:00:03] [INFO] [orphan_orders_check] orphan order check finished: ok
941:[2026-08-03 13:00:03] [INFO] [orphan_orders_check] check_orphan_orders.py completed successfully
942:[2026-08-03 13:00:03] [INFO] [orphan_orders_check] Lock file removed.
943:[2026-08-03 13:05:03] [INFO] [orphan_orders_check] Running check_orphan_orders.py
944:[2026-08-03 13:05:03] [INFO] [orphan_orders_check] known order ids from live_state: [8776599669, 8776599728]
945:[2026-08-03 13:05:03] [INFO] [orphan_orders_check] No orphan orders. active=1 known=2
946:[2026-08-03 13:05:03] [INFO] [orphan_orders_check] orphan order check finished: ok
947:[2026-08-03 13:05:03] [INFO] [orphan_orders_check] check_orphan_orders.py completed successfully
948:[2026-08-03 13:05:03] [INFO] [orphan_orders_check] Lock file removed.
949:[2026-08-03 13:10:03] [INFO] [orphan_orders_check] Running check_orphan_orders.py
950:[2026-08-03 13:10:03] [INFO] [orphan_orders_check] known order ids from live_state: [8776599669, 8776599728]
951:[2026-08-03 13:10:03] [INFO] [orphan_orders_check] No orphan orders. active=1 known=2
952:[2026-08-03 13:10:03] [INFO] [orphan_orders_check] orphan order check finished: ok
953:[2026-08-03 13:10:03] [INFO] [orphan_orders_check] check_orphan_orders.py completed successfully
954:[2026-08-03 13:10:03] [INFO] [orphan_orders_check] Lock file removed.
955:[2026-08-03 13:15:01] [INFO] [orphan_orders_check] Running check_orphan_orders.py
956:[2026-08-03 13:15:01] [INFO] [orphan_orders_check] known order ids from live_state: [8776599669, 8776599728]
957:[2026-08-03 13:15:02] [INFO] [orphan_orders_check] No orphan orders. active=1 known=2
958:[2026-08-03 13:15:02] [INFO] [orphan_orders_check] orphan order check finished: ok
959:[2026-08-03 13:15:02] [INFO] [orphan_orders_check] check_orphan_orders.py completed successfully
960:[2026-08-03 13:15:02] [INFO] [orphan_orders_check] Lock file removed.
961:[2026-08-03 13:20:00] [INFO] [orphan_orders_check] Running check_orphan_orders.py
962:[2026-08-03 13:20:01] [INFO] [orphan_orders_check] known order ids from live_state: [8776599669, 8776599728]
963:[2026-08-03 13:20:01] [INFO] [orphan_orders_check] No orphan orders. active=1 known=2
964:[2026-08-03 13:20:01] [INFO] [orphan_orders_check] orphan order check finished: ok
965:[2026-08-03 13:20:01] [INFO] [orphan_orders_check] check_orphan_orders.py completed successfully
966:[2026-08-03 13:20:01] [INFO] [orphan_orders_check] Lock file removed.
967:[2026-08-03 13:25:03] [INFO] [orphan_orders_check] Running check_orphan_orders.py
968:[2026-08-03 13:25:03] [INFO] [orphan_orders_check] known order ids from live_state: [8776654062]
969:[2026-08-03 13:25:03] [INFO] [orphan_orders_check] No orphan orders. active=0 known=1
970:[2026-08-03 13:25:03] [INFO] [orphan_orders_check] orphan order check finished: ok
971:[2026-08-03 13:25:03] [INFO] [orphan_orders_check] check_orphan_orders.py completed successfully
972:[2026-08-03 13:25:03] [INFO] [orphan_orders_check] Lock file removed.
973:[2026-08-03 13:30:03] [INFO] [orphan_orders_check] Running check_orphan_orders.py
974:[2026-08-03 13:30:03] [INFO] [orphan_orders_check] known order ids from live_state: [8776664092]
975:[2026-08-03 13:30:03] [INFO] [orphan_orders_check] No orphan orders. active=1 known=1
976:[2026-08-03 13:30:03] [INFO] [orphan_orders_check] orphan order check finished: ok
977:[2026-08-03 13:30:03] [INFO] [orphan_orders_check] check_orphan_orders.py completed successfully
978:[2026-08-03 13:30:03] [INFO] [orphan_orders_check] Lock file removed.
979:[2026-08-03 13:35:20] [INFO] [orphan_orders_check] Running check_orphan_orders.py
980:[2026-08-03 13:35:20] [INFO] [orphan_orders_check] known order ids from live_state: [8776685002]
981:[2026-08-03 13:35:20] [INFO] [orphan_orders_check] No orphan orders. active=1 known=1
982:[2026-08-03 13:35:20] [INFO] [orphan_orders_check] orphan order check finished: ok
983:[2026-08-03 13:35:20] [INFO] [orphan_orders_check] check_orphan_orders.py completed successfully
984:[2026-08-03 13:35:20] [INFO] [orphan_orders_check] Lock file removed.
985:[2026-08-03 13:40:03] [INFO] [orphan_orders_check] Running check_orphan_orders.py
986:[2026-08-03 13:40:03] [INFO] [orphan_orders_check] known order ids from live_state: [8776685002]
987:[2026-08-03 13:40:03] [INFO] [orphan_orders_check] No orphan orders. active=1 known=1
988:[2026-08-03 13:40:03] [INFO] [orphan_orders_check] orphan order check finished: ok
989:[2026-08-03 13:40:03] [INFO] [orphan_orders_check] check_orphan_orders.py completed successfully
990:[2026-08-03 13:40:03] [INFO] [orphan_orders_check] Lock file removed.
991:[2026-08-03 13:45:01] [INFO] [orphan_orders_check] Running check_orphan_orders.py
992:[2026-08-03 13:45:01] [INFO] [orphan_orders_check] known order ids from live_state: [8776708012]
993:[2026-08-03 13:45:02] [INFO] [orphan_orders_check] No orphan orders. active=1 known=1
994:[2026-08-03 13:45:02] [INFO] [orphan_orders_check] orphan order check finished: ok
995:[2026-08-03 13:45:02] [INFO] [orphan_orders_check] check_orphan_orders.py completed successfully
996:[2026-08-03 13:45:02] [INFO] [orphan_orders_check] Lock file removed.
997:[2026-08-03 13:50:03] [INFO] [orphan_orders_check] Running check_orphan_orders.py
998:[2026-08-03 13:50:03] [INFO] [orphan_orders_check] known order ids from live_state: [8776721892]
999:[2026-08-03 13:50:03] [INFO] [orphan_orders_check] No orphan orders. active=1 known=1
1000:[2026-08-03 13:50:03] [INFO] [orphan_orders_check] orphan order check finished: ok
1001:[2026-08-03 13:50:03] [INFO] [orphan_orders_check] check_orphan_orders.py completed successfully
1002:[2026-08-03 13:50:03] [INFO] [orphan_orders_check] Lock file removed.
1003:[2026-08-03 13:55:11] [INFO] [orphan_orders_check] Running check_orphan_orders.py
1004:[2026-08-03 13:55:11] [INFO] [orphan_orders_check] known order ids from live_state: []
1005:[2026-08-03 13:55:11] [INFO] [orphan_orders_check] No orphan orders. active=0 known=0
1006:[2026-08-03 13:55:11] [INFO] [orphan_orders_check] orphan order check finished: ok
1007:[2026-08-03 13:55:11] [INFO] [orphan_orders_check] check_orphan_orders.py completed successfully
1008:[2026-08-03 13:55:11] [INFO] [orphan_orders_check] Lock file removed.
1009:[2026-08-03 14:00:03] [INFO] [orphan_orders_check] Running check_orphan_orders.py
1010:[2026-08-03 14:00:03] [INFO] [orphan_orders_check] known order ids from live_state: [8776740991]
1011:[2026-08-03 14:00:04] [INFO] [orphan_orders_check] No orphan orders. active=0 known=1
1012:[2026-08-03 14:00:04] [INFO] [orphan_orders_check] orphan order check finished: ok
1013:[2026-08-03 14:00:04] [INFO] [orphan_orders_check] check_orphan_orders.py completed successfully
1014:[2026-08-03 14:00:04] [INFO] [orphan_orders_check] Lock file removed.
1015:[2026-08-03 14:05:20] [INFO] [orphan_orders_check] Running check_orphan_orders.py
1016:[2026-08-03 14:05:20] [INFO] [orphan_orders_check] known order ids from live_state: [8776751757]
1017:[2026-08-03 14:05:20] [INFO] [orphan_orders_check] No orphan orders. active=1 known=1
1018:[2026-08-03 14:05:20] [INFO] [orphan_orders_check] orphan order check finished: ok
1019:[2026-08-03 14:05:20] [INFO] [orphan_orders_check] check_orphan_orders.py completed successfully
1020:[2026-08-03 14:05:20] [INFO] [orphan_orders_check] Lock file removed.
1021:[2026-08-03 14:10:03] [INFO] [orphan_orders_check] Running check_orphan_orders.py
1022:[2026-08-03 14:10:03] [INFO] [orphan_orders_check] known order ids from live_state: [8776760553]
1023:[2026-08-03 14:10:03] [INFO] [orphan_orders_check] No orphan orders. active=1 known=1
1024:[2026-08-03 14:10:03] [INFO] [orphan_orders_check] orphan order check finished: ok
1025:[2026-08-03 14:10:03] [INFO] [orphan_orders_check] check_orphan_orders.py completed successfully
1026:[2026-08-03 14:10:03] [INFO] [orphan_orders_check] Lock file removed.
1027:[2026-08-03 14:15:01] [INFO] [orphan_orders_check] Running check_orphan_orders.py
1028:[2026-08-03 14:15:02] [INFO] [orphan_orders_check] known order ids from live_state: [8776782618]
1029:[2026-08-03 14:15:07] [INFO] [orphan_orders_check] No orphan orders. active=1 known=1
1030:[2026-08-03 14:15:07] [INFO] [orphan_orders_check] orphan order check finished: ok
1031:[2026-08-03 14:15:07] [INFO] [orphan_orders_check] check_orphan_orders.py completed successfully
1032:[2026-08-03 14:15:07] [INFO] [orphan_orders_check] Lock file removed.
1033:[2026-08-03 14:20:03] [INFO] [orphan_orders_check] Running check_orphan_orders.py
1034:[2026-08-03 14:20:03] [INFO] [orphan_orders_check] known order ids from live_state: [8776792536]
1035:[2026-08-03 14:20:03] [INFO] [orphan_orders_check] No orphan orders. active=1 known=1
1036:[2026-08-03 14:20:03] [INFO] [orphan_orders_check] orphan order check finished: ok
1037:[2026-08-03 14:20:03] [INFO] [orphan_orders_check] check_orphan_orders.py completed successfully
1038:[2026-08-03 14:20:03] [INFO] [orphan_orders_check] Lock file removed.
1039:[2026-08-03 14:25:01] [INFO] [orphan_orders_check] Running check_orphan_orders.py
1040:[2026-08-03 14:25:01] [INFO] [orphan_orders_check] known order ids from live_state: [8776792536, 8776792809]
1041:[2026-08-03 14:25:01] [INFO] [orphan_orders_check] No orphan orders. active=1 known=2
1042:[2026-08-03 14:25:01] [INFO] [orphan_orders_check] orphan order check finished: ok
1043:[2026-08-03 14:25:01] [INFO] [orphan_orders_check] check_orphan_orders.py completed successfully
1044:[2026-08-03 14:25:01] [INFO] [orphan_orders_check] Lock file removed.
1045:[2026-08-03 14:30:03] [INFO] [orphan_orders_check] Running check_orphan_orders.py
1046:[2026-08-03 14:30:03] [INFO] [orphan_orders_check] known order ids from live_state: [8776792536, 8776792809]
1047:[2026-08-03 14:30:03] [INFO] [orphan_orders_check] No orphan orders. active=1 known=2
1048:[2026-08-03 14:30:03] [INFO] [orphan_orders_check] orphan order check finished: ok
1049:[2026-08-03 14:30:03] [INFO] [orphan_orders_check] check_orphan_orders.py completed successfully
1050:[2026-08-03 14:30:03] [INFO] [orphan_orders_check] Lock file removed.
1051:[2026-08-03 14:35:20] [INFO] [orphan_orders_check] Running check_orphan_orders.py
1052:[2026-08-03 14:35:20] [INFO] [orphan_orders_check] known order ids from live_state: [8776792536, 8776792809]
1053:[2026-08-03 14:35:20] [INFO] [orphan_orders_check] No orphan orders. active=1 known=2
1054:[2026-08-03 14:35:20] [INFO] [orphan_orders_check] orphan order check finished: ok
1055:[2026-08-03 14:35:20] [INFO] [orphan_orders_check] check_orphan_orders.py completed successfully
1056:[2026-08-03 14:35:20] [INFO] [orphan_orders_check] Lock file removed.
1057:[2026-08-03 14:40:03] [INFO] [orphan_orders_check] Running check_orphan_orders.py
1058:[2026-08-03 14:40:03] [INFO] [orphan_orders_check] known order ids from live_state: [8776792536, 8776792809]
1059:[2026-08-03 14:40:04] [INFO] [orphan_orders_check] No orphan orders. active=1 known=2
1060:[2026-08-03 14:40:04] [INFO] [orphan_orders_check] orphan order check finished: ok
1061:[2026-08-03 14:40:04] [INFO] [orphan_orders_check] check_orphan_orders.py completed successfully
1062:[2026-08-03 14:40:04] [INFO] [orphan_orders_check] Lock file removed.
1063:[2026-08-03 14:45:01] [INFO] [orphan_orders_check] Running check_orphan_orders.py
1064:[2026-08-03 14:45:02] [INFO] [orphan_orders_check] known order ids from live_state: [8776792536, 8776792809]
1065:[2026-08-03 14:45:02] [INFO] [orphan_orders_check] No orphan orders. active=1 known=2
1066:[2026-08-03 14:45:02] [INFO] [orphan_orders_check] orphan order check finished: ok
1067:[2026-08-03 14:45:02] [INFO] [orphan_orders_check] check_orphan_orders.py completed successfully
1068:[2026-08-03 14:45:02] [INFO] [orphan_orders_check] Lock file removed.
1069:[2026-08-03 14:50:03] [INFO] [orphan_orders_check] Running check_orphan_orders.py
1070:[2026-08-03 14:50:03] [INFO] [orphan_orders_check] known order ids from live_state: [8776792536, 8776792809]
1071:[2026-08-03 14:50:03] [INFO] [orphan_orders_check] No orphan orders. active=1 known=2
1072:[2026-08-03 14:50:03] [INFO] [orphan_orders_check] orphan order check finished: ok
1073:[2026-08-03 14:50:03] [INFO] [orphan_orders_check] check_orphan_orders.py completed successfully
1074:[2026-08-03 14:50:03] [INFO] [orphan_orders_check] Lock file removed.
1075:[2026-08-03 14:55:20] [INFO] [orphan_orders_check] Running check_orphan_orders.py
1076:[2026-08-03 14:55:20] [INFO] [orphan_orders_check] known order ids from live_state: [8776792536, 8776792809]
1077:[2026-08-03 14:55:20] [INFO] [orphan_orders_check] No orphan orders. active=1 known=2
1078:[2026-08-03 14:55:20] [INFO] [orphan_orders_check] orphan order check finished: ok
1079:[2026-08-03 14:55:20] [INFO] [orphan_orders_check] check_orphan_orders.py completed successfully
1080:[2026-08-03 14:55:20] [INFO] [orphan_orders_check] Lock file removed.
1081:[2026-08-03 15:00:03] [INFO] [orphan_orders_check] Running check_orphan_orders.py
1082:[2026-08-03 15:00:03] [INFO] [orphan_orders_check] known order ids from live_state: [8776792536, 8776792809]
1083:[2026-08-03 15:00:04] [INFO] [orphan_orders_check] No orphan orders. active=1 known=2
1084:[2026-08-03 15:00:04] [INFO] [orphan_orders_check] orphan order check finished: ok
1085:[2026-08-03 15:00:04] [INFO] [orphan_orders_check] check_orphan_orders.py completed successfully
1086:[2026-08-03 15:00:04] [INFO] [orphan_orders_check] Lock file removed.
1087:[2026-08-03 15:05:20] [INFO] [orphan_orders_check] Running check_orphan_orders.py
1088:[2026-08-03 15:05:20] [INFO] [orphan_orders_check] known order ids from live_state: [8776792536, 8776792809]
1089:[2026-08-03 15:05:20] [INFO] [orphan_orders_check] No orphan orders. active=1 known=2
1090:[2026-08-03 15:05:20] [INFO] [orphan_orders_check] orphan order check finished: ok
1091:[2026-08-03 15:05:20] [INFO] [orphan_orders_check] check_orphan_orders.py completed successfully
1092:[2026-08-03 15:05:20] [INFO] [orphan_orders_check] Lock file removed.
1093:[2026-08-03 15:10:03] [INFO] [orphan_orders_check] Running check_orphan_orders.py
1094:[2026-08-03 15:10:03] [INFO] [orphan_orders_check] known order ids from live_state: [8776792536, 8776792809]
1095:[2026-08-03 15:10:03] [INFO] [orphan_orders_check] No orphan orders. active=1 known=2
1096:[2026-08-03 15:10:03] [INFO] [orphan_orders_check] orphan order check finished: ok
1097:[2026-08-03 15:10:03] [INFO] [orphan_orders_check] check_orphan_orders.py completed successfully
1098:[2026-08-03 15:10:03] [INFO] [orphan_orders_check] Lock file removed.
1099:[2026-08-03 15:15:01] [INFO] [orphan_orders_check] Running check_orphan_orders.py
1100:[2026-08-03 15:15:02] [INFO] [orphan_orders_check] known order ids from live_state: [8776792536, 8776792809]
1101:[2026-08-03 15:15:02] [INFO] [orphan_orders_check] No orphan orders. active=1 known=2
1102:[2026-08-03 15:15:02] [INFO] [orphan_orders_check] orphan order check finished: ok
1103:[2026-08-03 15:15:02] [INFO] [orphan_orders_check] check_orphan_orders.py completed successfully
1104:[2026-08-03 15:15:02] [INFO] [orphan_orders_check] Lock file removed.
1105:[2026-08-03 15:20:03] [INFO] [orphan_orders_check] Running check_orphan_orders.py
1106:[2026-08-03 15:20:03] [INFO] [orphan_orders_check] known order ids from live_state: [8776792536, 8776792809]
1107:[2026-08-03 15:20:03] [INFO] [orphan_orders_check] No orphan orders. active=1 known=2
1108:[2026-08-03 15:20:03] [INFO] [orphan_orders_check] orphan order check finished: ok
1109:[2026-08-03 15:20:03] [INFO] [orphan_orders_check] check_orphan_orders.py completed successfully
1110:[2026-08-03 15:20:03] [INFO] [orphan_orders_check] Lock file removed.
1111:[2026-08-03 15:25:20] [INFO] [orphan_orders_check] Running check_orphan_orders.py
1112:[2026-08-03 15:25:20] [INFO] [orphan_orders_check] known order ids from live_state: [8776792536, 8776792809]
1113:[2026-08-03 15:25:20] [INFO] [orphan_orders_check] No orphan orders. active=1 known=2
1114:[2026-08-03 15:25:20] [INFO] [orphan_orders_check] orphan order check finished: ok
1115:[2026-08-03 15:25:20] [INFO] [orphan_orders_check] check_orphan_orders.py completed successfully
1116:[2026-08-03 15:25:20] [INFO] [orphan_orders_check] Lock file removed.
1117:[2026-08-03 15:30:03] [INFO] [orphan_orders_check] Running check_orphan_orders.py
1118:[2026-08-03 15:30:03] [INFO] [orphan_orders_check] known order ids from live_state: [8776792536, 8776792809]
1119:[2026-08-03 15:30:03] [INFO] [orphan_orders_check] No orphan orders. active=1 known=2
1120:[2026-08-03 15:30:03] [INFO] [orphan_orders_check] orphan order check finished: ok
1121:[2026-08-03 15:30:04] [INFO] [orphan_orders_check] check_orphan_orders.py completed successfully
1122:[2026-08-03 15:30:04] [INFO] [orphan_orders_check] Lock file removed.
1123:[2026-08-03 15:35:20] [INFO] [orphan_orders_check] Running check_orphan_orders.py
1124:[2026-08-03 15:35:20] [INFO] [orphan_orders_check] known order ids from live_state: [8776792536, 8776792809]
1125:[2026-08-03 15:35:20] [INFO] [orphan_orders_check] No orphan orders. active=1 known=2
1126:[2026-08-03 15:35:20] [INFO] [orphan_orders_check] orphan order check finished: ok
1127:[2026-08-03 15:35:20] [INFO] [orphan_orders_check] check_orphan_orders.py completed successfully
1128:[2026-08-03 15:35:20] [INFO] [orphan_orders_check] Lock file removed.
1129:[2026-08-03 15:40:03] [INFO] [orphan_orders_check] Running check_orphan_orders.py
1130:[2026-08-03 15:40:03] [INFO] [orphan_orders_check] known order ids from live_state: [8776792536, 8776792809]
1131:[2026-08-03 15:40:03] [INFO] [orphan_orders_check] No orphan orders. active=1 known=2
1132:[2026-08-03 15:40:03] [INFO] [orphan_orders_check] orphan order check finished: ok
1133:[2026-08-03 15:40:03] [INFO] [orphan_orders_check] check_orphan_orders.py completed successfully
1134:[2026-08-03 15:40:03] [INFO] [orphan_orders_check] Lock file removed.
1135:[2026-08-03 15:45:00] [INFO] [orphan_orders_check] Running check_orphan_orders.py
1136:[2026-08-03 15:45:00] [INFO] [orphan_orders_check] known order ids from live_state: [8776792536, 8776792809]
1137:[2026-08-03 15:45:00] [INFO] [orphan_orders_check] No orphan orders. active=1 known=2
1138:[2026-08-03 15:45:00] [INFO] [orphan_orders_check] orphan order check finished: ok
1139:[2026-08-03 15:45:00] [INFO] [orphan_orders_check] check_orphan_orders.py completed successfully
1140:[2026-08-03 15:45:00] [INFO] [orphan_orders_check] Lock file removed.
1141:[2026-08-03 15:50:03] [INFO] [orphan_orders_check] Running check_orphan_orders.py
1142:[2026-08-03 15:50:03] [INFO] [orphan_orders_check] known order ids from live_state: [8776792536, 8776792809]
1143:[2026-08-03 15:50:03] [INFO] [orphan_orders_check] No orphan orders. active=1 known=2
1144:[2026-08-03 15:50:03] [INFO] [orphan_orders_check] orphan order check finished: ok
1145:[2026-08-03 15:50:03] [INFO] [orphan_orders_check] check_orphan_orders.py completed successfully
1146:[2026-08-03 15:50:03] [INFO] [orphan_orders_check] Lock file removed.
1147:[2026-08-03 15:55:20] [INFO] [orphan_orders_check] Running check_orphan_orders.py
1148:[2026-08-03 15:55:20] [INFO] [orphan_orders_check] known order ids from live_state: [8776792536, 8776792809]
1149:[2026-08-03 15:55:20] [INFO] [orphan_orders_check] No orphan orders. active=1 known=2
1150:[2026-08-03 15:55:20] [INFO] [orphan_orders_check] orphan order check finished: ok
1151:[2026-08-03 15:55:20] [INFO] [orphan_orders_check] check_orphan_orders.py completed successfully
1152:[2026-08-03 15:55:20] [INFO] [orphan_orders_check] Lock file removed.
1153:[2026-08-03 16:00:03] [INFO] [orphan_orders_check] Running check_orphan_orders.py
1154:[2026-08-03 16:00:03] [INFO] [orphan_orders_check] known order ids from live_state: [8776792536, 8776792809]
1155:[2026-08-03 16:00:04] [INFO] [orphan_orders_check] No orphan orders. active=1 known=2
1156:[2026-08-03 16:00:04] [INFO] [orphan_orders_check] orphan order check finished: ok
1157:[2026-08-03 16:00:04] [INFO] [orphan_orders_check] check_orphan_orders.py completed successfully
1158:[2026-08-03 16:00:04] [INFO] [orphan_orders_check] Lock file removed.
1159:[2026-08-03 16:05:03] [INFO] [orphan_orders_check] Running check_orphan_orders.py
1160:[2026-08-03 16:05:03] [INFO] [orphan_orders_check] known order ids from live_state: [8777040769]
1161:[2026-08-03 16:05:03] [INFO] [orphan_orders_check] No orphan orders. active=1 known=1
1162:[2026-08-03 16:05:03] [INFO] [orphan_orders_check] orphan order check finished: ok
1163:[2026-08-03 16:05:03] [INFO] [orphan_orders_check] check_orphan_orders.py completed successfully
1164:[2026-08-03 16:05:03] [INFO] [orphan_orders_check] Lock file removed.
1165:[2026-08-03 16:10:03] [INFO] [orphan_orders_check] Running check_orphan_orders.py
1166:[2026-08-03 16:10:03] [INFO] [orphan_orders_check] known order ids from live_state: [8777065831]
1167:[2026-08-03 16:10:18] [ERROR] [orphan_orders_check] Orphan order check failed: GMO API error status=1 messages=[{'message_code': 'ERR-5008', 'message_string': 'Timestamp for this request is too late.'}]
1168:[2026-08-03 16:10:18] [ERROR] [orphan_orders_check] ERROR: check_orphan_orders.py failed (exit=1)
1169:[2026-08-03 16:10:19] [INFO] [orphan_orders_check] Lock file removed.
1170:[2026-08-03 16:15:01] [INFO] [orphan_orders_check] Running check_orphan_orders.py
1171:[2026-08-03 16:15:01] [INFO] [orphan_orders_check] known order ids from live_state: [8777076705]
1172:[2026-08-03 16:15:01] [INFO] [orphan_orders_check] No orphan orders. active=1 known=1
1173:[2026-08-03 16:15:01] [INFO] [orphan_orders_check] orphan order check finished: ok
1174:[2026-08-03 16:15:01] [INFO] [orphan_orders_check] check_orphan_orders.py completed successfully
1175:[2026-08-03 16:15:01] [INFO] [orphan_orders_check] Lock file removed.
1176:[2026-08-03 16:20:03] [INFO] [orphan_orders_check] Running check_orphan_orders.py
1177:[2026-08-03 16:20:03] [INFO] [orphan_orders_check] known order ids from live_state: [8777098431]
1178:[2026-08-03 16:20:03] [INFO] [orphan_orders_check] No orphan orders. active=1 known=1
1179:[2026-08-03 16:20:03] [INFO] [orphan_orders_check] orphan order check finished: ok
1180:[2026-08-03 16:20:03] [INFO] [orphan_orders_check] check_orphan_orders.py completed successfully
1181:[2026-08-03 16:20:03] [INFO] [orphan_orders_check] Lock file removed.
1182:[2026-08-03 16:25:05] [INFO] [orphan_orders_check] Running check_orphan_orders.py
1183:[2026-08-03 16:25:05] [INFO] [orphan_orders_check] known order ids from live_state: [8777116713]
1184:[2026-08-03 16:25:05] [INFO] [orphan_orders_check] No orphan orders. active=0 known=1
1185:[2026-08-03 16:25:05] [INFO] [orphan_orders_check] orphan order check finished: ok
1186:[2026-08-03 16:25:05] [INFO] [orphan_orders_check] check_orphan_orders.py completed successfully
1187:[2026-08-03 16:25:05] [INFO] [orphan_orders_check] Lock file removed.
1188:[2026-08-03 16:30:03] [INFO] [orphan_orders_check] Running check_orphan_orders.py
1189:[2026-08-03 16:30:03] [INFO] [orphan_orders_check] known order ids from live_state: [8777125310]
1190:[2026-08-03 16:30:03] [INFO] [orphan_orders_check] No orphan orders. active=1 known=1
1191:[2026-08-03 16:30:03] [INFO] [orphan_orders_check] orphan order check finished: ok
1192:[2026-08-03 16:30:03] [INFO] [orphan_orders_check] check_orphan_orders.py completed successfully
1193:[2026-08-03 16:30:03] [INFO] [orphan_orders_check] Lock file removed.
1194:[2026-08-03 16:35:12] [INFO] [orphan_orders_check] Running check_orphan_orders.py
1195:[2026-08-03 16:35:12] [INFO] [orphan_orders_check] known order ids from live_state: [8777134613]
1196:[2026-08-03 16:35:12] [INFO] [orphan_orders_check] No orphan orders. active=0 known=1
1197:[2026-08-03 16:35:12] [INFO] [orphan_orders_check] orphan order check finished: ok
1198:[2026-08-03 16:35:12] [INFO] [orphan_orders_check] check_orphan_orders.py completed successfully
1199:[2026-08-03 16:35:12] [INFO] [orphan_orders_check] Lock file removed.
1200:[2026-08-03 16:40:03] [INFO] [orphan_orders_check] Running check_orphan_orders.py
1201:[2026-08-03 16:40:03] [INFO] [orphan_orders_check] known order ids from live_state: [8777143237]
1202:[2026-08-03 16:40:03] [INFO] [orphan_orders_check] No orphan orders. active=1 known=1
1203:[2026-08-03 16:40:03] [INFO] [orphan_orders_check] orphan order check finished: ok
1204:[2026-08-03 16:40:03] [INFO] [orphan_orders_check] check_orphan_orders.py completed successfully
1205:[2026-08-03 16:40:03] [INFO] [orphan_orders_check] Lock file removed.
1206:[2026-08-03 16:45:01] [INFO] [orphan_orders_check] Running check_orphan_orders.py
1207:[2026-08-03 16:45:01] [INFO] [orphan_orders_check] known order ids from live_state: [8777159987]
1208:[2026-08-03 16:45:01] [INFO] [orphan_orders_check] No orphan orders. active=1 known=1
1209:[2026-08-03 16:45:01] [INFO] [orphan_orders_check] orphan order check finished: ok
1210:[2026-08-03 16:45:01] [INFO] [orphan_orders_check] check_orphan_orders.py completed successfully
1211:[2026-08-03 16:45:01] [INFO] [orphan_orders_check] Lock file removed.
1212:[2026-08-03 16:50:03] [INFO] [orphan_orders_check] Running check_orphan_orders.py
1213:[2026-08-03 16:50:03] [INFO] [orphan_orders_check] known order ids from live_state: []
1214:[2026-08-03 16:50:03] [INFO] [orphan_orders_check] No orphan orders. active=0 known=0
1215:[2026-08-03 16:50:03] [INFO] [orphan_orders_check] orphan order check finished: ok
1216:[2026-08-03 16:50:03] [INFO] [orphan_orders_check] check_orphan_orders.py completed successfully
1217:[2026-08-03 16:50:03] [INFO] [orphan_orders_check] Lock file removed.
1218:[2026-08-03 16:55:20] [INFO] [orphan_orders_check] Running check_orphan_orders.py
1219:[2026-08-03 16:55:20] [INFO] [orphan_orders_check] known order ids from live_state: []
1220:[2026-08-03 16:55:20] [INFO] [orphan_orders_check] No orphan orders. active=0 known=0
1221:[2026-08-03 16:55:20] [INFO] [orphan_orders_check] orphan order check finished: ok
1222:[2026-08-03 16:55:20] [INFO] [orphan_orders_check] check_orphan_orders.py completed successfully
1223:[2026-08-03 16:55:20] [INFO] [orphan_orders_check] Lock file removed.
1224:[2026-08-03 17:00:03] [INFO] [orphan_orders_check] Running check_orphan_orders.py
1225:[2026-08-03 17:00:04] [INFO] [orphan_orders_check] known order ids from live_state: [8777196493]
1226:[2026-08-03 17:00:04] [INFO] [orphan_orders_check] No orphan orders. active=1 known=1
1227:[2026-08-03 17:00:04] [INFO] [orphan_orders_check] orphan order check finished: ok
1228:[2026-08-03 17:00:04] [INFO] [orphan_orders_check] check_orphan_orders.py completed successfully
1229:[2026-08-03 17:00:04] [INFO] [orphan_orders_check] Lock file removed.
1230:[2026-08-03 17:05:07] [INFO] [orphan_orders_check] Running check_orphan_orders.py
1231:[2026-08-03 17:05:07] [INFO] [orphan_orders_check] known order ids from live_state: [8777214100]
1232:[2026-08-03 17:05:07] [INFO] [orphan_orders_check] No orphan orders. active=1 known=1
1233:[2026-08-03 17:05:07] [INFO] [orphan_orders_check] orphan order check finished: ok
1234:[2026-08-03 17:05:07] [INFO] [orphan_orders_check] check_orphan_orders.py completed successfully
1235:[2026-08-03 17:05:07] [INFO] [orphan_orders_check] Lock file removed.
1236:[2026-08-03 17:10:03] [INFO] [orphan_orders_check] Running check_orphan_orders.py
1237:[2026-08-03 17:10:03] [INFO] [orphan_orders_check] known order ids from live_state: []
1238:[2026-08-03 17:10:03] [INFO] [orphan_orders_check] No orphan orders. active=0 known=0
1239:[2026-08-03 17:10:03] [INFO] [orphan_orders_check] orphan order check finished: ok
1240:[2026-08-03 17:10:03] [INFO] [orphan_orders_check] check_orphan_orders.py completed successfully
1241:[2026-08-03 17:10:03] [INFO] [orphan_orders_check] Lock file removed.
1242:[2026-08-03 17:15:01] [INFO] [orphan_orders_check] Running check_orphan_orders.py
1243:[2026-08-03 17:15:01] [INFO] [orphan_orders_check] known order ids from live_state: [8777243142]
1244:[2026-08-03 17:15:01] [INFO] [orphan_orders_check] No orphan orders. active=1 known=1
1245:[2026-08-03 17:15:01] [INFO] [orphan_orders_check] orphan order check finished: ok
1246:[2026-08-03 17:15:01] [INFO] [orphan_orders_check] check_orphan_orders.py completed successfully
1247:[2026-08-03 17:15:01] [INFO] [orphan_orders_check] Lock file removed.
1248:[2026-08-03 17:20:03] [INFO] [orphan_orders_check] Running check_orphan_orders.py
1249:[2026-08-03 17:20:03] [INFO] [orphan_orders_check] known order ids from live_state: [8777250743]
1250:[2026-08-03 17:20:03] [INFO] [orphan_orders_check] No orphan orders. active=0 known=1
1251:[2026-08-03 17:20:03] [INFO] [orphan_orders_check] orphan order check finished: ok
1252:[2026-08-03 17:20:03] [INFO] [orphan_orders_check] check_orphan_orders.py completed successfully
1253:[2026-08-03 17:20:03] [INFO] [orphan_orders_check] Lock file removed.
1254:[2026-08-03 17:25:13] [INFO] [orphan_orders_check] Running check_orphan_orders.py
1255:[2026-08-03 17:25:13] [INFO] [orphan_orders_check] known order ids from live_state: [8777277482]
1256:[2026-08-03 17:25:13] [INFO] [orphan_orders_check] No orphan orders. active=0 known=1
1257:[2026-08-03 17:25:13] [INFO] [orphan_orders_check] orphan order check finished: ok
1258:[2026-08-03 17:25:13] [INFO] [orphan_orders_check] check_orphan_orders.py completed successfully
1259:[2026-08-03 17:25:13] [INFO] [orphan_orders_check] Lock file removed.
1260:[2026-08-03 17:30:03] [INFO] [orphan_orders_check] Running check_orphan_orders.py
1261:[2026-08-03 17:30:03] [INFO] [orphan_orders_check] known order ids from live_state: [8777287836]
1262:[2026-08-03 17:30:03] [INFO] [orphan_orders_check] No orphan orders. active=0 known=1
1263:[2026-08-03 17:30:03] [INFO] [orphan_orders_check] orphan order check finished: ok
1264:[2026-08-03 17:30:04] [INFO] [orphan_orders_check] check_orphan_orders.py completed successfully
1265:[2026-08-03 17:30:04] [INFO] [orphan_orders_check] Lock file removed.
1266:[2026-08-03 17:35:20] [INFO] [orphan_orders_check] Running check_orphan_orders.py
1267:[2026-08-03 17:35:20] [INFO] [orphan_orders_check] known order ids from live_state: [8777308487]
1268:[2026-08-03 17:35:20] [INFO] [orphan_orders_check] No orphan orders. active=0 known=1
1269:[2026-08-03 17:35:20] [INFO] [orphan_orders_check] orphan order check finished: ok
1270:[2026-08-03 17:35:20] [INFO] [orphan_orders_check] check_orphan_orders.py completed successfully
1271:[2026-08-03 17:35:20] [INFO] [orphan_orders_check] Lock file removed.
1272:[2026-08-03 17:40:03] [INFO] [orphan_orders_check] Running check_orphan_orders.py
1273:[2026-08-03 17:40:03] [INFO] [orphan_orders_check] known order ids from live_state: [8777314232, 8777314364]
1274:[2026-08-03 17:40:08] [INFO] [orphan_orders_check] No orphan orders. active=1 known=2
1275:[2026-08-03 17:40:08] [INFO] [orphan_orders_check] orphan order check finished: ok
1276:[2026-08-03 17:40:08] [INFO] [orphan_orders_check] check_orphan_orders.py completed successfully
1277:[2026-08-03 17:40:08] [INFO] [orphan_orders_check] Lock file removed.
1278:[2026-08-03 17:45:01] [INFO] [orphan_orders_check] Running check_orphan_orders.py
1279:[2026-08-03 17:45:01] [INFO] [orphan_orders_check] known order ids from live_state: [8777314232, 8777314364]
1280:[2026-08-03 17:45:01] [INFO] [orphan_orders_check] No orphan orders. active=1 known=2
1281:[2026-08-03 17:45:01] [INFO] [orphan_orders_check] orphan order check finished: ok
1282:[2026-08-03 17:45:01] [INFO] [orphan_orders_check] check_orphan_orders.py completed successfully
1283:[2026-08-03 17:45:01] [INFO] [orphan_orders_check] Lock file removed.
1284:[2026-08-03 17:50:03] [INFO] [orphan_orders_check] Running check_orphan_orders.py
1285:[2026-08-03 17:50:03] [INFO] [orphan_orders_check] known order ids from live_state: [8777342334]
1286:[2026-08-03 17:50:03] [INFO] [orphan_orders_check] No orphan orders. active=1 known=1
1287:[2026-08-03 17:50:03] [INFO] [orphan_orders_check] orphan order check finished: ok
1288:[2026-08-03 17:50:03] [INFO] [orphan_orders_check] check_orphan_orders.py completed successfully
1289:[2026-08-03 17:50:03] [INFO] [orphan_orders_check] Lock file removed.
1290:[2026-08-03 17:55:14] [INFO] [orphan_orders_check] Running check_orphan_orders.py
1291:[2026-08-03 17:55:14] [INFO] [orphan_orders_check] known order ids from live_state: [8777366681]
1292:[2026-08-03 17:55:14] [INFO] [orphan_orders_check] No orphan orders. active=0 known=1
1293:[2026-08-03 17:55:14] [INFO] [orphan_orders_check] orphan order check finished: ok
1294:[2026-08-03 17:55:14] [INFO] [orphan_orders_check] check_orphan_orders.py completed successfully
1295:[2026-08-03 17:55:14] [INFO] [orphan_orders_check] Lock file removed.
1296:[2026-08-03 18:00:03] [INFO] [orphan_orders_check] Running check_orphan_orders.py
1297:[2026-08-03 18:00:04] [INFO] [orphan_orders_check] known order ids from live_state: [8777375308]
1298:[2026-08-03 18:00:04] [INFO] [orphan_orders_check] No orphan orders. active=1 known=1
1299:[2026-08-03 18:00:04] [INFO] [orphan_orders_check] orphan order check finished: ok
1300:[2026-08-03 18:00:04] [INFO] [orphan_orders_check] check_orphan_orders.py completed successfully
1301:[2026-08-03 18:00:04] [INFO] [orphan_orders_check] Lock file removed.
1302:[2026-08-03 18:05:20] [INFO] [orphan_orders_check] Running check_orphan_orders.py
1303:[2026-08-03 18:05:20] [INFO] [orphan_orders_check] known order ids from live_state: [8777395350]
1304:[2026-08-03 18:05:25] [INFO] [orphan_orders_check] No orphan orders. active=1 known=1
1305:[2026-08-03 18:05:25] [INFO] [orphan_orders_check] orphan order check finished: ok
1306:[2026-08-03 18:05:25] [INFO] [orphan_orders_check] check_orphan_orders.py completed successfully
1307:[2026-08-03 18:05:25] [INFO] [orphan_orders_check] Lock file removed.
1308:[2026-08-03 18:10:03] [INFO] [orphan_orders_check] Running check_orphan_orders.py
1309:[2026-08-03 18:10:03] [INFO] [orphan_orders_check] known order ids from live_state: [8777395350, 8777395764]
1310:[2026-08-03 18:10:03] [INFO] [orphan_orders_check] No orphan orders. active=1 known=2
1311:[2026-08-03 18:10:03] [INFO] [orphan_orders_check] orphan order check finished: ok
1312:[2026-08-03 18:10:03] [INFO] [orphan_orders_check] check_orphan_orders.py completed successfully
1313:[2026-08-03 18:10:03] [INFO] [orphan_orders_check] Lock file removed.
1314:[2026-08-03 18:15:01] [INFO] [orphan_orders_check] Running check_orphan_orders.py
1315:[2026-08-03 18:15:01] [INFO] [orphan_orders_check] known order ids from live_state: [8777395350, 8777395764]
1316:[2026-08-03 18:15:01] [INFO] [orphan_orders_check] No orphan orders. active=1 known=2
1317:[2026-08-03 18:15:01] [INFO] [orphan_orders_check] orphan order check finished: ok
1318:[2026-08-03 18:15:02] [INFO] [orphan_orders_check] check_orphan_orders.py completed successfully
1319:[2026-08-03 18:15:02] [INFO] [orphan_orders_check] Lock file removed.
1320:[2026-08-03 18:20:03] [INFO] [orphan_orders_check] Running check_orphan_orders.py
1321:[2026-08-03 18:20:03] [INFO] [orphan_orders_check] known order ids from live_state: [8777395350, 8777395764]
1322:[2026-08-03 18:20:03] [INFO] [orphan_orders_check] No orphan orders. active=1 known=2
1323:[2026-08-03 18:20:03] [INFO] [orphan_orders_check] orphan order check finished: ok
1324:[2026-08-03 18:20:03] [INFO] [orphan_orders_check] check_orphan_orders.py completed successfully
1325:[2026-08-03 18:20:03] [INFO] [orphan_orders_check] Lock file removed.
1326:[2026-08-03 18:25:09] [INFO] [orphan_orders_check] Running check_orphan_orders.py
1327:[2026-08-03 18:25:09] [INFO] [orphan_orders_check] known order ids from live_state: [8777433212]
1328:[2026-08-03 18:25:10] [INFO] [orphan_orders_check] No orphan orders. active=0 known=1
1329:[2026-08-03 18:25:10] [INFO] [orphan_orders_check] orphan order check finished: ok
1330:[2026-08-03 18:25:10] [INFO] [orphan_orders_check] check_orphan_orders.py completed successfully
1331:[2026-08-03 18:25:10] [INFO] [orphan_orders_check] Lock file removed.
1332:[2026-08-03 18:30:03] [INFO] [orphan_orders_check] Running check_orphan_orders.py
1333:[2026-08-03 18:30:03] [INFO] [orphan_orders_check] known order ids from live_state: [8777449585]
1334:[2026-08-03 18:30:03] [INFO] [orphan_orders_check] No orphan orders. active=1 known=1
1335:[2026-08-03 18:30:03] [INFO] [orphan_orders_check] orphan order check finished: ok
1336:[2026-08-03 18:30:03] [INFO] [orphan_orders_check] check_orphan_orders.py completed successfully
1337:[2026-08-03 18:30:03] [INFO] [orphan_orders_check] Lock file removed.
1338:[2026-08-03 18:35:20] [INFO] [orphan_orders_check] Running check_orphan_orders.py
1339:[2026-08-03 18:35:20] [INFO] [orphan_orders_check] known order ids from live_state: [8777450103, 8777459122]
1340:[2026-08-03 18:35:20] [INFO] [orphan_orders_check] No orphan orders. active=1 known=2
1341:[2026-08-03 18:35:20] [INFO] [orphan_orders_check] orphan order check finished: ok
1342:[2026-08-03 18:35:20] [INFO] [orphan_orders_check] check_orphan_orders.py completed successfully
1343:[2026-08-03 18:35:20] [INFO] [orphan_orders_check] Lock file removed.
1344:[2026-08-03 18:40:02] [INFO] [orphan_orders_check] Running check_orphan_orders.py
1345:[2026-08-03 18:40:03] [INFO] [orphan_orders_check] known order ids from live_state: [8777450103, 8777459122]
1346:[2026-08-03 18:40:03] [INFO] [orphan_orders_check] No orphan orders. active=1 known=2
1347:[2026-08-03 18:40:03] [INFO] [orphan_orders_check] orphan order check finished: ok
1348:[2026-08-03 18:40:03] [INFO] [orphan_orders_check] check_orphan_orders.py completed successfully
1349:[2026-08-03 18:40:03] [INFO] [orphan_orders_check] Lock file removed.
1350:[2026-08-03 18:45:20] [INFO] [orphan_orders_check] Running check_orphan_orders.py
1351:[2026-08-03 18:45:20] [INFO] [orphan_orders_check] known order ids from live_state: [8777450103, 8777459122]
1352:[2026-08-03 18:45:20] [INFO] [orphan_orders_check] No orphan orders. active=1 known=2
1353:[2026-08-03 18:45:20] [INFO] [orphan_orders_check] orphan order check finished: ok
1354:[2026-08-03 18:45:20] [INFO] [orphan_orders_check] check_orphan_orders.py completed successfully
1355:[2026-08-03 18:45:20] [INFO] [orphan_orders_check] Lock file removed.
1356:[2026-08-03 18:50:03] [INFO] [orphan_orders_check] Running check_orphan_orders.py
1357:[2026-08-03 18:50:03] [INFO] [orphan_orders_check] known order ids from live_state: [8777494976]
1358:[2026-08-03 18:50:03] [INFO] [orphan_orders_check] No orphan orders. active=0 known=1
1359:[2026-08-03 18:50:03] [INFO] [orphan_orders_check] orphan order check finished: ok
1360:[2026-08-03 18:50:03] [INFO] [orphan_orders_check] check_orphan_orders.py completed successfully
1361:[2026-08-03 18:50:03] [INFO] [orphan_orders_check] Lock file removed.
1362:[2026-08-03 18:55:03] [INFO] [orphan_orders_check] Running check_orphan_orders.py
1363:[2026-08-03 18:55:03] [INFO] [orphan_orders_check] known order ids from live_state: [8777495231]
1364:[2026-08-03 18:55:03] [INFO] [orphan_orders_check] No orphan orders. active=0 known=1
1365:[2026-08-03 18:55:03] [INFO] [orphan_orders_check] orphan order check finished: ok
1366:[2026-08-03 18:55:03] [INFO] [orphan_orders_check] check_orphan_orders.py completed successfully
1367:[2026-08-03 18:55:03] [INFO] [orphan_orders_check] Lock file removed.
1368:[2026-08-03 19:00:03] [INFO] [orphan_orders_check] Running check_orphan_orders.py
1369:[2026-08-03 19:00:03] [INFO] [orphan_orders_check] known order ids from live_state: [8777517286]
1370:[2026-08-03 19:00:04] [INFO] [orphan_orders_check] No orphan orders. active=0 known=1
1371:[2026-08-03 19:00:04] [INFO] [orphan_orders_check] orphan order check finished: ok
1372:[2026-08-03 19:00:04] [INFO] [orphan_orders_check] check_orphan_orders.py completed successfully
1373:[2026-08-03 19:00:04] [INFO] [orphan_orders_check] Lock file removed.
1374:[2026-08-03 19:05:03] [INFO] [orphan_orders_check] Running check_orphan_orders.py
1375:[2026-08-03 19:05:03] [INFO] [orphan_orders_check] known order ids from live_state: [8777537412]
1376:[2026-08-03 19:05:03] [INFO] [orphan_orders_check] No orphan orders. active=0 known=1
1377:[2026-08-03 19:05:03] [INFO] [orphan_orders_check] orphan order check finished: ok
1378:[2026-08-03 19:05:03] [INFO] [orphan_orders_check] check_orphan_orders.py completed successfully
1379:[2026-08-03 19:05:03] [INFO] [orphan_orders_check] Lock file removed.
1380:[2026-08-03 19:10:03] [INFO] [orphan_orders_check] Running check_orphan_orders.py
1381:[2026-08-03 19:10:03] [INFO] [orphan_orders_check] known order ids from live_state: []
1382:[2026-08-03 19:10:03] [INFO] [orphan_orders_check] No orphan orders. active=0 known=0
1383:[2026-08-03 19:10:03] [INFO] [orphan_orders_check] orphan order check finished: ok
1384:[2026-08-03 19:10:03] [INFO] [orphan_orders_check] check_orphan_orders.py completed successfully
1385:[2026-08-03 19:10:03] [INFO] [orphan_orders_check] Lock file removed.
1386:[2026-08-03 19:15:01] [INFO] [orphan_orders_check] Running check_orphan_orders.py
1387:[2026-08-03 19:15:01] [INFO] [orphan_orders_check] known order ids from live_state: [8777556743]
1388:[2026-08-03 19:15:02] [INFO] [orphan_orders_check] No orphan orders. active=0 known=1
1389:[2026-08-03 19:15:02] [INFO] [orphan_orders_check] orphan order check finished: ok
1390:[2026-08-03 19:15:02] [INFO] [orphan_orders_check] check_orphan_orders.py completed successfully
1391:[2026-08-03 19:15:02] [INFO] [orphan_orders_check] Lock file removed.
1392:[2026-08-03 19:20:03] [INFO] [orphan_orders_check] Running check_orphan_orders.py
1393:[2026-08-03 19:20:03] [INFO] [orphan_orders_check] known order ids from live_state: [8777574576]
1394:[2026-08-03 19:20:03] [INFO] [orphan_orders_check] No orphan orders. active=1 known=1
1395:[2026-08-03 19:20:03] [INFO] [orphan_orders_check] orphan order check finished: ok
1396:[2026-08-03 19:20:03] [INFO] [orphan_orders_check] check_orphan_orders.py completed successfully
1397:[2026-08-03 19:20:03] [INFO] [orphan_orders_check] Lock file removed.
1398:[2026-08-03 19:25:05] [INFO] [orphan_orders_check] Running check_orphan_orders.py
1399:[2026-08-03 19:25:05] [INFO] [orphan_orders_check] known order ids from live_state: []
1400:[2026-08-03 19:25:05] [WARNING] [orphan_orders_check] [ALERT] orphan GMO active order(s) detected | count=1 | detail=orders not tracked by entry/tp/sl_order_id in live_state.db | action=manual review required (no auto-cancel) | [1] orderId=8777584361 side=SELL price=9854942 size=0.001
1401:[2026-08-03 19:25:06] [INFO] [orphan_orders_check] orphan order check finished: orphan_detected
1402:[2026-08-03 19:25:06] [INFO] [orphan_orders_check] check_orphan_orders.py completed successfully
1403:[2026-08-03 19:25:06] [INFO] [orphan_orders_check] Lock file removed.
1404:[2026-08-03 19:30:03] [INFO] [orphan_orders_check] Running check_orphan_orders.py
1405:[2026-08-03 19:30:03] [INFO] [orphan_orders_check] known order ids from live_state: []
1406:[2026-08-03 19:30:03] [INFO] [orphan_orders_check] No orphan orders. active=0 known=0
1407:[2026-08-03 19:30:03] [INFO] [orphan_orders_check] orphan order check finished: ok
1408:[2026-08-03 19:30:03] [INFO] [orphan_orders_check] check_orphan_orders.py completed successfully
1409:[2026-08-03 19:30:03] [INFO] [orphan_orders_check] Lock file removed.
1410:[2026-08-03 19:35:10] [INFO] [orphan_orders_check] Running check_orphan_orders.py
1411:[2026-08-03 19:35:11] [INFO] [orphan_orders_check] known order ids from live_state: [8777608034]
1412:[2026-08-03 19:35:11] [INFO] [orphan_orders_check] No orphan orders. active=0 known=1
1413:[2026-08-03 19:35:11] [INFO] [orphan_orders_check] orphan order check finished: ok
1414:[2026-08-03 19:35:11] [INFO] [orphan_orders_check] check_orphan_orders.py completed successfully
1415:[2026-08-03 19:35:11] [INFO] [orphan_orders_check] Lock file removed.
1416:[2026-08-03 19:40:03] [INFO] [orphan_orders_check] Running check_orphan_orders.py
1417:[2026-08-03 19:40:03] [INFO] [orphan_orders_check] known order ids from live_state: [8777617626]
1418:[2026-08-03 19:40:03] [INFO] [orphan_orders_check] No orphan orders. active=1 known=1
1419:[2026-08-03 19:40:03] [INFO] [orphan_orders_check] orphan order check finished: ok
1420:[2026-08-03 19:40:03] [INFO] [orphan_orders_check] check_orphan_orders.py completed successfully
1421:[2026-08-03 19:40:03] [INFO] [orphan_orders_check] Lock file removed.
1422:[2026-08-03 19:45:01] [INFO] [orphan_orders_check] Running check_orphan_orders.py
1423:[2026-08-03 19:45:02] [INFO] [orphan_orders_check] known order ids from live_state: [8777629131]
1424:[2026-08-03 19:45:02] [INFO] [orphan_orders_check] No orphan orders. active=1 known=1
1425:[2026-08-03 19:45:02] [INFO] [orphan_orders_check] orphan order check finished: ok
1426:[2026-08-03 19:45:02] [INFO] [orphan_orders_check] check_orphan_orders.py completed successfully
1427:[2026-08-03 19:45:02] [INFO] [orphan_orders_check] Lock file removed.
1428:[2026-08-03 19:50:03] [INFO] [orphan_orders_check] Running check_orphan_orders.py
1429:[2026-08-03 19:50:03] [INFO] [orphan_orders_check] known order ids from live_state: []
1430:[2026-08-03 19:50:03] [INFO] [orphan_orders_check] No orphan orders. active=0 known=0
1431:[2026-08-03 19:50:03] [INFO] [orphan_orders_check] orphan order check finished: ok
1432:[2026-08-03 19:50:03] [INFO] [orphan_orders_check] check_orphan_orders.py completed successfully
1433:[2026-08-03 19:50:03] [INFO] [orphan_orders_check] Lock file removed.
1434:[2026-08-03 19:55:20] [INFO] [orphan_orders_check] Running check_orphan_orders.py
1435:[2026-08-03 19:55:20] [INFO] [orphan_orders_check] known order ids from live_state: [8777656778]
1436:[2026-08-03 19:55:20] [INFO] [orphan_orders_check] No orphan orders. active=1 known=1
1437:[2026-08-03 19:55:20] [INFO] [orphan_orders_check] orphan order check finished: ok
1438:[2026-08-03 19:55:20] [INFO] [orphan_orders_check] check_orphan_orders.py completed successfully
1439:[2026-08-03 19:55:20] [INFO] [orphan_orders_check] Lock file removed.
1440:[2026-08-03 20:00:02] [INFO] [orphan_orders_check] Running check_orphan_orders.py
1441:[2026-08-03 20:00:02] [INFO] [orphan_orders_check] known order ids from live_state: []
1442:[2026-08-03 20:00:03] [INFO] [orphan_orders_check] No orphan orders. active=0 known=0
1443:[2026-08-03 20:00:03] [INFO] [orphan_orders_check] orphan order check finished: ok
1444:[2026-08-03 20:00:03] [INFO] [orphan_orders_check] check_orphan_orders.py completed successfully
1445:[2026-08-03 20:00:03] [INFO] [orphan_orders_check] Lock file removed.
1446:[2026-08-03 20:05:01] [INFO] [orphan_orders_check] Running check_orphan_orders.py
1447:[2026-08-03 20:05:01] [INFO] [orphan_orders_check] known order ids from live_state: [8777682385]
1448:[2026-08-03 20:05:01] [INFO] [orphan_orders_check] No orphan orders. active=0 known=1
1449:[2026-08-03 20:05:01] [INFO] [orphan_orders_check] orphan order check finished: ok
1450:[2026-08-03 20:05:01] [INFO] [orphan_orders_check] check_orphan_orders.py completed successfully
1451:[2026-08-03 20:05:01] [INFO] [orphan_orders_check] Lock file removed.
1452:[2026-08-03 20:10:02] [INFO] [orphan_orders_check] Running check_orphan_orders.py
1453:[2026-08-03 20:10:02] [INFO] [orphan_orders_check] known order ids from live_state: [8777692726]
1454:[2026-08-03 20:10:03] [INFO] [orphan_orders_check] No orphan orders. active=0 known=1
1455:[2026-08-03 20:10:03] [INFO] [orphan_orders_check] orphan order check finished: ok
1456:[2026-08-03 20:10:03] [INFO] [orphan_orders_check] check_orphan_orders.py completed successfully
1457:[2026-08-03 20:10:03] [INFO] [orphan_orders_check] Lock file removed.
1458:[2026-08-03 20:15:20] [INFO] [orphan_orders_check] Running check_orphan_orders.py
1459:[2026-08-03 20:15:20] [INFO] [orphan_orders_check] known order ids from live_state: []
1460:[2026-08-03 20:15:20] [INFO] [orphan_orders_check] No orphan orders. active=0 known=0
1461:[2026-08-03 20:15:20] [INFO] [orphan_orders_check] orphan order check finished: ok
1462:[2026-08-03 20:15:20] [INFO] [orphan_orders_check] check_orphan_orders.py completed successfully
1463:[2026-08-03 20:15:20] [INFO] [orphan_orders_check] Lock file removed.
1464:[2026-08-03 20:20:03] [INFO] [orphan_orders_check] Running check_orphan_orders.py
1465:[2026-08-03 20:20:03] [INFO] [orphan_orders_check] known order ids from live_state: []
1466:[2026-08-03 20:20:03] [INFO] [orphan_orders_check] No orphan orders. active=0 known=0
1467:[2026-08-03 20:20:03] [INFO] [orphan_orders_check] orphan order check finished: ok
1468:[2026-08-03 20:20:03] [INFO] [orphan_orders_check] check_orphan_orders.py completed successfully
1469:[2026-08-03 20:20:03] [INFO] [orphan_orders_check] Lock file removed.
1470:[2026-08-03 20:25:20] [INFO] [orphan_orders_check] Running check_orphan_orders.py
1471:[2026-08-03 20:25:20] [INFO] [orphan_orders_check] known order ids from live_state: [8777731775]
1472:[2026-08-03 20:25:20] [INFO] [orphan_orders_check] No orphan orders. active=1 known=1
1473:[2026-08-03 20:25:20] [INFO] [orphan_orders_check] orphan order check finished: ok
1474:[2026-08-03 20:25:20] [INFO] [orphan_orders_check] check_orphan_orders.py completed successfully
1475:[2026-08-03 20:25:20] [INFO] [orphan_orders_check] Lock file removed.
1476:[2026-08-03 20:30:03] [INFO] [orphan_orders_check] Running check_orphan_orders.py
1477:[2026-08-03 20:30:03] [INFO] [orphan_orders_check] known order ids from live_state: [8777731775]
1478:[2026-08-03 20:30:03] [INFO] [orphan_orders_check] No orphan orders. active=1 known=1
1479:[2026-08-03 20:30:03] [INFO] [orphan_orders_check] orphan order check finished: ok
1480:[2026-08-03 20:30:03] [INFO] [orphan_orders_check] check_orphan_orders.py completed successfully
1481:[2026-08-03 20:30:03] [INFO] [orphan_orders_check] Lock file removed.
1482:[2026-08-03 20:35:14] [INFO] [orphan_orders_check] Running check_orphan_orders.py
1483:[2026-08-03 20:35:14] [INFO] [orphan_orders_check] known order ids from live_state: [8777751583]
1484:[2026-08-03 20:35:14] [INFO] [orphan_orders_check] No orphan orders. active=1 known=1
1485:[2026-08-03 20:35:14] [INFO] [orphan_orders_check] orphan order check finished: ok
1486:[2026-08-03 20:35:14] [INFO] [orphan_orders_check] check_orphan_orders.py completed successfully
1487:[2026-08-03 20:35:14] [INFO] [orphan_orders_check] Lock file removed.
1488:[2026-08-03 20:40:03] [INFO] [orphan_orders_check] Running check_orphan_orders.py
1489:[2026-08-03 20:40:03] [INFO] [orphan_orders_check] known order ids from live_state: [8777763137]
1490:[2026-08-03 20:40:03] [INFO] [orphan_orders_check] No orphan orders. active=1 known=1
1491:[2026-08-03 20:40:03] [INFO] [orphan_orders_check] orphan order check finished: ok
1492:[2026-08-03 20:40:03] [INFO] [orphan_orders_check] check_orphan_orders.py completed successfully
1493:[2026-08-03 20:40:03] [INFO] [orphan_orders_check] Lock file removed.
1494:[2026-08-03 20:45:02] [INFO] [orphan_orders_check] Running check_orphan_orders.py
1495:[2026-08-03 20:45:02] [INFO] [orphan_orders_check] known order ids from live_state: [8777772269]
1496:[2026-08-03 20:45:02] [INFO] [orphan_orders_check] No orphan orders. active=0 known=1
1497:[2026-08-03 20:45:02] [INFO] [orphan_orders_check] orphan order check finished: ok
1498:[2026-08-03 20:45:02] [INFO] [orphan_orders_check] check_orphan_orders.py completed successfully
1499:[2026-08-03 20:45:02] [INFO] [orphan_orders_check] Lock file removed.
