timestamp,trade_id,side,order_type,reason,price,size,fee,pnl,duration_sec,cumulative_pnl,config_version,profile_name,imbalance,spread_pct,best_bid_size,best_ask_size,cfg_imbalance_threshold,cfg_tp_pct,cfg_sl_pct,cfg_min_wall_btc,cfg_max_spread_pct,cfg_max_order_size_btc,cfg_daily_target_order_size_btc,cancel_reason,cancel_time_condition_met,cancel_deviation_condition_met,cancel_elapsed_minutes,cancel_deviation_pct
2026-08-03 02:24:50,4ad71f6e,SELL,MAKER,TAKE_PROFIT,9944896.001500001,0.00100000,0,14.90,14765,-129.58,default,full_day,0.9882,0.000048,0.8378,0.0100,0.55,0.0015,0.0015,0.05,0.0003,0.05,,,,,,
2026-08-03 02:24:54,39dc68cd,BUY,MAKER,ENTRY_PENDING,9949999.0,0.00100000,0,0.00,0,0.00,default,full_day,0.8773,0.000000,0.0715,0.0100,0.55,0.0015,0.0015,0.05,0.0003,0.05,,,,,,
2026-08-03 02:24:59,304ae79c,BUY,MAKER,CANCEL_ORDER,9949999.0,0.00100000,0,0.00,0,0.00,default,full_day,0.1429,0.000222,0.0050,0.0300,0.55,0.0015,0.0015,0.05,0.0003,0.05,,ENTRY_DEVIATION,false,true,0.08,0.080568
2026-08-03 02:25:03,05bd27fb,SELL,MAKER,ENTRY_PENDING,9959099.0,0.00100000,0,0.00,0,0.00,default,full_day,0.1837,0.000220,0.0300,0.1333,0.55,0.0015,0.0015,0.05,0.0003,0.05,,,,,,
2026-08-03 02:25:08,c4fd4a2d,SELL,MAKER,CANCEL_ORDER,9959099.0,0.00100000,0,0.00,0,0.00,default,full_day,0.6570,0.000056,0.6359,0.3320,0.55,0.0015,0.0015,0.05,0.0003,0.05,,IMBALANCE_REVERSAL,,,,
2026-08-03 02:25:10,df9b5196,BUY,MAKER,ENTRY_PENDING,9954561.0,0.00100000,0,0.00,0,0.00,default,full_day,0.9767,0.000056,2.1906,0.0524,0.55,0.0015,0.0015,0.05,0.0003,0.05,,,,,,
2026-08-03 02:25:12,6feb1579,BUY,MAKER,CANCEL_ORDER,9954561.0,0.00100000,0,0.00,0,0.00,default,full_day,0.1554,0.000103,0.0281,0.1528,0.55,0.0015,0.0015,0.05,0.0003,0.05,,IMBALANCE_REVERSAL,,,,
2026-08-03 02:25:14,dfaf5a7b,SELL,MAKER,ENTRY_PENDING,9955119.0,0.00100000,0,0.00,0,0.00,default,full_day,0.1554,0.000103,0.0281,0.1528,0.55,0.0015,0.0015,0.05,0.0003,0.05,,,,,,
2026-08-03 02:25:19,043e8894,SELL,MAKER,CANCEL_ORDER,9955119.0,0.00100000,0,0.00,0,0.00,default,full_day,0.9991,0.000122,1.0549,0.0010,0.55,0.0015,0.0015,0.05,0.0003,0.05,,IMBALANCE_REVERSAL,,,,
2026-08-03 02:25:25,0c5adb7d,SELL,MAKER,ENTRY_PENDING,9953116.0,0.00100000,0,0.00,0,0.00,default,full_day,0.0001,0.000051,0.0000,0.0885,0.55,0.0015,0.0015,0.05,0.0003,0.05,,,,,,
2026-08-03 02:25:30,99460096,SELL,MAKER,CANCEL_ORDER,9953116.0,0.00100000,0,0.00,0,0.00,default,full_day,0.9382,0.000080,0.5808,0.0383,0.55,0.0015,0.0015,0.05,0.0003,0.05,,IMBALANCE_REVERSAL,,,,
2026-08-03 02:25:31,51e7baa2,BUY,MAKER,ENTRY_PENDING,9952321.0,0.00100000,0,0.00,0,0.00,default,full_day,0.9382,0.000080,0.5808,0.0383,0.55,0.0015,0.0015,0.05,0.0003,0.05,,,,,,
2026-08-03 02:25:57,f7eb9aac,BUY,MAKER,ENTRY,9952321.0,0.00100000,0,0.00,0,0.00,default,full_day,0.4995,0.000058,0.0158,0.0158,0.55,0.0015,0.0015,0.05,0.0003,0.05,,,,,,
2026-08-03 03:37:53,f0bee855,SELL,MAKER,TAKE_PROFIT,9967249.4815,0.00100000,0,14.93,4315,-114.65,default,full_day,0.9994,0.000181,1.6182,0.0010,0.55,0.0015,0.0015,0.05,0.0003,0.05,,,,,,
2026-08-03 03:37:53,0760e26b,BUY,MAKER,ENTRY_PENDING,9969121.0,0.00100000,0,0.00,0,0.00,default,full_day,0.9985,0.000013,0.5550,0.0008,0.55,0.0015,0.0015,0.05,0.0003,0.05,,,,,,
2026-08-03 03:38:00,dd39c432,BUY,MAKER,CANCEL_ORDER,9969121.0,0.00100000,0,0.00,0,0.00,default,full_day,0.2715,0.000011,0.0100,0.0268,0.55,0.0015,0.0015,0.05,0.0003,0.05,,IMBALANCE_REVERSAL,,,,
2026-08-03 03:38:03,880a9fb4,SELL,MAKER,ENTRY_PENDING,9968561.0,0.00100000,0,0.00,0,0.00,default,full_day,0.1335,0.000000,0.0100,0.0649,0.55,0.0015,0.0015,0.05,0.0003,0.05,,,,,,
2026-08-03 03:38:22,db1cb600,SELL,MAKER,CANCEL_ORDER,9968561.0,0.00100000,0,0.00,0,0.00,default,full_day,0.9992,0.000000,1.2921,0.0010,0.55,0.0015,0.0015,0.05,0.0003,0.05,,IMBALANCE_REVERSAL,,,,
2026-08-03 03:38:25,77f31512,BUY,MAKER,ENTRY_PENDING,9965761.0,0.00100000,0,0.00,0,0.00,default,full_day,0.8481,0.000056,1.3495,0.2417,0.55,0.0015,0.0015,0.05,0.0003,0.05,,,,,,
2026-08-03 03:38:28,1628b171,BUY,MAKER,CANCEL_ORDER,9965761.0,0.00100000,0,0.00,0,0.00,default,full_day,0.0041,0.000032,0.0010,0.2417,0.55,0.0015,0.0015,0.05,0.0003,0.05,,IMBALANCE_REVERSAL,,,,
2026-08-03 03:38:30,f98357f1,SELL,MAKER,ENTRY_PENDING,9966320.0,0.00100000,0,0.00,0,0.00,default,full_day,0.0395,0.000032,0.0100,0.2417,0.55,0.0015,0.0015,0.05,0.0003,0.05,,,,,,
2026-08-03 03:39:36,5f2127f8,SELL,MAKER,CANCEL_ORDER,9966320.0,0.00100000,0,0.00,0,0.00,default,full_day,0.9720,0.000007,0.0097,0.0003,0.55,0.0015,0.0015,0.05,0.0003,0.05,,IMBALANCE_REVERSAL,,,,
2026-08-03 03:39:38,e3b69eba,BUY,MAKER,ENTRY_PENDING,9965251.0,0.00100000,0,0.00,0,0.00,default,full_day,0.5714,0.000059,0.2000,0.1500,0.55,0.0015,0.0015,0.05,0.0003,0.05,,,,,,
2026-08-03 03:40:25,a9dbbd39,BUY,MAKER,CANCEL_ORDER,9965251.0,0.00100000,0,0.00,0,0.00,default,full_day,0.9874,0.000064,0.5817,0.0074,0.55,0.0015,0.0015,0.05,0.0003,0.05,,ENTRY_DEVIATION,false,true,0.79,0.081383
2026-08-03 03:40:26,168aef28,BUY,MAKER,ENTRY_PENDING,9973041.0,0.00100000,0,0.00,0,0.00,default,full_day,0.9206,0.000064,0.5817,0.0502,0.55,0.0015,0.0015,0.05,0.0003,0.05,,,,,,
2026-08-03 03:40:29,f851fc63,BUY,MAKER,CANCEL_ORDER,9973041.0,0.00100000,0,0.00,0,0.00,default,full_day,0.1645,0.000064,0.0099,0.0501,0.55,0.0015,0.0015,0.05,0.0003,0.05,,IMBALANCE_REVERSAL,,,,
2026-08-03 03:40:36,a3358524,BUY,MAKER,ENTRY_PENDING,9973051.0,0.00100000,0,0.00,0,0.00,default,full_day,0.9984,0.000063,0.1000,0.0002,0.55,0.0015,0.0015,0.05,0.0003,0.05,,,,,,
2026-08-03 03:41:20,9631effb,BUY,MAKER,CANCEL_ORDER,9973051.0,0.00100000,0,0.00,0,0.00,default,full_day,0.0193,0.000000,0.0010,0.0502,0.55,0.0015,0.0015,0.05,0.0003,0.05,,IMBALANCE_REVERSAL,,,,
2026-08-03 03:41:22,c7737692,SELL,MAKER,ENTRY_PENDING,9975185.0,0.00100000,0,0.00,0,0.00,default,full_day,0.0193,0.000000,0.0010,0.0502,0.55,0.0015,0.0015,0.05,0.0003,0.05,,,,,,
2026-08-03 03:41:27,d868b982,SELL,MAKER,CANCEL_ORDER,9975185.0,0.00100000,0,0.00,0,0.00,default,full_day,0.9990,0.000163,0.1000,0.0001,0.55,0.0015,0.0015,0.05,0.0003,0.05,,IMBALANCE_REVERSAL,,,,
2026-08-03 03:41:32,b67be410,SELL,MAKER,ENTRY_PENDING,9978621.0,0.00100000,0,0.00,0,0.00,default,full_day,0.0090,0.000000,0.0009,0.1003,0.55,0.0015,0.0015,0.05,0.0003,0.05,,,,,,
2026-08-03 03:41:37,0a065b48,SELL,MAKER,CANCEL_ORDER,9978621.0,0.00100000,0,0.00,0,0.00,default,full_day,0.8710,0.000031,0.0008,0.0001,0.55,0.0015,0.0015,0.05,0.0003,0.05,,IMBALANCE_REVERSAL,,,,
2026-08-03 03:41:39,4e0e2079,BUY,MAKER,ENTRY_PENDING,9980000.0,0.00100000,0,0.00,0,0.00,default,full_day,0.9994,0.000000,0.2029,0.0001,0.55,0.0015,0.0015,0.05,0.0003,0.05,,,,,,
2026-08-03 03:41:53,eaa458cd,BUY,MAKER,CANCEL_ORDER,9980000.0,0.00100000,0,0.00,0,0.00,default,full_day,0.0909,0.000539,0.0010,0.0100,0.55,0.0015,0.0015,0.05,0.0003,0.05,,IMBALANCE_REVERSAL,,,,
2026-08-03 03:41:57,6a812a52,SELL,MAKER,ENTRY_PENDING,9999258.0,0.00100000,0,0.00,0,0.00,default,full_day,0.0355,0.000092,0.0024,0.0652,0.55,0.0015,0.0015,0.05,0.0003,0.05,,,,,,
2026-08-03 03:42:03,37327828,SELL,MAKER,CANCEL_ORDER,9999258.0,0.00100000,0,0.00,0,0.00,default,full_day,0.8300,0.000112,0.3906,0.0800,0.55,0.0015,0.0015,0.05,0.0003,0.05,,IMBALANCE_REVERSAL,,,,
2026-08-03 03:42:06,41eaf16d,BUY,MAKER,ENTRY_PENDING,9996561.0,0.00100000,0,0.00,0,0.00,default,full_day,0.9975,0.000112,0.5115,0.0013,0.55,0.0015,0.0015,0.05,0.0003,0.05,,,,,,
2026-08-03 03:42:24,e0457aed,BUY,MAKER,CANCEL_ORDER,9996561.0,0.00100000,0,0.00,0,0.00,default,full_day,0.1487,0.000100,0.0087,0.0498,0.55,0.0015,0.0015,0.05,0.0003,0.05,,IMBALANCE_REVERSAL,,,,
2026-08-03 03:42:30,f6c11553,SELL,MAKER,ENTRY_PENDING,9994319.0,0.00100000,0,0.00,0,0.00,default,full_day,0.1645,0.000112,0.0098,0.0500,0.55,0.0015,0.0015,0.05,0.0003,0.05,,,,,,
2026-08-03 03:42:36,7cb2a131,SELL,MAKER,CANCEL_ORDER,9994319.0,0.00100000,0,0.00,0,0.00,default,full_day,0.9994,0.000056,0.8164,0.0005,0.55,0.0015,0.0015,0.05,0.0003,0.05,,IMBALANCE_REVERSAL,,,,
2026-08-03 03:42:38,d4db8d9f,BUY,MAKER,ENTRY_PENDING,9993761.0,0.00100000,0,0.00,0,0.00,default,full_day,0.9969,0.000056,0.8164,0.0025,0.55,0.0015,0.0015,0.05,0.0003,0.05,,,,,,
2026-08-03 03:42:42,89ee61c4,BUY,MAKER,CANCEL_ORDER,9993761.0,0.00100000,0,0.00,0,0.00,default,full_day,0.2088,0.000055,0.0132,0.0500,0.55,0.0015,0.0015,0.05,0.0003,0.05,,IMBALANCE_REVERSAL,,,,
2026-08-03 03:42:44,cd62733e,SELL,MAKER,ENTRY_PENDING,9994308.0,0.00100000,0,0.00,0,0.00,default,full_day,0.2069,0.000055,0.0131,0.0502,0.55,0.0015,0.0015,0.05,0.0003,0.05,,,,,,
2026-08-03 03:42:53,fb4dce90,SELL,MAKER,CANCEL_ORDER,9994308.0,0.00100000,0,0.00,0,0.00,default,full_day,0.9810,0.000033,0.0098,0.0002,0.55,0.0015,0.0015,0.05,0.0003,0.05,,IMBALANCE_REVERSAL,,,,
2026-08-03 03:42:59,057e80d5,SELL,MAKER,ENTRY_PENDING,9993197.0,0.00100000,0,0.00,0,0.00,default,full_day,0.1652,0.000032,0.0099,0.0500,0.55,0.0015,0.0015,0.05,0.0003,0.05,,,,,,
2026-08-03 03:43:04,671477b1,SELL,MAKER,CANCEL_ORDER,9993197.0,0.00100000,0,0.00,0,0.00,default,full_day,0.8774,0.000052,1.0739,0.1500,0.55,0.0015,0.0015,0.05,0.0003,0.05,,IMBALANCE_REVERSAL,,,,
2026-08-03 03:43:06,bd27e757,BUY,MAKER,ENTRY_PENDING,9990961.0,0.00100000,0,0.00,0,0.00,default,full_day,0.9584,0.000112,0.6100,0.0265,0.55,0.0015,0.0015,0.05,0.0003,0.05,,,,,,
2026-08-03 03:43:09,a7fb4257,BUY,MAKER,ENTRY,9990961.0,0.00100000,0,0.00,0,0.00,default,full_day,0.8178,0.000110,0.4710,0.1050,0.55,0.0015,0.0015,0.05,0.0003,0.05,,,,,,
2026-08-03 03:47:57,4a0323e1,SELL,TAKER,STOP_LOSS,9975109.0,0.00100000,0,-15.85,287,-130.50,default,full_day,0.6589,0.000112,0.1791,0.0927,0.55,0.0015,0.0015,0.05,0.0003,0.05,,,,,,
2026-08-03 03:47:57,77f77374,BUY,MAKER,ENTRY_PENDING,9971921.0,0.00100000,0,0.00,0,0.00,default,full_day,0.5890,0.000108,0.1791,0.1250,0.55,0.0015,0.0015,0.05,0.0003,0.05,,,,,,
2026-08-03 03:48:04,948e0f04,BUY,MAKER,CANCEL_ORDER,9971921.0,0.00100000,0,0.00,0,0.00,default,full_day,0.4337,0.000162,0.0100,0.0130,0.55,0.0015,0.0015,0.05,0.0003,0.05,,IMBALANCE_REVERSAL,,,,
2026-08-03 03:48:23,d47ffeb9,BUY,MAKER,ENTRY_PENDING,9971361.0,0.00100000,0,0.00,0,0.00,default,full_day,0.9216,0.000021,0.5000,0.0426,0.55,0.0015,0.0015,0.05,0.0003,0.05,,,,,,
2026-08-03 03:48:29,1ec8b325,BUY,MAKER,CANCEL_ORDER,9971361.0,0.00100000,0,0.00,0,0.00,default,full_day,0.0363,0.000054,0.0005,0.0130,0.55,0.0015,0.0015,0.05,0.0003,0.05,,IMBALANCE_REVERSAL,,,,
2026-08-03 03:49:07,cfad62dc,BUY,MAKER,ENTRY_PENDING,9971379.0,0.00100000,0,0.00,0,0.00,default,full_day,0.5855,0.000122,0.0602,0.0426,0.55,0.0015,0.0015,0.05,0.0003,0.05,,,,,,
2026-08-03 03:49:15,bd45d133,BUY,MAKER,CANCEL_ORDER,9971379.0,0.00100000,0,0.00,0,0.00,default,full_day,0.0230,0.000103,0.0010,0.0425,0.55,0.0015,0.0015,0.05,0.0003,0.05,,IMBALANCE_REVERSAL,,,,
2026-08-03 03:49:28,552c47b9,BUY,MAKER,ENTRY_PENDING,9972481.0,0.00100000,0,0.00,0,0.00,default,full_day,0.9219,0.000007,1.1805,0.1000,0.55,0.0015,0.0015,0.05,0.0003,0.05,,,,,,
2026-08-03 03:50:13,ec42116f,BUY,MAKER,CANCEL_ORDER,9972481.0,0.00100000,0,0.00,0,0.00,default,full_day,0.1040,0.000000,0.0078,0.0672,0.55,0.0015,0.0015,0.05,0.0003,0.05,,IMBALANCE_REVERSAL,,,,
2026-08-03 03:50:16,2ffc8e15,SELL,MAKER,ENTRY_PENDING,9969120.0,0.00100000,0,0.00,0,0.00,default,full_day,0.4143,0.000056,0.2438,0.3447,0.55,0.0015,0.0015,0.05,0.0003,0.05,,,,,,
2026-08-03 03:50:18,b5f8ed68,SELL,MAKER,CANCEL_ORDER,9969120.0,0.00100000,0,0.00,0,0.00,default,full_day,0.6768,0.000056,0.3144,0.1501,0.55,0.0015,0.0015,0.05,0.0003,0.05,,IMBALANCE_REVERSAL,,,,
2026-08-03 03:50:20,0e3ce1ea,BUY,MAKER,ENTRY_PENDING,9967441.0,0.00100000,0,0.00,0,0.00,default,full_day,0.9996,0.000056,0.5000,0.0002,0.55,0.0015,0.0015,0.05,0.0003,0.05,,,,,,
2026-08-03 03:50:27,e03baa2e,BUY,MAKER,CANCEL_ORDER,9967441.0,0.00100000,0,0.00,0,0.00,default,full_day,0.1027,0.000056,0.0115,0.1005,0.55,0.0015,0.0015,0.05,0.0003,0.05,,IMBALANCE_REVERSAL,,,,
2026-08-03 03:50:29,dc922541,SELL,MAKER,ENTRY_PENDING,9965760.0,0.00100000,0,0.00,0,0.00,default,full_day,0.0843,0.000000,0.0115,0.1250,0.55,0.0015,0.0015,0.05,0.0003,0.05,,,,,,
2026-08-03 03:50:32,084fa0f5,SELL,MAKER,CANCEL_ORDER,9965760.0,0.00100000,0,0.00,0,0.00,default,full_day,0.9685,0.000056,1.1491,0.0374,0.55,0.0015,0.0015,0.05,0.0003,0.05,,IMBALANCE_REVERSAL,,,,
2026-08-03 03:50:57,1edd34ff,BUY,MAKER,ENTRY_PENDING,9964483.0,0.00100000,0,0.00,0,0.00,default,full_day,0.9982,0.000052,0.0602,0.0001,0.55,0.0015,0.0015,0.05,0.0003,0.05,,,,,,
2026-08-03 03:51:00,296ce52c,BUY,MAKER,CANCEL_ORDER,9964483.0,0.00100000,0,0.00,0,0.00,default,full_day,0.0042,0.000075,0.0002,0.0426,0.55,0.0015,0.0015,0.05,0.0003,0.05,,IMBALANCE_REVERSAL,,,,
2026-08-03 03:51:11,4c665261,BUY,MAKER,ENTRY_PENDING,9967151.0,0.00100000,0,0.00,0,0.00,default,full_day,0.8244,0.000157,0.2000,0.0426,0.55,0.0015,0.0015,0.05,0.0003,0.05,,,,,,
2026-08-03 03:51:13,d9c26bcf,BUY,MAKER,CANCEL_ORDER,9967151.0,0.00100000,0,0.00,0,0.00,default,full_day,0.0091,0.000157,0.0004,0.0426,0.55,0.0015,0.0015,0.05,0.0003,0.05,,IMBALANCE_REVERSAL,,,,
2026-08-03 03:51:20,72955c5e,BUY,MAKER,ENTRY_PENDING,9967441.0,0.00100000,0,0.00,0,0.00,default,full_day,0.5988,0.000112,0.0636,0.0426,0.55,0.0015,0.0015,0.05,0.0003,0.05,,,,,,
2026-08-03 03:51:22,64e81723,BUY,MAKER,CANCEL_ORDER,9967441.0,0.00100000,0,0.00,0,0.00,default,full_day,0.0042,0.000112,0.0002,0.0426,0.55,0.0015,0.0015,0.05,0.0003,0.05,,IMBALANCE_REVERSAL,,,,
2026-08-03 03:51:28,692dc524,BUY,MAKER,ENTRY_PENDING,9967441.0,0.00100000,0,0.00,0,0.00,default,full_day,0.9983,0.000000,0.0636,0.0001,0.55,0.0015,0.0015,0.05,0.0003,0.05,,,,,,
2026-08-03 03:51:40,b5b80675,BUY,MAKER,CANCEL_ORDER,9967441.0,0.00100000,0,0.00,0,0.00,default,full_day,0.0446,0.000064,0.0020,0.0426,0.55,0.0015,0.0015,0.05,0.0003,0.05,,IMBALANCE_REVERSAL,,,,
2026-08-03 03:51:45,c0fd8d1c,BUY,MAKER,ENTRY_PENDING,9967801.0,0.00100000,0,0.00,0,0.00,default,full_day,0.9989,0.000000,0.1000,0.0001,0.55,0.0015,0.0015,0.05,0.0003,0.05,,,,,,
2026-08-03 03:51:48,3e97e5a7,BUY,MAKER,CANCEL_ORDER,9967801.0,0.00100000,0,0.00,0,0.00,default,full_day,0.0040,0.000024,0.0002,0.0426,0.55,0.0015,0.0015,0.05,0.0003,0.05,,IMBALANCE_REVERSAL,,,,
2026-08-03 03:51:54,0b0606f9,BUY,MAKER,ENTRY_PENDING,9968351.0,0.00100000,0,0.00,0,0.00,default,full_day,0.8254,0.000063,0.0602,0.0127,0.55,0.0015,0.0015,0.05,0.0003,0.05,,,,,,
2026-08-03 03:52:09,038cd6a2,BUY,MAKER,CANCEL_ORDER,9968351.0,0.00100000,0,0.00,0,0.00,default,full_day,0.0739,0.000081,0.0034,0.0426,0.55,0.0015,0.0015,0.05,0.0003,0.05,,IMBALANCE_REVERSAL,,,,
2026-08-03 03:52:28,3e382e52,BUY,MAKER,ENTRY_PENDING,9968601.0,0.00100000,0,0.00,0,0.00,default,full_day,0.9412,0.000093,0.2000,0.0125,0.55,0.0015,0.0015,0.05,0.0003,0.05,,,,,,
2026-08-03 03:52:31,4c0bea32,BUY,MAKER,CANCEL_ORDER,9968601.0,0.00100000,0,0.00,0,0.00,default,full_day,0.0079,0.000093,0.0001,0.0125,0.55,0.0015,0.0015,0.05,0.0003,0.05,,IMBALANCE_REVERSAL,,,,
2026-08-03 03:52:38,9a33267c,BUY,MAKER,ENTRY_PENDING,9968599.0,0.00100000,0,0.00,0,0.00,default,full_day,0.9412,0.000093,0.2000,0.0125,0.55,0.0015,0.0015,0.05,0.0003,0.05,,,,,,
2026-08-03 03:52:42,c35c87c0,BUY,MAKER,CANCEL_ORDER,9968599.0,0.00100000,0,0.00,0,0.00,default,full_day,0.1071,0.000097,0.0015,0.0125,0.55,0.0015,0.0015,0.05,0.0003,0.05,,IMBALANCE_REVERSAL,,,,
2026-08-03 03:52:48,dd68fee8,BUY,MAKER,ENTRY_PENDING,9968601.0,0.00100000,0,0.00,0,0.00,default,full_day,0.8892,0.000093,0.1003,0.0125,0.55,0.0015,0.0015,0.05,0.0003,0.05,,,,,,
2026-08-03 03:53:20,7b75d313,BUY,MAKER,CANCEL_ORDER,9968601.0,0.00100000,0,0.00,0,0.00,default,full_day,0.0744,0.000009,0.0010,0.0124,0.55,0.0015,0.0015,0.05,0.0003,0.05,,IMBALANCE_REVERSAL,,,,
2026-08-03 03:53:58,c52e65df,BUY,MAKER,ENTRY_PENDING,9969631.0,0.00100000,0,0.00,0,0.00,default,full_day,0.5895,0.000014,0.0612,0.0426,0.55,0.0015,0.0015,0.05,0.0003,0.05,,,,,,
2026-08-03 03:54:29,f9f9a1dc,BUY,MAKER,CANCEL_ORDER,9969631.0,0.00100000,0,0.00,0,0.00,default,full_day,0.1983,0.000009,0.0124,0.0501,0.55,0.0015,0.0015,0.05,0.0003,0.05,,IMBALANCE_REVERSAL,,,,
2026-08-03 03:54:31,8bcc87b0,SELL,MAKER,ENTRY_PENDING,9969763.0,0.00100000,0,0.00,0,0.00,default,full_day,0.1982,0.000008,0.0124,0.0502,0.55,0.0015,0.0015,0.05,0.0003,0.05,,,,,,
2026-08-03 03:54:47,a28823a7,SELL,MAKER,CANCEL_ORDER,9969763.0,0.00100000,0,0.00,0,0.00,default,full_day,0.8046,0.000000,0.9346,0.2269,0.55,0.0015,0.0015,0.05,0.0003,0.05,,IMBALANCE_REVERSAL,,,,
2026-08-03 03:54:49,402adcfc,BUY,MAKER,ENTRY_PENDING,9968001.0,0.00100000,0,0.00,0,0.00,default,full_day,0.9999,0.000056,1.0193,0.0001,0.55,0.0015,0.0015,0.05,0.0003,0.05,,,,,,
2026-08-03 03:58:12,a727bd7b,BUY,MAKER,CANCEL_ORDER,9968001.0,0.00100000,0,0.00,0,0.00,default,full_day,0.2650,0.000000,0.0602,0.1670,0.55,0.0015,0.0015,0.05,0.0003,0.05,,IMBALANCE_REVERSAL,,,,
2026-08-03 03:58:15,8a6a0066,SELL,MAKER,ENTRY_PENDING,9967347.0,0.00100000,0,0.00,0,0.00,default,full_day,0.2649,0.000000,0.0602,0.1670,0.55,0.0015,0.0015,0.05,0.0003,0.05,,,,,,
2026-08-03 03:58:32,a4dd1205,SELL,MAKER,CANCEL_ORDER,9967347.0,0.00100000,0,0.00,0,0.00,default,full_day,0.6659,0.000035,0.1000,0.0502,0.55,0.0015,0.0015,0.05,0.0003,0.05,,IMBALANCE_REVERSAL,,,,
2026-08-03 03:58:34,91d5d147,BUY,MAKER,ENTRY_PENDING,9966901.0,0.00100000,0,0.00,0,0.00,default,full_day,0.9988,0.000000,0.0602,0.0001,0.55,0.0015,0.0015,0.05,0.0003,0.05,,,,,,
2026-08-03 04:00:28,0e2fdf85,BUY,MAKER,ENTRY,9966901.0,0.00100000,0,0.00,0,0.00,default,full_day,0.8929,0.000043,0.0005,0.0001,0.55,0.0015,0.0015,0.05,0.0003,0.05,,,,,,
2026-08-03 07:35:35,019f43e6,SELL,MAKER,ENTRY_PENDING,9975200.0,0.00100000,0,0.00,0,0.00,default,full_day,0.0012,0.000000,0.0003,0.2784,0.55,0.0015,0.0015,0.05,0.0003,0.05,,,,,,
2026-08-03 07:36:46,c24571c7,SELL,MAKER,CANCEL_ORDER,9975200.0,0.00100000,0,0.00,0,0.00,default,full_day,0.0042,0.000344,0.0000,0.0047,0.55,0.0015,0.0015,0.05,0.0003,0.05,,IMBALANCE_REVERSAL,,,,
2026-08-03 07:37:04,6ee20668,SELL,MAKER,ENTRY_PENDING,9970412.0,0.00100000,0,0.00,0,0.00,default,full_day,0.2065,0.000000,0.0274,0.1055,0.55,0.0015,0.0015,0.05,0.0003,0.05,,,,,,
2026-08-03 07:37:13,d1cf3f2e,SELL,MAKER,CANCEL_ORDER,9970412.0,0.00100000,0,0.00,0,0.00,default,full_day,0.9769,0.000045,0.0250,0.0006,0.55,0.0015,0.0015,0.05,0.0003,0.05,,IMBALANCE_REVERSAL,,,,
2026-08-03 07:37:18,6119f45c,BUY,MAKER,ENTRY_PENDING,9967955.0,0.00100000,0,0.00,0,0.00,default,full_day,0.9889,0.000000,0.0524,0.0006,0.55,0.0015,0.0015,0.05,0.0003,0.05,,,,,,
2026-08-03 07:37:55,e9803792,BUY,MAKER,ENTRY,9967955.0,0.00100000,0,0.00,0,0.00,default,full_day,0.2583,0.000061,0.0522,0.1498,0.55,0.0015,0.0015,0.05,0.0003,0.05,,,,,,
2026-08-03 07:40:07,67088aad,SELL,TAKER,STOP_LOSS,9952884.0,0.00100000,0,-15.07,132,-145.57,default,full_day,0.0123,0.000000,0.0010,0.0801,0.55,0.0015,0.0015,0.05,0.0003,0.05,,,,,,
2026-08-03 07:40:08,1e886bbb,SELL,MAKER,ENTRY_PENDING,9958695.0,0.00100000,0,0.00,0,0.00,default,full_day,0.0030,0.000000,0.0010,0.3302,0.55,0.0015,0.0015,0.05,0.0003,0.05,,,,,,
2026-08-03 07:40:26,52be168f,SELL,MAKER,CANCEL_ORDER,9958695.0,0.00100000,0,0.00,0,0.00,default,full_day,0.9671,0.000000,0.0029,0.0001,0.55,0.0015,0.0015,0.05,0.0003,0.05,,IMBALANCE_REVERSAL,,,,
2026-08-03 07:40:55,b0d74e7f,SELL,MAKER,ENTRY_PENDING,9959599.0,0.00100000,0,0.00,0,0.00,default,full_day,0.0267,0.000225,0.0283,1.0299,0.55,0.0015,0.0015,0.05,0.0003,0.05,,,,,,
2026-08-03 07:40:58,795ddab8,SELL,MAKER,ENTRY,9959599.0,0.00100000,0,0.00,0,0.00,default,full_day,0.4673,0.000047,0.0010,0.0011,0.55,0.0015,0.0015,0.05,0.0003,0.05,,,,,,
2026-08-03 07:44:28,8eebd28e,BUY,TAKER,STOP_LOSS,9975610.0,0.00100000,0,-16.01,209,-161.58,default,full_day,0.9891,0.000000,0.0271,0.0003,0.55,0.0015,0.0015,0.05,0.0003,0.05,,,,,,
2026-08-03 07:44:29,2e3a140f,BUY,MAKER,ENTRY_PENDING,9970799.0,0.00100000,0,0.00,0,0.00,default,full_day,0.9979,0.000000,0.1396,0.0003,0.55,0.0015,0.0015,0.05,0.0003,0.05,,,,,,
2026-08-03 07:44:40,cd4e0ed8,BUY,MAKER,CANCEL_ORDER,9970799.0,0.00100000,0,0.00,0,0.00,default,full_day,0.8484,0.000473,0.1679,0.0300,0.55,0.0015,0.0015,0.05,0.0003,0.05,,IMBALANCE_REVERSAL,,,,
2026-08-03 07:44:48,a48997aa,BUY,MAKER,ENTRY_PENDING,9975051.0,0.00100000,0,0.00,0,0.00,default,full_day,0.9956,0.000047,0.1125,0.0005,0.55,0.0015,0.0015,0.05,0.0003,0.05,,,,,,
2026-08-03 07:44:56,5ba85728,BUY,MAKER,CANCEL_ORDER,9975051.0,0.00100000,0,0.00,0,0.00,default,full_day,0.6744,0.000312,0.0621,0.0300,0.55,0.0015,0.0015,0.05,0.0003,0.05,,IMBALANCE_REVERSAL,,,,
2026-08-03 07:45:07,3b31198b,SELL,MAKER,ENTRY_PENDING,9979199.0,0.00100000,0,0.00,0,0.00,default,full_day,0.0560,0.000010,0.0089,0.1499,0.55,0.0015,0.0015,0.05,0.0003,0.05,,,,,,
2026-08-03 07:45:15,61978396,SELL,MAKER,CANCEL_ORDER,9979199.0,0.00100000,0,0.00,0,0.00,default,full_day,0.6667,0.000000,0.0010,0.0005,0.55,0.0015,0.0015,0.05,0.0003,0.05,,IMBALANCE_REVERSAL,,,,
2026-08-03 07:45:31,3131578c,BUY,MAKER,ENTRY_PENDING,9979954.0,0.00100000,0,0.00,0,0.00,default,full_day,0.9922,0.000000,0.0576,0.0004,0.55,0.0015,0.0015,0.05,0.0003,0.05,,,,,,
2026-08-03 07:45:49,e9397ddf,BUY,MAKER,CANCEL_ORDER,9979954.0,0.00100000,0,0.00,0,0.00,default,full_day,0.7409,0.000593,0.0858,0.0300,0.55,0.0015,0.0015,0.05,0.0003,0.05,,IMBALANCE_REVERSAL,,,,
2026-08-03 07:45:52,09f42bc9,SELL,MAKER,ENTRY_PENDING,9987549.0,0.00100000,0,0.00,0,0.00,default,full_day,0.0096,0.000082,0.0010,0.1000,0.55,0.0015,0.0015,0.05,0.0003,0.05,,,,,,
2026-08-03 07:45:55,43166123,SELL,MAKER,ENTRY,9987549.0,0.00100000,0,0.00,0,0.00,default,full_day,0.0135,0.000099,0.0089,0.6503,0.55,0.0015,0.0015,0.05,0.0003,0.05,,,,,,
2026-08-03 07:47:17,aff2083f,BUY,MAKER,TAKE_PROFIT,9972567.6765,0.00100000,0,14.98,82,-146.60,default,full_day,0.8951,0.000114,0.0085,0.0010,0.55,0.0015,0.0015,0.05,0.0003,0.05,,,,,,
2026-08-03 07:47:18,7a122351,SELL,MAKER,ENTRY_PENDING,9971899.0,0.00100000,0,0.00,0,0.00,default,full_day,0.0409,0.000111,0.0085,0.2000,0.55,0.0015,0.0015,0.05,0.0003,0.05,,,,,,
2026-08-03 07:51:06,6594ea7e,SELL,MAKER,CANCEL_ORDER,9971899.0,0.00100000,0,0.00,0,0.00,default,full_day,0.0193,0.000554,0.0083,0.4211,0.55,0.0015,0.0015,0.05,0.0003,0.05,,IMBALANCE_REVERSAL,,,,
2026-08-03 07:51:16,dd96faf0,SELL,MAKER,ENTRY_PENDING,9962098.0,0.00100000,0,0.00,0,0.00,default,full_day,0.2093,0.000000,0.0268,0.1012,0.55,0.0015,0.0015,0.05,0.0003,0.05,,,,,,
2026-08-03 07:51:17,4727f453,SELL,MAKER,CANCEL_ORDER,9962098.0,0.00100000,0,0.00,0,0.00,default,full_day,0.9581,0.000000,0.0268,0.0012,0.55,0.0015,0.0015,0.05,0.0003,0.05,,IMBALANCE_REVERSAL,,,,
2026-08-03 07:51:47,2254c368,SELL,MAKER,ENTRY_PENDING,9962959.0,0.00100000,0,0.00,0,0.00,default,full_day,0.2010,0.000087,0.0277,0.1100,0.55,0.0015,0.0015,0.05,0.0003,0.05,,,,,,
2026-08-03 07:51:47,2de5e12f,SELL,MAKER,ENTRY,9962959.0,0.00100000,0,0.00,0,0.00,default,full_day,0.0323,0.000056,0.0010,0.0300,0.55,0.0015,0.0015,0.05,0.0003,0.05,,,,,,
2026-08-03 08:16:49,a55430f6,BUY,TAKER,STOP_LOSS,9978127.0,0.00100000,0,-15.17,1501,-161.77,default,full_day,0.9997,0.000000,0.0873,0.0000,0.55,0.0015,0.0015,0.05,0.0003,0.05,,,,,,
2026-08-03 08:16:49,6735a39b,BUY,MAKER,ENTRY_PENDING,9976638.0,0.00100000,0,0.00,0,0.00,default,full_day,0.9997,0.000000,0.0998,0.0000,0.55,0.0015,0.0015,0.05,0.0003,0.05,,,,,,
2026-08-03 08:17:05,37cfa45a,BUY,MAKER,ENTRY,9976638.0,0.00100000,0,0.00,0,0.00,default,full_day,0.9976,0.000000,0.0125,0.0000,0.55,0.0015,0.0015,0.05,0.0003,0.05,,,,,,
2026-08-03 08:19:01,191f6cfa,SELL,MAKER,TAKE_PROFIT,9991602.957,0.00100000,0,14.96,115,-146.80,default,full_day,0.1250,0.000000,0.0010,0.0070,0.55,0.0015,0.0015,0.05,0.0003,0.05,,,,,,
2026-08-03 08:19:04,93113355,BUY,MAKER,ENTRY_PENDING,9995625.0,0.00100000,0,0.00,0,0.00,default,full_day,0.9437,0.000000,0.1174,0.0070,0.55,0.0015,0.0015,0.05,0.0003,0.05,,,,,,
2026-08-03 08:19:05,271cfe11,BUY,MAKER,CANCEL_ORDER,9995625.0,0.00100000,0,0.00,0,0.00,default,full_day,0.3668,0.000416,0.0174,0.0300,0.55,0.0015,0.0015,0.05,0.0003,0.05,,IMBALANCE_REVERSAL,,,,
2026-08-03 08:19:14,e0c039a9,SELL,MAKER,ENTRY_PENDING,10003940.0,0.00100000,0,0.00,0,0.00,default,full_day,0.0196,0.000053,0.0010,0.0501,0.55,0.0015,0.0015,0.05,0.0003,0.05,,,,,,
2026-08-03 08:19:14,4a6166c8,SELL,MAKER,ENTRY,10003940.0,0.00100000,0,0.00,0,0.00,default,full_day,0.1235,0.000053,0.0010,0.0071,0.55,0.0015,0.0015,0.05,0.0003,0.05,,,,,,
2026-08-03 08:34:07,6b601e3e,BUY,TAKER,STOP_LOSS,10019043.0,0.00100000,0,-15.10,892,-161.91,default,full_day,0.9980,0.000000,0.0341,0.0001,0.55,0.0015,0.0015,0.05,0.0003,0.05,,,,,,
2026-08-03 08:34:21,43d2c560,SELL,MAKER,ENTRY_PENDING,10017099.0,0.00100000,0,0.00,0,0.00,default,full_day,0.0099,0.000150,0.0010,0.1000,0.55,0.0015,0.0015,0.05,0.0003,0.05,,,,,,
2026-08-03 08:34:21,00e1d29c,SELL,MAKER,CANCEL_ORDER,10017099.0,0.00100000,0,0.00,0,0.00,default,full_day,0.0323,0.000317,0.0010,0.0300,0.55,0.0015,0.0015,0.05,0.0003,0.05,,IMBALANCE_REVERSAL,,,,
2026-08-03 08:34:27,5b36578b,SELL,MAKER,ENTRY_PENDING,10016949.0,0.00100000,0,0.00,0,0.00,default,full_day,0.0050,0.000200,0.0010,0.2000,0.55,0.0015,0.0015,0.05,0.0003,0.05,,,,,,
2026-08-03 08:34:38,dc3dff8c,SELL,MAKER,ENTRY,10016949.0,0.00100000,0,0.00,0,0.00,default,full_day,0.0323,0.000133,0.0010,0.0300,0.55,0.0015,0.0015,0.05,0.0003,0.05,,,,,,
2026-08-03 09:04:45,0fb4aaa2,BUY,MAKER,TAKE_PROFIT,10001923.5765,0.00100000,0,15.03,1807,-146.88,default,full_day,0.0009,0.000118,0.0000,0.0230,0.55,0.0015,0.0015,0.05,0.0003,0.05,,,,,,
2026-08-03 09:05:01,7a4d1dac,BUY,MAKER,ENTRY_PENDING,10000047.0,0.00100000,0,0.00,0,0.00,default,full_day,0.8968,0.000018,0.0800,0.0092,0.55,0.0015,0.0015,0.05,0.0003,0.05,,,,,,
2026-08-03 09:05:08,8fd35f64,BUY,MAKER,CANCEL_ORDER,10000047.0,0.00100000,0,0.00,0,0.00,default,full_day,0.1364,0.000111,0.0158,0.1000,0.55,0.0015,0.0015,0.05,0.0003,0.05,,IMBALANCE_REVERSAL,,,,
2026-08-03 09:05:10,75865d42,SELL,MAKER,ENTRY_PENDING,10001108.0,0.00100000,0,0.00,0,0.00,default,full_day,0.1364,0.000111,0.0158,0.1000,0.55,0.0015,0.0015,0.05,0.0003,0.05,,,,,,
2026-08-03 09:05:24,1d1af6cd,SELL,MAKER,ENTRY,10001108.0,0.00100000,0,0.00,0,0.00,default,full_day,0.0055,0.000189,0.0001,0.0144,0.55,0.0015,0.0015,0.05,0.0003,0.05,,,,,,
2026-08-03 09:25:47,60377f32,BUY,MAKER,TAKE_PROFIT,9986106.338000001,0.00100000,0,15.00,1223,-131.88,default,full_day,0.0360,0.000105,0.0373,1.0000,0.55,0.0015,0.0015,0.05,0.0003,0.05,,,,,,
2026-08-03 09:25:48,ddd6badb,SELL,MAKER,ENTRY_PENDING,9984239.0,0.00100000,0,0.00,0,0.00,default,full_day,0.4448,0.000049,0.0801,0.1000,0.55,0.0015,0.0015,0.05,0.0003,0.05,,,,,,
2026-08-03 09:25:50,5813659c,SELL,MAKER,CANCEL_ORDER,9984239.0,0.00100000,0,0.00,0,0.00,default,full_day,0.9953,0.000000,0.1802,0.0009,0.55,0.0015,0.0015,0.05,0.0003,0.05,,IMBALANCE_REVERSAL,,,,
2026-08-03 09:25:52,2e59ae75,BUY,MAKER,ENTRY_PENDING,9983756.0,0.00100000,0,0.00,0,0.00,default,full_day,0.6432,0.000049,0.1802,0.1000,0.55,0.0015,0.0015,0.05,0.0003,0.05,,,,,,
2026-08-03 09:25:59,b76823b7,BUY,MAKER,CANCEL_ORDER,9983756.0,0.00100000,0,0.00,0,0.00,default,full_day,0.0360,0.000078,0.0373,1.0000,0.55,0.0015,0.0015,0.05,0.0003,0.05,,IMBALANCE_REVERSAL,,,,
2026-08-03 09:26:01,23b5602e,SELL,MAKER,ENTRY_PENDING,9985359.0,0.00100000,0,0.00,0,0.00,default,full_day,0.1669,0.000097,0.0801,0.4000,0.55,0.0015,0.0015,0.05,0.0003,0.05,,,,,,
2026-08-03 09:26:03,07e329ad,SELL,MAKER,CANCEL_ORDER,9985359.0,0.00100000,0,0.00,0,0.00,default,full_day,0.5656,0.000041,0.1302,0.1000,0.55,0.0015,0.0015,0.05,0.0003,0.05,,IMBALANCE_REVERSAL,,,,
2026-08-03 09:26:09,33902944,SELL,MAKER,ENTRY_PENDING,9985919.0,0.00100000,0,0.00,0,0.00,default,full_day,0.1316,0.000097,0.1803,1.1894,0.55,0.0015,0.0015,0.05,0.0003,0.05,,,,,,
2026-08-03 09:26:12,a01ec0b5,SELL,MAKER,CANCEL_ORDER,9985919.0,0.00100000,0,0.00,0,0.00,default,full_day,0.5004,0.000000,0.1002,0.1000,0.55,0.0015,0.0015,0.05,0.0003,0.05,,IMBALANCE_REVERSAL,,,,
2026-08-03 09:26:18,1bee2bff,BUY,MAKER,ENTRY_PENDING,9985920.0,0.00100000,0,0.00,0,0.00,default,full_day,0.8349,0.000048,0.1012,0.0200,0.55,0.0015,0.0015,0.05,0.0003,0.05,,,,,,
2026-08-03 09:26:44,7f42d1b6,BUY,MAKER,CANCEL_ORDER,9985920.0,0.00100000,0,0.00,0,0.00,default,full_day,0.0476,0.000000,0.0010,0.0200,0.55,0.0015,0.0015,0.05,0.0003,0.05,,IMBALANCE_REVERSAL,,,,
2026-08-03 09:27:01,75ddc90b,SELL,MAKER,ENTRY_PENDING,9987599.0,0.00100000,0,0.00,0,0.00,default,full_day,0.0099,0.000004,0.0010,0.1000,0.55,0.0015,0.0015,0.05,0.0003,0.05,,,,,,
2026-08-03 09:27:04,5ab5f08d,SELL,MAKER,CANCEL_ORDER,9987599.0,0.00100000,0,0.00,0,0.00,default,full_day,0.7146,0.000013,0.0501,0.0200,0.55,0.0015,0.0015,0.05,0.0003,0.05,,IMBALANCE_REVERSAL,,,,
2026-08-03 09:27:06,74c61359,BUY,MAKER,ENTRY_PENDING,9987560.0,0.00100000,0,0.00,0,0.00,default,full_day,0.7146,0.000013,0.0501,0.0200,0.55,0.0015,0.0015,0.05,0.0003,0.05,,,,,,
2026-08-03 09:27:39,b3002915,BUY,MAKER,CANCEL_ORDER,9987560.0,0.00100000,0,0.00,0,0.00,default,full_day,0.2002,0.000019,0.0501,0.2000,0.55,0.0015,0.0015,0.05,0.0003,0.05,,IMBALANCE_REVERSAL,,,,
2026-08-03 09:27:41,f887210f,SELL,MAKER,ENTRY_PENDING,9989279.0,0.00100000,0,0.00,0,0.00,default,full_day,0.2002,0.000019,0.0501,0.2000,0.55,0.0015,0.0015,0.05,0.0003,0.05,,,,,,
2026-08-03 09:27:46,40cc4817,SELL,MAKER,CANCEL_ORDER,9989279.0,0.00100000,0,0.00,0,0.00,default,full_day,0.6667,0.000881,0.0200,0.0100,0.55,0.0015,0.0015,0.05,0.0003,0.05,,IMBALANCE_REVERSAL,,,,
2026-08-03 09:27:52,423682fc,SELL,MAKER,ENTRY_PENDING,9975279.0,0.00100000,0,0.00,0,0.00,default,full_day,0.0598,0.000108,0.0318,0.5000,0.55,0.0015,0.0015,0.05,0.0003,0.05,,,,,,
2026-08-03 09:27:57,3e1657dc,SELL,MAKER,CANCEL_ORDER,9975279.0,0.00100000,0,0.00,0,0.00,default,full_day,0.0099,0.000381,0.0005,0.0500,0.55,0.0015,0.0015,0.05,0.0003,0.05,,IMBALANCE_REVERSAL,,,,
2026-08-03 09:28:02,1565b66e,SELL,MAKER,ENTRY_PENDING,9965000.0,0.00100000,0,0.00,0,0.00,default,full_day,0.0016,0.000000,0.0002,0.1105,0.55,0.0015,0.0015,0.05,0.0003,0.05,,,,,,
2026-08-03 09:28:05,37d15409,SELL,MAKER,CANCEL_ORDER,9965000.0,0.00100000,0,0.00,0,0.00,default,full_day,0.9470,0.000306,0.1785,0.0100,0.55,0.0015,0.0015,0.05,0.0003,0.05,,IMBALANCE_REVERSAL,,,,
2026-08-03 09:28:11,3fb9071d,BUY,MAKER,ENTRY_PENDING,9950001.0,0.00100000,0,0.00,0,0.00,default,full_day,0.9427,0.000263,0.4114,0.0250,0.55,0.0015,0.0015,0.05,0.0003,0.05,,,,,,
2026-08-03 09:28:20,d21413ff,BUY,MAKER,CANCEL_ORDER,9950001.0,0.00100000,0,0.00,0,0.00,default,full_day,0.0014,0.000651,0.0005,0.3673,0.55,0.0015,0.0015,0.05,0.0003,0.05,,IMBALANCE_REVERSAL,,,,
2026-08-03 09:28:22,c183b49d,SELL,MAKER,ENTRY_PENDING,9938878.0,0.00100000,0,0.00,0,0.00,default,full_day,0.0101,0.000018,0.0010,0.0983,0.55,0.0015,0.0015,0.05,0.0003,0.05,,,,,,
2026-08-03 09:28:25,dbc5a335,SELL,MAKER,ENTRY,9938878.0,0.00100000,0,0.00,0,0.00,default,full_day,0.0022,0.000000,0.0004,0.2030,0.55,0.0015,0.0015,0.05,0.0003,0.05,,,,,,
2026-08-03 09:28:38,9646303b,BUY,MAKER,TAKE_PROFIT,9923969.683,0.00100000,0,14.91,12,-116.97,default,full_day,0.0156,0.000278,0.0079,0.5000,0.55,0.0015,0.0015,0.05,0.0003,0.05,,,,,,
2026-08-03 09:28:39,8df2572b,SELL,MAKER,ENTRY_PENDING,9923749.0,0.00100000,0,0.00,0,0.00,default,full_day,0.2011,0.000277,0.0503,0.2000,0.55,0.0015,0.0015,0.05,0.0003,0.05,,,,,,
2026-08-03 09:29:16,1042a03d,SELL,MAKER,CANCEL_ORDER,9923749.0,0.00100000,0,0.00,0,0.00,default,full_day,0.0050,0.000393,0.0020,0.4000,0.55,0.0015,0.0015,0.05,0.0003,0.05,,IMBALANCE_REVERSAL,,,,
2026-08-03 09:29:23,477db329,SELL,MAKER,ENTRY_PENDING,9913703.0,0.00100000,0,0.00,0,0.00,default,full_day,0.1065,0.000000,0.0338,0.2834,0.55,0.0015,0.0015,0.05,0.0003,0.05,,,,,,
2026-08-03 09:29:51,029b3a1b,SELL,MAKER,CANCEL_ORDER,9913703.0,0.00100000,0,0.00,0,0.00,default,full_day,0.0698,0.000000,0.0015,0.0200,0.55,0.0015,0.0015,0.05,0.0003,0.05,,ENTRY_DEVIATION,false,true,0.47,0.076687
2026-08-03 09:29:52,634f043a,SELL,MAKER,ENTRY_PENDING,9906100.0,0.00100000,0,0.00,0,0.00,default,full_day,0.0197,0.000000,0.0015,0.0748,0.55,0.0015,0.0015,0.05,0.0003,0.05,,,,,,
2026-08-03 09:30:27,03be6d87,SELL,MAKER,CANCEL_ORDER,9906100.0,0.00100000,0,0.00,0,0.00,default,full_day,0.8514,0.000000,1.3092,0.2285,0.55,0.0015,0.0015,0.05,0.0003,0.05,,IMBALANCE_REVERSAL,,,,
2026-08-03 09:30:29,d71e3b25,BUY,MAKER,ENTRY_PENDING,9900001.0,0.00100000,0,0.00,0,0.00,default,full_day,0.8270,0.000000,1.1929,0.2495,0.55,0.0015,0.0015,0.05,0.0003,0.05,,,,,,
2026-08-03 09:31:10,228110ca,BUY,MAKER,CANCEL_ORDER,9900001.0,0.00100000,0,0.00,0,0.00,default,full_day,0.4385,0.000000,0.2264,0.2899,0.55,0.0015,0.0015,0.05,0.0003,0.05,,IMBALANCE_REVERSAL,,,,
2026-08-03 09:31:12,3dec66fb,SELL,MAKER,ENTRY_PENDING,9900000.0,0.00100000,0,0.00,0,0.00,default,full_day,0.1751,0.000000,0.1134,0.5344,0.55,0.0015,0.0015,0.05,0.0003,0.05,,,,,,
2026-08-03 09:31:48,2929e6c9,SELL,MAKER,ENTRY,9900000.0,0.00100000,0,0.00,0,0.00,default,full_day,0.0105,0.000113,0.0100,0.9450,0.55,0.0015,0.0015,0.05,0.0003,0.05,,,,,,
2026-08-03 09:35:08,2e906ce6,BUY,MAKER,TAKE_PROFIT,9885150.0,0.00100000,0,14.85,199,-102.12,default,full_day,0.0025,0.000028,0.0010,0.3949,0.55,0.0015,0.0015,0.05,0.0003,0.05,,,,,,
2026-08-03 09:35:08,685e88ed,SELL,MAKER,ENTRY_PENDING,9885119.0,0.00100000,0,0.00,0,0.00,default,full_day,0.0025,0.000028,0.0010,0.3949,0.55,0.0015,0.0015,0.05,0.0003,0.05,,,,,,
2026-08-03 09:37:22,3f24a651,SELL,MAKER,CANCEL_ORDER,9885119.0,0.00100000,0,0.00,0,0.00,default,full_day,0.9827,0.000016,0.0506,0.0009,0.55,0.0015,0.0015,0.05,0.0003,0.05,,IMBALANCE_REVERSAL,,,,
2026-08-03 09:37:24,f0147264,BUY,MAKER,ENTRY_PENDING,9884150.0,0.00100000,0,0.00,0,0.00,default,full_day,0.9827,0.000001,0.0506,0.0009,0.55,0.0015,0.0015,0.05,0.0003,0.05,,,,,,
2026-08-03 09:37:25,407466c5,BUY,MAKER,ENTRY,9884150.0,0.00100000,0,0.00,0,0.00,default,full_day,0.9827,0.000001,0.0506,0.0009,0.55,0.0015,0.0015,0.05,0.0003,0.05,,,,,,
2026-08-03 09:40:58,d525435f,SELL,TAKER,STOP_LOSS,9867791.0,0.00100000,0,-16.36,212,-118.48,default,full_day,0.0011,0.000000,0.0004,0.3494,0.55,0.0015,0.0015,0.05,0.0003,0.05,,,,,,
2026-08-03 09:40:58,32bb74f8,SELL,MAKER,ENTRY_PENDING,9883000.0,0.00100000,0,0.00,0,0.00,default,full_day,0.0010,0.000000,0.0004,0.3739,0.55,0.0015,0.0015,0.05,0.0003,0.05,,,,,,
2026-08-03 09:40:58,cda12095,SELL,MAKER,CANCEL_ORDER,9883000.0,0.00100000,0,0.00,0,0.00,default,full_day,0.1845,0.000304,0.1186,0.5239,0.55,0.0015,0.0015,0.05,0.0003,0.05,,IMBALANCE_REVERSAL,,,,
2026-08-03 09:41:00,70069a29,BUY,MAKER,ENTRY_PENDING,9880001.0,0.00100000,0,0.00,0,0.00,default,full_day,0.9086,0.000001,0.0994,0.0100,0.55,0.0015,0.0015,0.05,0.0003,0.05,,,,,,
2026-08-03 09:41:03,867b2d78,BUY,MAKER,CANCEL_ORDER,9880001.0,0.00100000,0,0.00,0,0.00,default,full_day,0.2521,0.000000,0.0745,0.2209,0.55,0.0015,0.0015,0.05,0.0003,0.05,,IMBALANCE_REVERSAL,,,,
2026-08-03 09:41:06,4507bc46,SELL,MAKER,ENTRY_PENDING,9876543.0,0.00100000,0,0.00,0,0.00,default,full_day,0.2915,0.000000,0.0467,0.1134,0.55,0.0015,0.0015,0.05,0.0003,0.05,,,,,,
2026-08-03 09:41:10,5a73c927,SELL,MAKER,CANCEL_ORDER,9876543.0,0.00100000,0,0.00,0,0.00,default,full_day,0.7878,0.000000,0.9498,0.2559,0.55,0.0015,0.0015,0.05,0.0003,0.05,,IMBALANCE_REVERSAL,,,,
2026-08-03 09:41:12,6ef72b83,BUY,MAKER,ENTRY_PENDING,9875001.0,0.00100000,0,0.00,0,0.00,default,full_day,0.7701,0.000000,0.9497,0.2836,0.55,0.0015,0.0015,0.05,0.0003,0.05,,,,,,
2026-08-03 09:41:40,cb604c2e,BUY,MAKER,CANCEL_ORDER,9875001.0,0.00100000,0,0.00,0,0.00,default,full_day,0.0053,0.000409,0.0001,0.0279,0.55,0.0015,0.0015,0.05,0.0003,0.05,,IMBALANCE_REVERSAL,,,,
2026-08-03 09:41:47,c74d695a,SELL,MAKER,ENTRY_PENDING,9860479.0,0.00100000,0,0.00,0,0.00,default,full_day,0.0605,0.000049,0.0322,0.5000,0.55,0.0015,0.0015,0.05,0.0003,0.05,,,,,,
2026-08-03 09:43:00,e8758d22,SELL,MAKER,CANCEL_ORDER,9860479.0,0.00100000,0,0.00,0,0.00,default,full_day,0.8362,0.000517,0.0508,0.0100,0.55,0.0015,0.0015,0.05,0.0003,0.05,,IMBALANCE_REVERSAL,,,,
2026-08-03 09:43:05,4cd5a5ff,SELL,MAKER,ENTRY_PENDING,9864396.0,0.00100000,0,0.00,0,0.00,default,full_day,0.0012,0.000027,0.0001,0.0804,0.55,0.0015,0.0015,0.05,0.0003,0.05,,,,,,
2026-08-03 09:43:11,3486cf61,SELL,MAKER,CANCEL_ORDER,9864396.0,0.00100000,0,0.00,0,0.00,default,full_day,0.0060,0.000479,0.0001,0.0200,0.55,0.0015,0.0015,0.05,0.0003,0.05,,IMBALANCE_REVERSAL,,,,
2026-08-03 09:43:17,f45dd59f,SELL,MAKER,ENTRY_PENDING,9859415.0,0.00100000,0,0.00,0,0.00,default,full_day,0.2788,0.000000,0.0223,0.0577,0.55,0.0015,0.0015,0.05,0.0003,0.05,,,,,,
2026-08-03 09:43:47,7d8e4488,SELL,MAKER,CANCEL_ORDER,9859415.0,0.00100000,0,0.00,0,0.00,default,full_day,0.0011,0.000171,0.0001,0.1000,0.55,0.0015,0.0015,0.05,0.0003,0.05,,ENTRY_DEVIATION,false,true,0.50,0.082921
2026-08-03 09:43:48,dd68da60,SELL,MAKER,ENTRY_PENDING,9850959.0,0.00100000,0,0.00,0,0.00,default,full_day,0.0002,0.000057,0.0001,0.5000,0.55,0.0015,0.0015,0.05,0.0003,0.05,,,,,,
2026-08-03 09:44:15,a1a1f462,SELL,MAKER,CANCEL_ORDER,9850959.0,0.00100000,0,0.00,0,0.00,default,full_day,0.8836,0.000040,0.6130,0.0808,0.55,0.0015,0.0015,0.05,0.0003,0.05,,IMBALANCE_REVERSAL,,,,
2026-08-03 09:44:19,fed401a9,BUY,MAKER,ENTRY_PENDING,9837125.0,0.00100000,0,0.00,0,0.00,default,full_day,0.7224,0.000154,0.0718,0.0276,0.55,0.0015,0.0015,0.05,0.0003,0.05,,,,,,
2026-08-03 09:44:26,fd3e1657,BUY,MAKER,CANCEL_ORDER,9837125.0,0.00100000,0,0.00,0,0.00,default,full_day,0.4836,0.000154,0.0281,0.0300,0.55,0.0015,0.0015,0.05,0.0003,0.05,,IMBALANCE_REVERSAL,,,,
2026-08-03 09:44:29,c196a1c1,SELL,MAKER,ENTRY_PENDING,9838785.0,0.00100000,0,0.00,0,0.00,default,full_day,0.3506,0.000169,0.0281,0.0520,0.55,0.0015,0.0015,0.05,0.0003,0.05,,,,,,
2026-08-03 09:44:37,b6610e1a,SELL,MAKER,CANCEL_ORDER,9838785.0,0.00100000,0,0.00,0,0.00,default,full_day,0.6291,0.000169,0.0281,0.0166,0.55,0.0015,0.0015,0.05,0.0003,0.05,,IMBALANCE_REVERSAL,,,,
2026-08-03 09:44:42,82f049e3,SELL,MAKER,ENTRY_PENDING,9839199.0,0.00100000,0,0.00,0,0.00,default,full_day,0.0011,0.000192,0.0010,0.9000,0.55,0.0015,0.0015,0.05,0.0003,0.05,,,,,,
2026-08-03 09:45:50,b4a1da7c,SELL,MAKER,CANCEL_ORDER,9839199.0,0.00100000,0,0.00,0,0.00,default,full_day,0.0055,0.000688,0.0025,0.4536,0.55,0.0015,0.0015,0.05,0.0003,0.05,,IMBALANCE_REVERSAL,,,,
2026-08-03 09:45:57,eaae5367,SELL,MAKER,ENTRY_PENDING,9835144.0,0.00100000,0,0.00,0,0.00,default,full_day,0.0016,0.000116,0.0002,0.1229,0.55,0.0015,0.0015,0.05,0.0003,0.05,,,,,,
2026-08-03 09:46:22,dfad20bf,SELL,MAKER,CANCEL_ORDER,9835144.0,0.00100000,0,0.00,0,0.00,default,full_day,0.9987,0.000000,0.0151,0.0000,0.55,0.0015,0.0015,0.05,0.0003,0.05,,IMBALANCE_REVERSAL,,,,
2026-08-03 09:46:26,b270818e,BUY,MAKER,ENTRY_PENDING,9836400.0,0.00100000,0,0.00,0,0.00,default,full_day,0.7135,0.000114,0.0747,0.0300,0.55,0.0015,0.0015,0.05,0.0003,0.05,,,,,,
2026-08-03 09:46:32,ace82116,BUY,MAKER,CANCEL_ORDER,9836400.0,0.00100000,0,0.00,0,0.00,default,full_day,0.1457,0.000000,0.0396,0.2320,0.55,0.0015,0.0015,0.05,0.0003,0.05,,IMBALANCE_REVERSAL,,,,
2026-08-03 09:46:34,ee583127,SELL,MAKER,ENTRY_PENDING,9834159.0,0.00100000,0,0.00,0,0.00,default,full_day,0.1202,0.000000,0.0547,0.4000,0.55,0.0015,0.0015,0.05,0.0003,0.05,,,,,,
2026-08-03 09:46:37,99c22fe5,SELL,MAKER,CANCEL_ORDER,9834159.0,0.00100000,0,0.00,0,0.00,default,full_day,0.0312,0.000308,0.0010,0.0310,0.55,0.0015,0.0015,0.05,0.0003,0.05,,IMBALANCE_REVERSAL,,,,
2026-08-03 09:46:43,b0ca3376,SELL,MAKER,ENTRY_PENDING,9830799.0,0.00100000,0,0.00,0,0.00,default,full_day,0.0078,0.000000,0.0010,0.1264,0.55,0.0015,0.0015,0.05,0.0003,0.05,,,,,,
2026-08-03 09:46:51,70a0f9d4,SELL,MAKER,CANCEL_ORDER,9830799.0,0.00100000,0,0.00,0,0.00,default,full_day,0.9804,0.000152,0.0010,0.0000,0.55,0.0015,0.0015,0.05,0.0003,0.05,,IMBALANCE_REVERSAL,,,,
2026-08-03 09:46:56,2d282d0d,BUY,MAKER,ENTRY_PENDING,9831151.0,0.00100000,0,0.00,0,0.00,default,full_day,1.0000,0.000038,0.2000,0.0000,0.55,0.0015,0.0015,0.05,0.0003,0.05,,,,,,
2026-08-03 09:46:58,25acfda2,BUY,MAKER,CANCEL_ORDER,9831151.0,0.00100000,0,0.00,0,0.00,default,full_day,0.0058,0.000057,0.0110,1.8977,0.55,0.0015,0.0015,0.05,0.0003,0.05,,IMBALANCE_REVERSAL,,,,
2026-08-03 09:47:00,01556ce4,SELL,MAKER,ENTRY_PENDING,9833599.0,0.00100000,0,0.00,0,0.00,default,full_day,0.0007,0.000000,0.0010,1.3578,0.55,0.0015,0.0015,0.05,0.0003,0.05,,,,,,
2026-08-03 09:47:08,a0f07a6c,SELL,MAKER,CANCEL_ORDER,9833599.0,0.00100000,0,0.00,0,0.00,default,full_day,0.9901,0.000172,0.0010,0.0000,0.55,0.0015,0.0015,0.05,0.0003,0.05,,IMBALANCE_REVERSAL,,,,
2026-08-03 09:47:13,6690e3eb,SELL,MAKER,ENTRY_PENDING,9832399.0,0.00100000,0,0.00,0,0.00,default,full_day,0.0066,0.000239,0.0010,0.1500,0.55,0.0015,0.0015,0.05,0.0003,0.05,,,,,,
2026-08-03 09:47:17,b29641e5,SELL,MAKER,ENTRY,9832399.0,0.00100000,0,0.00,0,0.00,default,full_day,0.9997,0.000000,0.0585,0.0000,0.55,0.0015,0.0015,0.05,0.0003,0.05,,,,,,
2026-08-03 09:47:31,67a79ca3,BUY,TAKER,STOP_LOSS,9849144.0,0.00100000,0,-16.75,13,-135.23,default,full_day,0.9997,0.000114,0.0300,0.0000,0.55,0.0015,0.0015,0.05,0.0003,0.05,,,,,,
2026-08-03 09:47:31,c2a9b91b,BUY,MAKER,ENTRY_PENDING,9850958.0,0.00100000,0,0.00,0,0.00,default,full_day,0.9995,0.000000,0.0600,0.0000,0.55,0.0015,0.0015,0.05,0.0003,0.05,,,,,,
2026-08-03 09:47:31,10c09ecb,BUY,MAKER,CANCEL_ORDER,9850958.0,0.00100000,0,0.00,0,0.00,default,full_day,0.1309,0.000114,0.0595,0.3951,0.55,0.0015,0.0015,0.05,0.0003,0.05,,IMBALANCE_REVERSAL,,,,
2026-08-03 10:06:13,6767db69,BUY,MAKER,ENTRY_PENDING,9897051.0,0.00100000,0,0.00,0,0.00,default,full_day,0.9933,0.000152,0.1000,0.0007,0.55,0.0015,0.0015,0.05,0.0003,0.05,,,,,,
2026-08-03 10:06:22,d2fa0c64,BUY,MAKER,CANCEL_ORDER,9897051.0,0.00100000,0,0.00,0,0.00,default,full_day,0.1250,0.000013,0.0010,0.0070,0.55,0.0015,0.0015,0.05,0.0003,0.05,,IMBALANCE_REVERSAL,,,,
2026-08-03 10:06:24,2f446344,SELL,MAKER,ENTRY_PENDING,9894079.0,0.00100000,0,0.00,0,0.00,default,full_day,0.0007,0.000014,0.0010,1.4741,0.55,0.0015,0.0015,0.05,0.0003,0.05,,,,,,
2026-08-03 10:06:48,1a63236d,SELL,MAKER,CANCEL_ORDER,9894079.0,0.00100000,0,0.00,0,0.00,default,full_day,0.4891,0.000320,0.0029,0.0030,0.55,0.0015,0.0015,0.05,0.0003,0.05,,IMBALANCE_REVERSAL,,,,
2026-08-03 10:06:54,1dfea4f1,SELL,MAKER,ENTRY_PENDING,9883439.0,0.00100000,0,0.00,0,0.00,default,full_day,0.0749,0.000006,0.0809,1.0000,0.55,0.0015,0.0015,0.05,0.0003,0.05,,,,,,
2026-08-03 10:07:15,ddb1c16c,SELL,MAKER,CANCEL_ORDER,9883439.0,0.00100000,0,0.00,0,0.00,default,full_day,0.9878,0.000031,0.0810,0.0010,0.55,0.0015,0.0015,0.05,0.0003,0.05,,IMBALANCE_REVERSAL,,,,
2026-08-03 10:07:17,e4ecc902,BUY,MAKER,ENTRY_PENDING,9880606.0,0.00100000,0,0.00,0,0.00,default,full_day,0.9882,0.000031,0.0810,0.0010,0.55,0.0015,0.0015,0.05,0.0003,0.05,,,,,,
2026-08-03 10:07:41,5b1ef362,BUY,MAKER,CANCEL_ORDER,9880606.0,0.00100000,0,0.00,0,0.00,default,full_day,0.2445,0.000058,0.0010,0.0031,0.55,0.0015,0.0015,0.05,0.0003,0.05,,IMBALANCE_REVERSAL,,,,
2026-08-03 10:07:47,0c040005,SELL,MAKER,ENTRY_PENDING,9877279.0,0.00100000,0,0.00,0,0.00,default,full_day,0.0025,0.000051,0.0010,0.3955,0.55,0.0015,0.0015,0.05,0.0003,0.05,,,,,,
2026-08-03 10:07:53,c7e51f97,SELL,MAKER,CANCEL_ORDER,9877279.0,0.00100000,0,0.00,0,0.00,default,full_day,0.9819,0.000136,0.0543,0.0010,0.55,0.0015,0.0015,0.05,0.0003,0.05,,IMBALANCE_REVERSAL,,,,
2026-08-03 10:07:55,39abe5be,BUY,MAKER,ENTRY_PENDING,9874468.0,0.00100000,0,0.00,0,0.00,default,full_day,0.6441,0.000136,0.0543,0.0300,0.55,0.0015,0.0015,0.05,0.0003,0.05,,,,,,
2026-08-03 10:07:59,84a47efa,BUY,MAKER,CANCEL_ORDER,9874468.0,0.00100000,0,0.00,0,0.00,default,full_day,0.0066,0.000149,0.0040,0.6000,0.55,0.0015,0.0015,0.05,0.0003,0.05,,IMBALANCE_REVERSAL,,,,
2026-08-03 10:08:02,80c64241,SELL,MAKER,ENTRY_PENDING,9876719.0,0.00100000,0,0.00,0,0.00,default,full_day,0.0651,0.000092,0.0862,1.2374,0.55,0.0015,0.0015,0.05,0.0003,0.05,,,,,,
2026-08-03 10:08:12,e72e9431,SELL,MAKER,CANCEL_ORDER,9876719.0,0.00100000,0,0.00,0,0.00,default,full_day,0.8368,0.000000,0.1000,0.0195,0.55,0.0015,0.0015,0.05,0.0003,0.05,,IMBALANCE_REVERSAL,,,,
2026-08-03 10:08:14,5124f04b,BUY,MAKER,ENTRY_PENDING,9875001.0,0.00100000,0,0.00,0,0.00,default,full_day,0.7093,0.000000,0.1000,0.0410,0.55,0.0015,0.0015,0.05,0.0003,0.05,,,,,,
2026-08-03 10:08:41,f43e86bc,BUY,MAKER,CANCEL_ORDER,9875001.0,0.00100000,0,0.00,0,0.00,default,full_day,0.4796,0.000000,0.0833,0.0904,0.55,0.0015,0.0015,0.05,0.0003,0.05,,IMBALANCE_REVERSAL,,,,
2026-08-03 10:08:54,e5070485,SELL,MAKER,ENTRY_PENDING,9875000.0,0.00100000,0,0.00,0,0.00,default,full_day,0.3476,0.000000,0.0748,0.1404,0.55,0.0015,0.0015,0.05,0.0003,0.05,,,,,,
2026-08-03 10:09:05,175b4478,SELL,MAKER,CANCEL_ORDER,9875000.0,0.00100000,0,0.00,0,0.00,default,full_day,0.5307,0.000000,0.0683,0.0604,0.55,0.0015,0.0015,0.05,0.0003,0.05,,IMBALANCE_REVERSAL,,,,
2026-08-03 10:09:11,b314a14a,SELL,MAKER,ENTRY_PENDING,9875000.0,0.00100000,0,0.00,0,0.00,default,full_day,0.3365,0.000000,0.0560,0.1104,0.55,0.0015,0.0015,0.05,0.0003,0.05,,,,,,
2026-08-03 10:09:25,27fc54e0,SELL,MAKER,CANCEL_ORDER,9875000.0,0.00100000,0,0.00,0,0.00,default,full_day,0.5550,0.000061,0.0510,0.0409,0.55,0.0015,0.0015,0.05,0.0003,0.05,,IMBALANCE_REVERSAL,,,,
2026-08-03 10:09:27,dd4fecb0,BUY,MAKER,ENTRY_PENDING,9875599.0,0.00100000,0,0.00,0,0.00,default,full_day,0.5705,0.000000,0.0543,0.0409,0.55,0.0015,0.0015,0.05,0.0003,0.05,,,,,,
2026-08-03 10:09:33,6ccd7dbe,BUY,MAKER,CANCEL_ORDER,9875599.0,0.00100000,0,0.00,0,0.00,default,full_day,0.0919,0.000000,0.0506,0.5000,0.55,0.0015,0.0015,0.05,0.0003,0.05,,IMBALANCE_REVERSAL,,,,
2026-08-03 10:09:35,dbdf4e84,SELL,MAKER,ENTRY_PENDING,9875599.0,0.00100000,0,0.00,0,0.00,default,full_day,0.1684,0.000000,0.1013,0.5000,0.55,0.0015,0.0015,0.05,0.0003,0.05,,,,,,
2026-08-03 10:10:03,9a9c8e01,SELL,MAKER,CANCEL_ORDER,9875599.0,0.00100000,0,0.00,0,0.00,default,full_day,0.5533,0.000064,0.0506,0.0409,0.55,0.0015,0.0015,0.05,0.0003,0.05,,IMBALANCE_REVERSAL,,,,
2026-08-03 10:10:05,1e7fb9c0,BUY,MAKER,ENTRY_PENDING,9875002.0,0.00100000,0,0.00,0,0.00,default,full_day,0.5533,0.000064,0.0506,0.0409,0.55,0.0015,0.0015,0.05,0.0003,0.05,,,,,,
2026-08-03 10:10:11,11d1d338,BUY,MAKER,CANCEL_ORDER,9875002.0,0.00100000,0,0.00,0,0.00,default,full_day,0.3488,0.000006,0.0219,0.0409,0.55,0.0015,0.0015,0.05,0.0003,0.05,,IMBALANCE_REVERSAL,,,,
2026-08-03 10:10:13,2b748fcf,SELL,MAKER,ENTRY_PENDING,9876719.0,0.00100000,0,0.00,0,0.00,default,full_day,0.0020,0.000038,0.0010,0.4950,0.55,0.0015,0.0015,0.05,0.0003,0.05,,,,,,
2026-08-03 10:10:20,7b41d9a9,SELL,MAKER,ENTRY,9876719.0,0.00100000,0,0.00,0,0.00,default,full_day,0.2614,0.000000,0.2609,0.7372,0.55,0.0015,0.0015,0.05,0.0003,0.05,,,,,,
2026-08-03 10:13:52,9c3f5a6e,BUY,MAKER,TAKE_PROFIT,9861903.921500001,0.00100000,0,14.82,211,-120.41,default,full_day,0.0403,0.000065,0.0210,0.5000,0.55,0.0015,0.0015,0.05,0.0003,0.05,,,,,,
2026-08-03 10:13:52,2a3187de,SELL,MAKER,ENTRY_PENDING,9861039.0,0.00100000,0,0.00,0,0.00,default,full_day,0.0403,0.000065,0.0210,0.5000,0.55,0.0015,0.0015,0.05,0.0003,0.05,,,,,,
2026-08-03 10:13:55,246d14da,SELL,MAKER,CANCEL_ORDER,9861039.0,0.00100000,0,0.00,0,0.00,default,full_day,0.3584,0.000312,0.0210,0.0376,0.55,0.0015,0.0015,0.05,0.0003,0.05,,IMBALANCE_REVERSAL,,,,
2026-08-03 10:13:57,dba9bcc0,BUY,MAKER,ENTRY_PENDING,9858204.0,0.00100000,0,0.00,0,0.00,default,full_day,0.5827,0.000288,0.0525,0.0376,0.55,0.0015,0.0015,0.05,0.0003,0.05,,,,,,
2026-08-03 10:13:58,91b389b3,BUY,MAKER,CANCEL_ORDER,9858204.0,0.00100000,0,0.00,0,0.00,default,full_day,0.0107,0.000420,0.0001,0.0111,0.55,0.0015,0.0015,0.05,0.0003,0.05,,IMBALANCE_REVERSAL,,,,
2026-08-03 10:14:06,05d8710f,SELL,MAKER,ENTRY_PENDING,9860799.0,0.00100000,0,0.00,0,0.00,default,full_day,0.0089,0.000081,0.0010,0.1111,0.55,0.0015,0.0015,0.05,0.0003,0.05,,,,,,
2026-08-03 10:14:36,c26f654f,SELL,MAKER,CANCEL_ORDER,9860799.0,0.00100000,0,0.00,0,0.00,default,full_day,0.6283,0.000143,0.0507,0.0300,0.55,0.0015,0.0015,0.05,0.0003,0.05,,IMBALANCE_REVERSAL,,,,
2026-08-03 10:14:42,d61eff94,BUY,MAKER,ENTRY_PENDING,9860181.0,0.00100000,0,0.00,0,0.00,default,full_day,0.6283,0.000143,0.0507,0.0300,0.55,0.0015,0.0015,0.05,0.0003,0.05,,,,,,
2026-08-03 10:14:55,6387f915,BUY,MAKER,CANCEL_ORDER,9860181.0,0.00100000,0,0.00,0,0.00,default,full_day,0.0323,0.000039,0.0010,0.0300,0.55,0.0015,0.0015,0.05,0.0003,0.05,,IMBALANCE_REVERSAL,,,,
2026-08-03 10:14:57,fadb91f7,SELL,MAKER,ENTRY_PENDING,9863279.0,0.00100000,0,0.00,0,0.00,default,full_day,0.1686,0.000098,0.1014,0.5000,0.55,0.0015,0.0015,0.05,0.0003,0.05,,,,,,
2026-08-03 10:15:19,809c3966,SELL,MAKER,CANCEL_ORDER,9863279.0,0.00100000,0,0.00,0,0.00,default,full_day,0.6364,0.000352,0.0525,0.0300,0.55,0.0015,0.0015,0.05,0.0003,0.05,,IMBALANCE_REVERSAL,,,,
2026-08-03 10:15:36,b65b8004,SELL,MAKER,ENTRY_PENDING,9865898.0,0.00100000,0,0.00,0,0.00,default,full_day,0.0006,0.000039,0.0001,0.0794,0.55,0.0015,0.0015,0.05,0.0003,0.05,,,,,,
2026-08-03 10:16:05,469533da,SELL,MAKER,CANCEL_ORDER,9865898.0,0.00100000,0,0.00,0,0.00,default,full_day,0.7733,0.000000,0.1024,0.0300,0.55,0.0015,0.0015,0.05,0.0003,0.05,,IMBALANCE_REVERSAL,,,,
2026-08-03 10:16:11,18b84caf,SELL,MAKER,ENTRY_PENDING,9869439.0,0.00100000,0,0.00,0,0.00,default,full_day,0.0909,0.000113,0.0100,0.1000,0.55,0.0015,0.0015,0.05,0.0003,0.05,,,,,,
2026-08-03 10:16:14,13f4e6b8,SELL,MAKER,CANCEL_ORDER,9869439.0,0.00100000,0,0.00,0,0.00,default,full_day,0.7614,0.000000,0.3191,0.1000,0.55,0.0015,0.0015,0.05,0.0003,0.05,,IMBALANCE_REVERSAL,,,,
2026-08-03 10:16:16,cd47f950,BUY,MAKER,ENTRY_PENDING,9869440.0,0.00100000,0,0.00,0,0.00,default,full_day,0.7871,0.000000,0.3698,0.1000,0.55,0.0015,0.0015,0.05,0.0003,0.05,,,,,,
2026-08-03 10:16:37,06e18d73,BUY,MAKER,CANCEL_ORDER,9869440.0,0.00100000,0,0.00,0,0.00,default,full_day,0.0621,0.000000,0.0265,0.4000,0.55,0.0015,0.0015,0.05,0.0003,0.05,,IMBALANCE_REVERSAL,,,,
2026-08-03 10:16:40,ee167827,SELL,MAKER,ENTRY_PENDING,9871119.0,0.00100000,0,0.00,0,0.00,default,full_day,0.0025,0.000000,0.0010,0.4000,0.55,0.0015,0.0015,0.05,0.0003,0.05,,,,,,
2026-08-03 10:16:44,c343bddd,SELL,MAKER,CANCEL_ORDER,9871119.0,0.00100000,0,0.00,0,0.00,default,full_day,0.5057,0.000000,0.1023,0.1000,0.55,0.0015,0.0015,0.05,0.0003,0.05,,IMBALANCE_REVERSAL,,,,
2026-08-03 10:16:49,0ce396b0,SELL,MAKER,ENTRY_PENDING,9872239.0,0.00100000,0,0.00,0,0.00,default,full_day,0.4218,0.000000,0.3648,0.5000,0.55,0.0015,0.0015,0.05,0.0003,0.05,,,,,,
2026-08-03 10:17:07,7cec26c4,SELL,MAKER,CANCEL_ORDER,9872239.0,0.00100000,0,0.00,0,0.00,default,full_day,0.6364,0.000233,0.0525,0.0300,0.55,0.0015,0.0015,0.05,0.0003,0.05,,IMBALANCE_REVERSAL,,,,
2026-08-03 10:17:25,62af3fba,SELL,MAKER,ENTRY_PENDING,9873919.0,0.00100000,0,0.00,0,0.00,default,full_day,0.0950,0.000233,0.0525,0.5000,0.55,0.0015,0.0015,0.05,0.0003,0.05,,,,,,
2026-08-03 10:18:13,21cedaa6,SELL,MAKER,CANCEL_ORDER,9873919.0,0.00100000,0,0.00,0,0.00,default,full_day,0.0017,0.000908,0.0001,0.0300,0.55,0.0015,0.0015,0.05,0.0003,0.05,,IMBALANCE_REVERSAL,,,,
2026-08-03 10:18:20,b797ddcd,SELL,MAKER,ENTRY_PENDING,9871948.0,0.00100000,0,0.00,0,0.00,default,full_day,0.0075,0.000197,0.0010,0.1320,0.55,0.0015,0.0015,0.05,0.0003,0.05,,,,,,
2026-08-03 10:20:28,5c64ff35,SELL,MAKER,CANCEL_ORDER,9871948.0,0.00100000,0,0.00,0,0.00,default,full_day,0.0453,0.000204,0.0475,1.0000,0.55,0.0015,0.0015,0.05,0.0003,0.05,,ENTRY_DEVIATION,false,true,2.13,0.075330
2026-08-03 10:20:28,b0bc12d7,SELL,MAKER,ENTRY_PENDING,9865519.0,0.00100000,0,0.00,0,0.00,default,full_day,0.0482,0.000204,0.0506,1.0000,0.55,0.0015,0.0015,0.05,0.0003,0.05,,,,,,
2026-08-03 10:21:06,e392dd2f,SELL,MAKER,CANCEL_ORDER,9865519.0,0.00100000,0,0.00,0,0.00,default,full_day,0.2545,0.000458,0.0300,0.0879,0.55,0.0015,0.0015,0.05,0.0003,0.05,,IMBALANCE_REVERSAL,,,,
2026-08-03 10:21:12,dea45c05,SELL,MAKER,ENTRY_PENDING,9865000.0,0.00100000,0,0.00,0,0.00,default,full_day,0.0053,0.000000,0.0004,0.0825,0.55,0.0015,0.0015,0.05,0.0003,0.05,,,,,,
2026-08-03 10:21:55,ba517c4c,SELL,MAKER,ENTRY,9865000.0,0.00100000,0,0.00,0,0.00,default,full_day,0.0026,0.000114,0.0010,0.3809,0.55,0.0015,0.0015,0.05,0.0003,0.05,,,,,,
2026-08-03 11:06:02,1ef360a1,BUY,TAKER,STOP_LOSS,9879855.0,0.00100000,0,-14.86,2646,-135.27,default,full_day,0.2606,0.000000,0.1763,0.5000,0.55,0.0015,0.0015,0.05,0.0003,0.05,,,,,,
2026-08-03 11:06:03,fa78638b,SELL,MAKER,ENTRY_PENDING,9881199.0,0.00100000,0,0.00,0,0.00,default,full_day,0.2606,0.000000,0.1763,0.5000,0.55,0.0015,0.0015,0.05,0.0003,0.05,,,,,,
2026-08-03 11:07:42,879b1830,SELL,MAKER,CANCEL_ORDER,9881199.0,0.00100000,0,0.00,0,0.00,default,full_day,0.9210,0.000135,0.1167,0.0100,0.55,0.0015,0.0015,0.05,0.0003,0.05,,IMBALANCE_REVERSAL,,,,
2026-08-03 11:07:44,e37d53b3,BUY,MAKER,ENTRY_PENDING,9878251.0,0.00100000,0,0.00,0,0.00,default,full_day,0.9210,0.000008,0.1167,0.0100,0.55,0.0015,0.0015,0.05,0.0003,0.05,,,,,,
2026-08-03 11:08:04,19e905f1,BUY,MAKER,CANCEL_ORDER,9878251.0,0.00100000,0,0.00,0,0.00,default,full_day,0.4970,0.000000,0.1247,0.1262,0.55,0.0015,0.0015,0.05,0.0003,0.05,,IMBALANCE_REVERSAL,,,,
2026-08-03 11:08:06,9593f720,SELL,MAKER,ENTRY_PENDING,9878959.0,0.00100000,0,0.00,0,0.00,default,full_day,0.1114,0.000072,0.1751,1.3960,0.55,0.0015,0.0015,0.05,0.0003,0.05,,,,,,
2026-08-03 11:08:13,74d2ec53,SELL,MAKER,ENTRY,9878959.0,0.00100000,0,0.00,0,0.00,default,full_day,0.1073,0.000057,0.1167,0.9709,0.55,0.0015,0.0015,0.05,0.0003,0.05,,,,,,
2026-08-03 12:33:11,2a77e9b9,BUY,MAKER,TAKE_PROFIT,9864140.5615,0.00100000,0,14.82,5098,-120.45,default,full_day,0.0040,0.000038,0.0020,0.5000,0.55,0.0015,0.0015,0.05,0.0003,0.05,,,,,,
2026-08-03 12:33:12,49648edc,SELL,MAKER,ENTRY_PENDING,9861599.0,0.00100000,0,0.00,0,0.00,default,full_day,0.1892,0.000030,0.1167,0.5000,0.55,0.0015,0.0015,0.05,0.0003,0.05,,,,,,
2026-08-03 12:33:33,2419a598,SELL,MAKER,CANCEL_ORDER,9861599.0,0.00100000,0,0.00,0,0.00,default,full_day,0.9210,0.000117,0.1167,0.0100,0.55,0.0015,0.0015,0.05,0.0003,0.05,,IMBALANCE_REVERSAL,,,,
2026-08-03 12:33:36,432f9f15,BUY,MAKER,ENTRY_PENDING,9861551.0,0.00100000,0,0.00,0,0.00,default,full_day,0.9960,0.000087,0.1167,0.0005,0.55,0.0015,0.0015,0.05,0.0003,0.05,,,,,,
2026-08-03 12:33:44,c303cea8,BUY,MAKER,CANCEL_ORDER,9861551.0,0.00100000,0,0.00,0,0.00,default,full_day,0.2013,0.000120,0.1000,0.3968,0.55,0.0015,0.0015,0.05,0.0003,0.05,,IMBALANCE_REVERSAL,,,,
2026-08-03 12:33:46,f24b48d6,SELL,MAKER,ENTRY_PENDING,9863279.0,0.00100000,0,0.00,0,0.00,default,full_day,0.0403,0.000115,0.0167,0.3968,0.55,0.0015,0.0015,0.05,0.0003,0.05,,,,,,
2026-08-03 12:34:07,ce0aaf0c,SELL,MAKER,ENTRY,9863279.0,0.00100000,0,0.00,0,0.00,default,full_day,0.0271,0.000057,0.0250,0.8968,0.55,0.0015,0.0015,0.05,0.0003,0.05,,,,,,
2026-08-03 12:46:35,95910871,BUY,MAKER,TAKE_PROFIT,9848484.081500001,0.00100000,0,14.79,748,-105.65,default,full_day,0.0448,0.000047,0.0234,0.5000,0.55,0.0015,0.0015,0.05,0.0003,0.05,,,,,,
2026-08-03 12:46:35,ff3c16ad,SELL,MAKER,ENTRY_PENDING,9843679.0,0.00100000,0,0.00,0,0.00,default,full_day,0.0515,0.000058,0.0272,0.5000,0.55,0.0015,0.0015,0.05,0.0003,0.05,,,,,,
2026-08-03 12:46:37,1c015edb,SELL,MAKER,CANCEL_ORDER,9843679.0,0.00100000,0,0.00,0,0.00,default,full_day,0.7738,0.000574,0.0393,0.0115,0.55,0.0015,0.0015,0.05,0.0003,0.05,,IMBALANCE_REVERSAL,,,,
2026-08-03 12:46:45,42759029,SELL,MAKER,ENTRY_PENDING,9840000.0,0.00100000,0,0.00,0,0.00,default,full_day,0.0101,0.000033,0.0009,0.0919,0.55,0.0015,0.0015,0.05,0.0003,0.05,,,,,,
2026-08-03 12:46:49,7a0648fc,SELL,MAKER,CANCEL_ORDER,9840000.0,0.00100000,0,0.00,0,0.00,default,full_day,0.1681,0.000421,0.0106,0.0524,0.55,0.0015,0.0015,0.05,0.0003,0.05,,IMBALANCE_REVERSAL,,,,
2026-08-03 12:46:53,4970d0b8,BUY,MAKER,ENTRY_PENDING,9825001.0,0.00100000,0,0.00,0,0.00,default,full_day,0.7123,0.000248,0.9905,0.4000,0.55,0.0015,0.0015,0.05,0.0003,0.05,,,,,,
2026-08-03 12:46:55,3b8be002,BUY,MAKER,CANCEL_ORDER,9825001.0,0.00100000,0,0.00,0,0.00,default,full_day,0.0981,0.000007,0.0260,0.2390,0.55,0.0015,0.0015,0.05,0.0003,0.05,,IMBALANCE_REVERSAL,,,,
2026-08-03 12:46:57,ca148561,SELL,MAKER,ENTRY_PENDING,9825758.0,0.00100000,0,0.00,0,0.00,default,full_day,0.2533,0.000057,0.0509,0.1500,0.55,0.0015,0.0015,0.05,0.0003,0.05,,,,,,
2026-08-03 12:47:02,bec4c8b0,SELL,MAKER,ENTRY,9825758.0,0.00100000,0,0.00,0,0.00,default,full_day,0.5783,0.000116,0.0509,0.0371,0.55,0.0015,0.0015,0.05,0.0003,0.05,,,,,,
2026-08-03 12:50:35,329feca2,BUY,TAKER,STOP_LOSS,9841187.0,0.00100000,0,-15.43,213,-121.08,default,full_day,0.1281,0.000091,0.0040,0.0272,0.55,0.0015,0.0015,0.05,0.0003,0.05,,,,,,
2026-08-03 12:50:36,23d0cc29,BUY,MAKER,ENTRY_PENDING,9841151.0,0.00100000,0,0.00,0,0.00,default,full_day,0.8108,0.000086,0.1167,0.0272,0.55,0.0015,0.0015,0.05,0.0003,0.05,,,,,,
2026-08-03 12:50:37,599be097,BUY,MAKER,CANCEL_ORDER,9841151.0,0.00100000,0,0.00,0,0.00,default,full_day,0.1289,0.000086,0.0040,0.0270,0.55,0.0015,0.0015,0.05,0.0003,0.05,,IMBALANCE_REVERSAL,,,,
2026-08-03 12:50:42,5f2b8aca,BUY,MAKER,ENTRY_PENDING,9842000.0,0.00100000,0,0.00,0,0.00,default,full_day,0.6916,0.000000,0.0573,0.0256,0.55,0.0015,0.0015,0.05,0.0003,0.05,,,,,,
2026-08-03 12:50:43,ff2c9f67,BUY,MAKER,ENTRY,9842000.0,0.00100000,0,0.00,0,0.00,default,full_day,0.9731,0.000000,0.2756,0.0076,0.55,0.0015,0.0015,0.05,0.0003,0.05,,,,,,
2026-08-03 13:00:02,f407e2ba,SELL,TAKER,STOP_LOSS,9825024.0,0.00100000,0,-16.98,558,-138.06,default,full_day,0.6895,0.000000,0.1952,0.0879,0.55,0.0015,0.0015,0.05,0.0003,0.05,,,,,,
2026-08-03 13:00:19,20446011,SELL,MAKER,ENTRY_PENDING,9835000.0,0.00100000,0,0.00,0,0.00,default,full_day,0.4112,0.000000,0.1893,0.2710,0.55,0.0015,0.0015,0.05,0.0003,0.05,,,,,,
2026-08-03 13:00:19,1df45c38,SELL,MAKER,CANCEL_ORDER,9835000.0,0.00100000,0,0.00,0,0.00,default,full_day,0.0460,0.000836,0.0203,0.4200,0.55,0.0015,0.0015,0.05,0.0003,0.05,,IMBALANCE_REVERSAL,,,,
2026-08-03 13:00:21,c56e4066,BUY,MAKER,ENTRY_PENDING,9828000.0,0.00100000,0,0.00,0,0.00,default,full_day,0.5556,0.000000,0.2985,0.2388,0.55,0.0015,0.0015,0.05,0.0003,0.05,,,,,,
2026-08-03 13:00:26,8bbcbdb1,BUY,MAKER,CANCEL_ORDER,9828000.0,0.00100000,0,0.00,0,0.00,default,full_day,0.0011,0.000000,0.0010,0.8981,0.55,0.0015,0.0015,0.05,0.0003,0.05,,IMBALANCE_REVERSAL,,,,
2026-08-03 13:00:28,b5f5a3b1,SELL,MAKER,ENTRY_PENDING,9831359.0,0.00100000,0,0.00,0,0.00,default,full_day,0.0013,0.000000,0.0010,0.7488,0.55,0.0015,0.0015,0.05,0.0003,0.05,,,,,,
2026-08-03 13:00:40,edc74530,SELL,MAKER,ENTRY,9831359.0,0.00100000,0,0.00,0,0.00,default,full_day,0.2660,0.000000,0.2274,0.6273,0.55,0.0015,0.0015,0.05,0.0003,0.05,,,,,,
2026-08-03 13:23:31,ff342cfd,BUY,TAKER,STOP_LOSS,9846587.0,0.00100000,0,-15.23,1371,-153.29,default,full_day,0.9988,0.000000,0.3324,0.0004,0.55,0.0015,0.0015,0.05,0.0003,0.05,,,,,,
2026-08-03 13:23:31,858e6159,BUY,MAKER,ENTRY_PENDING,9847804.0,0.00100000,0,0.00,0,0.00,default,full_day,0.9988,0.000000,0.3324,0.0004,0.55,0.0015,0.0015,0.05,0.0003,0.05,,,,,,
2026-08-03 13:25:57,64bfa532,BUY,MAKER,CANCEL_ORDER,9847804.0,0.00100000,0,0.00,0,0.00,default,full_day,0.0494,0.000089,0.0260,0.5000,0.55,0.0015,0.0015,0.05,0.0003,0.05,,IMBALANCE_REVERSAL,,,,
2026-08-03 13:25:59,9cf806db,SELL,MAKER,ENTRY_PENDING,9849839.0,0.00100000,0,0.00,0,0.00,default,full_day,0.0020,0.000038,0.0010,0.5000,0.55,0.0015,0.0015,0.05,0.0003,0.05,,,,,,
2026-08-03 13:29:16,144a09ae,SELL,MAKER,CANCEL_ORDER,9849839.0,0.00100000,0,0.00,0,0.00,default,full_day,0.9823,0.000000,0.1108,0.0020,0.55,0.0015,0.0015,0.05,0.0003,0.05,,IMBALANCE_REVERSAL,,,,
2026-08-03 13:29:21,c56b7e82,SELL,MAKER,ENTRY_PENDING,9852639.0,0.00100000,0,0.00,0,0.00,default,full_day,0.0020,0.000000,0.0010,0.5020,0.55,0.0015,0.0015,0.05,0.0003,0.05,,,,,,
2026-08-03 13:30:24,65635e43,SELL,MAKER,CANCEL_ORDER,9852639.0,0.00100000,0,0.00,0,0.00,default,full_day,0.9813,0.000000,0.1025,0.0019,0.55,0.0015,0.0015,0.05,0.0003,0.05,,IMBALANCE_REVERSAL,,,,
2026-08-03 13:30:26,116be685,BUY,MAKER,ENTRY_PENDING,9852640.0,0.00100000,0,0.00,0,0.00,default,full_day,0.9813,0.000000,0.1025,0.0019,0.55,0.0015,0.0015,0.05,0.0003,0.05,,,,,,
2026-08-03 13:30:53,4b4334e2,BUY,MAKER,CANCEL_ORDER,9852640.0,0.00100000,0,0.00,0,0.00,default,full_day,0.0654,0.000000,0.0350,0.5000,0.55,0.0015,0.0015,0.05,0.0003,0.05,,IMBALANCE_REVERSAL,,,,
2026-08-03 13:30:59,18461f70,BUY,MAKER,ENTRY_PENDING,9851610.0,0.00100000,0,0.00,0,0.00,default,full_day,0.8803,0.000000,0.0508,0.0069,0.55,0.0015,0.0015,0.05,0.0003,0.05,,,,,,
2026-08-03 13:31:09,ac4e3eb7,BUY,MAKER,CANCEL_ORDER,9851610.0,0.00100000,0,0.00,0,0.00,default,full_day,0.0552,0.000094,0.0004,0.0069,0.55,0.0015,0.0015,0.05,0.0003,0.05,,IMBALANCE_REVERSAL,,,,
2026-08-03 13:31:18,66ea86ea,BUY,MAKER,ENTRY_PENDING,9850689.0,0.00100000,0,0.00,0,0.00,default,full_day,0.9811,0.000094,0.3560,0.0069,0.55,0.0015,0.0015,0.05,0.0003,0.05,,,,,,
2026-08-03 13:32:22,3f5fa10b,BUY,MAKER,CANCEL_ORDER,9850689.0,0.00100000,0,0.00,0,0.00,default,full_day,0.1764,0.000087,0.1071,0.5000,0.55,0.0015,0.0015,0.05,0.0003,0.05,,IMBALANCE_REVERSAL,,,,
2026-08-03 13:32:28,2b662633,SELL,MAKER,ENTRY_PENDING,9853199.0,0.00100000,0,0.00,0,0.00,default,full_day,0.0921,0.000020,0.0508,0.5000,0.55,0.0015,0.0015,0.05,0.0003,0.05,,,,,,
2026-08-03 13:32:32,c755198b,SELL,MAKER,CANCEL_ORDER,9853199.0,0.00100000,0,0.00,0,0.00,default,full_day,0.9235,0.000139,0.0507,0.0042,0.55,0.0015,0.0015,0.05,0.0003,0.05,,IMBALANCE_REVERSAL,,,,
2026-08-03 13:32:41,b03c7fe2,SELL,MAKER,ENTRY_PENDING,9853759.0,0.00100000,0,0.00,0,0.00,default,full_day,0.3366,0.000052,0.0507,0.1000,0.55,0.0015,0.0015,0.05,0.0003,0.05,,,,,,
2026-08-03 13:32:52,4f38984d,SELL,MAKER,CANCEL_ORDER,9853759.0,0.00100000,0,0.00,0,0.00,default,full_day,0.9159,0.000000,0.0457,0.0042,0.55,0.0015,0.0015,0.05,0.0003,0.05,,IMBALANCE_REVERSAL,,,,
2026-08-03 13:33:03,17bc7006,SELL,MAKER,ENTRY_PENDING,9853759.0,0.00100000,0,0.00,0,0.00,default,full_day,0.3818,0.000047,0.0458,0.0742,0.55,0.0015,0.0015,0.05,0.0003,0.05,,,,,,
2026-08-03 13:33:12,92e917e5,SELL,MAKER,CANCEL_ORDER,9853759.0,0.00100000,0,0.00,0,0.00,default,full_day,0.9786,0.000055,0.0457,0.0010,0.55,0.0015,0.0015,0.05,0.0003,0.05,,IMBALANCE_REVERSAL,,,,
2026-08-03 13:33:18,87e56887,SELL,MAKER,ENTRY_PENDING,9854318.0,0.00100000,0,0.00,0,0.00,default,full_day,0.0020,0.000103,0.0001,0.0508,0.55,0.0015,0.0015,0.05,0.0003,0.05,,,,,,
2026-08-03 13:34:28,7a062d6c,SELL,MAKER,CANCEL_ORDER,9854318.0,0.00100000,0,0.00,0,0.00,default,full_day,0.9908,0.000184,0.1077,0.0010,0.55,0.0015,0.0015,0.05,0.0003,0.05,,IMBALANCE_REVERSAL,,,,
2026-08-03 13:34:35,e6ab7365,SELL,MAKER,ENTRY_PENDING,9854319.0,0.00100000,0,0.00,0,0.00,default,full_day,0.0099,0.000134,0.0010,0.1000,0.55,0.0015,0.0015,0.05,0.0003,0.05,,,,,,
2026-08-03 13:40:43,15eb9574,SELL,MAKER,CANCEL_ORDER,9854319.0,0.00100000,0,0.00,0,0.00,default,full_day,0.7835,0.000000,0.1357,0.0375,0.55,0.0015,0.0015,0.05,0.0003,0.05,,IMBALANCE_REVERSAL,,,,
2026-08-03 13:40:45,e4e86da1,BUY,MAKER,ENTRY_PENDING,9848608.0,0.00100000,0,0.00,0,0.00,default,full_day,0.7835,0.000000,0.1357,0.0375,0.55,0.0015,0.0015,0.05,0.0003,0.05,,,,,,
2026-08-03 13:41:54,0b5ec05a,BUY,MAKER,CANCEL_ORDER,9848608.0,0.00100000,0,0.00,0,0.00,default,full_day,0.0189,0.000049,0.0002,0.0088,0.55,0.0015,0.0015,0.05,0.0003,0.05,,IMBALANCE_REVERSAL,,,,
2026-08-03 13:41:57,0afa2acb,SELL,MAKER,ENTRY_PENDING,9851519.0,0.00100000,0,0.00,0,0.00,default,full_day,0.0494,0.000003,0.0468,0.9000,0.55,0.0015,0.0015,0.05,0.0003,0.05,,,,,,
2026-08-03 13:42:17,d51be185,SELL,MAKER,CANCEL_ORDER,9851519.0,0.00100000,0,0.00,0,0.00,default,full_day,0.0189,0.000402,0.0002,0.0088,0.55,0.0015,0.0015,0.05,0.0003,0.05,,IMBALANCE_REVERSAL,,,,
2026-08-03 13:42:19,900385a8,BUY,MAKER,ENTRY_PENDING,9847716.0,0.00100000,0,0.00,0,0.00,default,full_day,0.9749,0.000265,0.3425,0.0088,0.55,0.0015,0.0015,0.05,0.0003,0.05,,,,,,
2026-08-03 13:42:42,fddd7dc2,BUY,MAKER,CANCEL_ORDER,9847716.0,0.00100000,0,0.00,0,0.00,default,full_day,0.0213,0.000154,0.0002,0.0078,0.55,0.0015,0.0015,0.05,0.0003,0.05,,IMBALANCE_REVERSAL,,,,
2026-08-03 13:43:13,a9ed8da2,SELL,MAKER,ENTRY_PENDING,9850113.0,0.00100000,0,0.00,0,0.00,default,full_day,0.0033,0.000001,0.0002,0.0508,0.55,0.0015,0.0015,0.05,0.0003,0.05,,,,,,
2026-08-03 13:43:52,9395193c,SELL,MAKER,CANCEL_ORDER,9850113.0,0.00100000,0,0.00,0,0.00,default,full_day,0.4659,0.000315,0.2665,0.3055,0.55,0.0015,0.0015,0.05,0.0003,0.05,,IMBALANCE_REVERSAL,,,,
2026-08-03 13:44:03,c3e126e8,BUY,MAKER,ENTRY_PENDING,9847001.0,0.00100000,0,0.00,0,0.00,default,full_day,0.9986,0.000027,0.2665,0.0004,0.55,0.0015,0.0015,0.05,0.0003,0.05,,,,,,
2026-08-03 13:44:49,a47be54c,BUY,MAKER,CANCEL_ORDER,9847001.0,0.00100000,0,0.00,0,0.00,default,full_day,0.0189,0.000000,0.0010,0.0518,0.55,0.0015,0.0015,0.05,0.0003,0.05,,IMBALANCE_REVERSAL,,,,
2026-08-03 13:44:51,d2ea122c,SELL,MAKER,ENTRY_PENDING,9847024.0,0.00100000,0,0.00,0,0.00,default,full_day,0.0189,0.000000,0.0010,0.0518,0.55,0.0015,0.0015,0.05,0.0003,0.05,,,,,,
2026-08-03 13:45:15,0dd80bef,SELL,MAKER,CANCEL_ORDER,9847024.0,0.00100000,0,0.00,0,0.00,default,full_day,0.9961,0.000000,0.2570,0.0010,0.55,0.0015,0.0015,0.05,0.0003,0.05,,IMBALANCE_REVERSAL,,,,
2026-08-03 13:45:22,f13d7c09,SELL,MAKER,ENTRY_PENDING,9840879.0,0.00100000,0,0.00,0,0.00,default,full_day,0.0007,0.000031,0.0010,1.4000,0.55,0.0015,0.0015,0.05,0.0003,0.05,,,,,,
2026-08-03 13:45:25,55bd5952,SELL,MAKER,CANCEL_ORDER,9840879.0,0.00100000,0,0.00,0,0.00,default,full_day,0.8243,0.000029,0.0469,0.0100,0.55,0.0015,0.0015,0.05,0.0003,0.05,,IMBALANCE_REVERSAL,,,,
2026-08-03 13:45:58,c76becf1,BUY,MAKER,ENTRY_PENDING,9840001.0,0.00100000,0,0.00,0,0.00,default,full_day,0.9069,0.000096,0.0974,0.0100,0.55,0.0015,0.0015,0.05,0.0003,0.05,,,,,,
2026-08-03 13:46:11,22c83986,BUY,MAKER,CANCEL_ORDER,9840001.0,0.00100000,0,0.00,0,0.00,default,full_day,0.3831,0.000096,0.0062,0.0100,0.55,0.0015,0.0015,0.05,0.0003,0.05,,IMBALANCE_REVERSAL,,,,
2026-08-03 13:47:02,4db220b1,BUY,MAKER,ENTRY_PENDING,9841051.0,0.00100000,0,0.00,0,0.00,default,full_day,0.8000,0.000038,0.1000,0.0250,0.55,0.0015,0.0015,0.05,0.0003,0.05,,,,,,
2026-08-03 13:47:04,6d67efcb,BUY,MAKER,CANCEL_ORDER,9841051.0,0.00100000,0,0.00,0,0.00,default,full_day,0.0451,0.000008,0.0012,0.0250,0.55,0.0015,0.0015,0.05,0.0003,0.05,,IMBALANCE_REVERSAL,,,,
2026-08-03 13:47:17,dcfd8096,BUY,MAKER,ENTRY_PENDING,9841251.0,0.00100000,0,0.00,0,0.00,default,full_day,0.9881,0.000044,0.1077,0.0013,0.55,0.0015,0.0015,0.05,0.0003,0.05,,,,,,
2026-08-03 13:47:25,f8319e0e,BUY,MAKER,CANCEL_ORDER,9841251.0,0.00100000,0,0.00,0,0.00,default,full_day,0.0020,0.000000,0.0010,0.5000,0.55,0.0015,0.0015,0.05,0.0003,0.05,,IMBALANCE_REVERSAL,,,,
2026-08-03 13:47:28,21608099,SELL,MAKER,ENTRY_PENDING,9841999.0,0.00100000,0,0.00,0,0.00,default,full_day,0.0876,0.000000,0.0480,0.5000,0.55,0.0015,0.0015,0.05,0.0003,0.05,,,,,,
2026-08-03 13:49:10,933c50a5,SELL,MAKER,CANCEL_ORDER,9841999.0,0.00100000,0,0.00,0,0.00,default,full_day,0.2443,0.000308,0.0097,0.0300,0.55,0.0015,0.0015,0.05,0.0003,0.05,,IMBALANCE_REVERSAL,,,,
2026-08-03 13:49:26,faed82b5,SELL,MAKER,ENTRY_PENDING,9843401.0,0.00100000,0,0.00,0,0.00,default,full_day,0.0122,0.000244,0.0010,0.0808,0.55,0.0015,0.0015,0.05,0.0003,0.05,,,,,,
2026-08-03 13:54:35,ed340ee5,SELL,MAKER,CANCEL_ORDER,9843401.0,0.00100000,0,0.00,0,0.00,default,full_day,0.9889,0.000000,0.0895,0.0010,0.55,0.0015,0.0015,0.05,0.0003,0.05,,IMBALANCE_REVERSAL,,,,
2026-08-03 13:54:41,4ad4887f,SELL,MAKER,ENTRY_PENDING,9840000.0,0.00100000,0,0.00,0,0.00,default,full_day,0.1279,0.000000,0.0705,0.4809,0.55,0.0015,0.0015,0.05,0.0003,0.05,,,,,,
2026-08-03 13:55:09,024fd6c5,SELL,MAKER,CANCEL_ORDER,9840000.0,0.00100000,0,0.00,0,0.00,default,full_day,0.7156,0.000000,0.0554,0.0220,0.55,0.0015,0.0015,0.05,0.0003,0.05,,IMBALANCE_REVERSAL,,,,
2026-08-03 13:55:16,68ebfb8e,SELL,MAKER,ENTRY_PENDING,9840000.0,0.00100000,0,0.00,0,0.00,default,full_day,0.1782,0.000000,0.0454,0.2092,0.55,0.0015,0.0015,0.05,0.0003,0.05,,,,,,
2026-08-03 13:56:53,b43ac4dc,SELL,MAKER,CANCEL_ORDER,9840000.0,0.00100000,0,0.00,0,0.00,default,full_day,0.0010,0.000060,0.0010,1.0000,0.55,0.0015,0.0015,0.05,0.0003,0.05,,ENTRY_DEVIATION,false,true,1.63,0.085122
2026-08-03 13:56:54,babe91e1,SELL,MAKER,ENTRY_PENDING,9831919.0,0.00100000,0,0.00,0,0.00,default,full_day,0.0010,0.000193,0.0010,1.0000,0.55,0.0015,0.0015,0.05,0.0003,0.05,,,,,,
2026-08-03 13:59:55,ff9487be,SELL,MAKER,CANCEL_ORDER,9831919.0,0.00100000,0,0.00,0,0.00,default,full_day,0.9373,0.000000,0.9464,0.0633,0.55,0.0015,0.0015,0.05,0.0003,0.05,,IMBALANCE_REVERSAL,,,,
2026-08-03 13:59:58,8f57f95d,BUY,MAKER,ENTRY_PENDING,9825001.0,0.00100000,0,0.00,0,0.00,default,full_day,0.9373,0.000000,0.9464,0.0633,0.55,0.0015,0.0015,0.05,0.0003,0.05,,,,,,
2026-08-03 14:00:53,8613f91f,BUY,MAKER,CANCEL_ORDER,9825001.0,0.00100000,0,0.00,0,0.00,default,full_day,0.0196,0.000057,0.0100,0.5000,0.55,0.0015,0.0015,0.05,0.0003,0.05,,IMBALANCE_REVERSAL,,,,
2026-08-03 14:00:55,3380ee16,SELL,MAKER,ENTRY_PENDING,9826879.0,0.00100000,0,0.00,0,0.00,default,full_day,0.3017,0.000000,0.2160,0.5000,0.55,0.0015,0.0015,0.05,0.0003,0.05,,,,,,
2026-08-03 14:01:43,f4e5a71f,SELL,MAKER,CANCEL_ORDER,9826879.0,0.00100000,0,0.00,0,0.00,default,full_day,0.5417,0.000000,0.0260,0.0220,0.55,0.0015,0.0015,0.05,0.0003,0.05,,IMBALANCE_REVERSAL,,,,
2026-08-03 14:01:45,82e0bfd1,BUY,MAKER,ENTRY_PENDING,9827646.0,0.00100000,0,0.00,0,0.00,default,full_day,0.7775,0.000000,0.0769,0.0220,0.55,0.0015,0.0015,0.05,0.0003,0.05,,,,,,
2026-08-03 14:02:22,5e385bf4,BUY,MAKER,CANCEL_ORDER,9827646.0,0.00100000,0,0.00,0,0.00,default,full_day,0.0020,0.000000,0.0010,0.5000,0.55,0.0015,0.0015,0.05,0.0003,0.05,,IMBALANCE_REVERSAL,,,,
2026-08-03 14:02:25,1ab3ce55,SELL,MAKER,ENTRY_PENDING,9828559.0,0.00100000,0,0.00,0,0.00,default,full_day,0.0881,0.000000,0.0519,0.5373,0.55,0.0015,0.0015,0.05,0.0003,0.05,,,,,,
2026-08-03 14:02:34,8d96f26b,SELL,MAKER,CANCEL_ORDER,9828559.0,0.00100000,0,0.00,0,0.00,default,full_day,0.5817,0.000000,0.0519,0.0373,0.55,0.0015,0.0015,0.05,0.0003,0.05,,IMBALANCE_REVERSAL,,,,
2026-08-03 14:02:36,806ac5c3,BUY,MAKER,ENTRY_PENDING,9828560.0,0.00100000,0,0.00,0,0.00,default,full_day,0.5817,0.000000,0.0519,0.0373,0.55,0.0015,0.0015,0.05,0.0003,0.05,,,,,,
2026-08-03 14:02:39,61287ccd,BUY,MAKER,CANCEL_ORDER,9828560.0,0.00100000,0,0.00,0,0.00,default,full_day,0.0928,0.000000,0.0519,0.5073,0.55,0.0015,0.0015,0.05,0.0003,0.05,,IMBALANCE_REVERSAL,,,,
2026-08-03 14:02:51,ccf13d0e,SELL,MAKER,ENTRY_PENDING,9827440.0,0.00100000,0,0.00,0,0.00,default,full_day,0.0189,0.000000,0.0010,0.0520,0.55,0.0015,0.0015,0.05,0.0003,0.05,,,,,,
2026-08-03 14:03:13,4e8a2c6d,SELL,MAKER,CANCEL_ORDER,9827440.0,0.00100000,0,0.00,0,0.00,default,full_day,0.5049,0.000000,0.0519,0.0509,0.55,0.0015,0.0015,0.05,0.0003,0.05,,IMBALANCE_REVERSAL,,,,
2026-08-03 14:03:16,fe4b7862,BUY,MAKER,ENTRY_PENDING,9827582.0,0.00100000,0,0.00,0,0.00,default,full_day,0.8898,0.000000,0.0509,0.0063,0.55,0.0015,0.0015,0.05,0.0003,0.05,,,,,,
2026-08-03 14:04:01,abc4a3bd,BUY,MAKER,CANCEL_ORDER,9827582.0,0.00100000,0,0.00,0,0.00,default,full_day,0.0050,0.000000,0.0010,0.2009,0.55,0.0015,0.0015,0.05,0.0003,0.05,,IMBALANCE_REVERSAL,,,,
2026-08-03 14:04:03,a5dc08c1,SELL,MAKER,ENTRY_PENDING,9827440.0,0.00100000,0,0.00,0,0.00,default,full_day,0.0050,0.000000,0.0010,0.2009,0.55,0.0015,0.0015,0.05,0.0003,0.05,,,,,,
2026-08-03 14:05:44,a27afa18,SELL,MAKER,CANCEL_ORDER,9827440.0,0.00100000,0,0.00,0,0.00,default,full_day,0.7651,0.000000,0.7482,0.2297,0.55,0.0015,0.0015,0.05,0.0003,0.05,,IMBALANCE_REVERSAL,,,,
2026-08-03 14:05:57,66e23a3d,SELL,MAKER,ENTRY_PENDING,9815396.0,0.00100000,0,0.00,0,0.00,default,full_day,0.0167,0.000300,0.0010,0.0590,0.55,0.0015,0.0015,0.05,0.0003,0.05,,,,,,
2026-08-03 14:06:08,68408f10,SELL,MAKER,CANCEL_ORDER,9815396.0,0.00100000,0,0.00,0,0.00,default,full_day,0.0323,0.000399,0.0010,0.0300,0.55,0.0015,0.0015,0.05,0.0003,0.05,,IMBALANCE_REVERSAL,,,,
2026-08-03 14:06:14,1a00f8b4,SELL,MAKER,ENTRY_PENDING,9813999.0,0.00100000,0,0.00,0,0.00,default,full_day,0.1837,0.000168,0.1077,0.4784,0.55,0.0015,0.0015,0.05,0.0003,0.05,,,,,,
2026-08-03 14:06:23,60afbb7b,SELL,MAKER,CANCEL_ORDER,9813999.0,0.00100000,0,0.00,0,0.00,default,full_day,0.7421,0.000000,0.0863,0.0300,0.55,0.0015,0.0015,0.05,0.0003,0.05,,IMBALANCE_REVERSAL,,,,
2026-08-03 14:06:26,2eb97015,BUY,MAKER,ENTRY_PENDING,9815674.0,0.00100000,0,0.00,0,0.00,default,full_day,0.8119,0.000000,0.0863,0.0200,0.55,0.0015,0.0015,0.05,0.0003,0.05,,,,,,
2026-08-03 14:06:38,cb64848b,BUY,MAKER,CANCEL_ORDER,9815674.0,0.00100000,0,0.00,0,0.00,default,full_day,0.0020,0.000000,0.0010,0.5000,0.55,0.0015,0.0015,0.05,0.0003,0.05,,IMBALANCE_REVERSAL,,,,
2026-08-03 14:06:40,aa276aa6,SELL,MAKER,ENTRY_PENDING,9816239.0,0.00100000,0,0.00,0,0.00,default,full_day,0.1487,0.000000,0.0873,0.5000,0.55,0.0015,0.0015,0.05,0.0003,0.05,,,,,,
2026-08-03 14:08:37,3cf86f02,SELL,MAKER,CANCEL_ORDER,9816239.0,0.00100000,0,0.00,0,0.00,default,full_day,0.9091,0.000329,0.0100,0.0010,0.55,0.0015,0.0015,0.05,0.0003,0.05,,IMBALANCE_REVERSAL,,,,
2026-08-03 14:08:43,c23e352f,SELL,MAKER,ENTRY_PENDING,9824079.0,0.00100000,0,0.00,0,0.00,default,full_day,0.1772,0.000202,0.1077,0.5000,0.55,0.0015,0.0015,0.05,0.0003,0.05,,,,,,
2026-08-03 14:11:26,f85bc2b3,SELL,MAKER,CANCEL_ORDER,9824079.0,0.00100000,0,0.00,0,0.00,default,full_day,0.7821,0.000205,0.1077,0.0300,0.55,0.0015,0.0015,0.05,0.0003,0.05,,IMBALANCE_REVERSAL,,,,
2026-08-03 14:11:31,a5c5ddb8,SELL,MAKER,ENTRY_PENDING,9830239.0,0.00100000,0,0.00,0,0.00,default,full_day,0.1772,0.000096,0.1077,0.5000,0.55,0.0015,0.0015,0.05,0.0003,0.05,,,,,,
2026-08-03 14:13:23,55c9af93,SELL,MAKER,CANCEL_ORDER,9830239.0,0.00100000,0,0.00,0,0.00,default,full_day,0.9150,0.000103,0.1077,0.0100,0.55,0.0015,0.0015,0.05,0.0003,0.05,,IMBALANCE_REVERSAL,,,,
2026-08-03 14:13:25,49f2b5e5,BUY,MAKER,ENTRY_PENDING,9830351.0,0.00100000,0,0.00,0,0.00,default,full_day,0.9150,0.000103,0.1077,0.0100,0.55,0.0015,0.0015,0.05,0.0003,0.05,,,,,,
2026-08-03 14:13:36,e3b079ff,BUY,MAKER,CANCEL_ORDER,9830351.0,0.00100000,0,0.00,0,0.00,default,full_day,0.1772,0.000160,0.1077,0.5000,0.55,0.0015,0.0015,0.05,0.0003,0.05,,IMBALANCE_REVERSAL,,,,
2026-08-03 14:13:38,9c0eb450,SELL,MAKER,ENTRY_PENDING,9831919.0,0.00100000,0,0.00,0,0.00,default,full_day,0.1772,0.000160,0.1077,0.5000,0.55,0.0015,0.0015,0.05,0.0003,0.05,,,,,,
2026-08-03 14:14:42,372c2483,SELL,MAKER,CANCEL_ORDER,9831919.0,0.00100000,0,0.00,0,0.00,default,full_day,0.9611,0.000055,0.0247,0.0010,0.55,0.0015,0.0015,0.05,0.0003,0.05,,IMBALANCE_REVERSAL,,,,
2026-08-03 14:14:46,f6c441dc,BUY,MAKER,ENTRY_PENDING,9831451.0,0.00100000,0,0.00,0,0.00,default,full_day,0.9091,0.000111,0.1000,0.0100,0.55,0.0015,0.0015,0.05,0.0003,0.05,,,,,,
2026-08-03 14:14:51,76f836eb,BUY,MAKER,CANCEL_ORDER,9831451.0,0.00100000,0,0.00,0,0.00,default,full_day,0.1560,0.000000,0.0094,0.0509,0.55,0.0015,0.0015,0.05,0.0003,0.05,,IMBALANCE_REVERSAL,,,,
2026-08-03 14:14:53,2b051fad,SELL,MAKER,ENTRY_PENDING,9830106.0,0.00100000,0,0.00,0,0.00,default,full_day,0.1560,0.000000,0.0094,0.0509,0.55,0.0015,0.0015,0.05,0.0003,0.05,,,,,,
2026-08-03 14:15:07,3c81a3f2,SELL,MAKER,CANCEL_ORDER,9830106.0,0.00100000,0,0.00,0,0.00,default,full_day,0.6934,0.000000,0.1100,0.0486,0.55,0.0015,0.0015,0.05,0.0003,0.05,,IMBALANCE_REVERSAL,,,,
2026-08-03 14:15:09,abb289fd,BUY,MAKER,ENTRY_PENDING,9830107.0,0.00100000,0,0.00,0,0.00,default,full_day,0.7148,0.000000,0.1194,0.0476,0.55,0.0015,0.0015,0.05,0.0003,0.05,,,,,,
2026-08-03 14:15:11,101bca25,BUY,MAKER,CANCEL_ORDER,9830107.0,0.00100000,0,0.00,0,0.00,default,full_day,0.0374,0.000014,0.0194,0.5000,0.55,0.0015,0.0015,0.05,0.0003,0.05,,IMBALANCE_REVERSAL,,,,
2026-08-03 14:15:13,f4382381,SELL,MAKER,ENTRY_PENDING,9832479.0,0.00100000,0,0.00,0,0.00,default,full_day,0.0185,0.000237,0.0094,0.5000,0.55,0.0015,0.0015,0.05,0.0003,0.05,,,,,,
2026-08-03 14:16:11,4314a598,SELL,MAKER,CANCEL_ORDER,9832479.0,0.00100000,0,0.00,0,0.00,default,full_day,0.0075,0.000379,0.0010,0.1327,0.55,0.0015,0.0015,0.05,0.0003,0.05,,IMBALANCE_REVERSAL,,,,
2026-08-03 14:16:17,c9c840d7,SELL,MAKER,ENTRY_PENDING,9825199.0,0.00100000,0,0.00,0,0.00,default,full_day,0.0753,0.000167,0.0407,0.5000,0.55,0.0015,0.0015,0.05,0.0003,0.05,,,,,,
2026-08-03 14:18:01,6a5bf00b,SELL,MAKER,CANCEL_ORDER,9825199.0,0.00100000,0,0.00,0,0.00,default,full_day,0.9150,0.000190,0.1077,0.0100,0.55,0.0015,0.0015,0.05,0.0003,0.05,,IMBALANCE_REVERSAL,,,,
2026-08-03 14:18:04,d2879f46,BUY,MAKER,ENTRY_PENDING,9823301.0,0.00100000,0,0.00,0,0.00,default,full_day,0.8333,0.000073,0.1000,0.0200,0.55,0.0015,0.0015,0.05,0.0003,0.05,,,,,,
2026-08-03 14:18:06,e88dd8da,BUY,MAKER,CANCEL_ORDER,9823301.0,0.00100000,0,0.00,0,0.00,default,full_day,0.0157,0.000028,0.0080,0.5000,0.55,0.0015,0.0015,0.05,0.0003,0.05,,IMBALANCE_REVERSAL,,,,
2026-08-03 14:18:12,14ad626e,BUY,MAKER,ENTRY_PENDING,9824051.0,0.00100000,0,0.00,0,0.00,default,full_day,0.8456,0.000160,0.1077,0.0197,0.55,0.0015,0.0015,0.05,0.0003,0.05,,,,,,
2026-08-03 14:18:41,2a17267c,BUY,MAKER,CANCEL_ORDER,9824051.0,0.00100000,0,0.00,0,0.00,default,full_day,0.1667,0.000184,0.1000,0.5000,0.55,0.0015,0.0015,0.05,0.0003,0.05,,IMBALANCE_REVERSAL,,,,
2026-08-03 14:18:44,28dbbe9f,SELL,MAKER,ENTRY_PENDING,9825759.0,0.00100000,0,0.00,0,0.00,default,full_day,0.1667,0.000174,0.1000,0.5000,0.55,0.0015,0.0015,0.05,0.0003,0.05,,,,,,
2026-08-03 14:18:47,c7f5a746,SELL,MAKER,CANCEL_ORDER,9825759.0,0.00100000,0,0.00,0,0.00,default,full_day,0.7579,0.000148,0.0031,0.0010,0.55,0.0015,0.0015,0.05,0.0003,0.05,,IMBALANCE_REVERSAL,,,,
2026-08-03 14:18:51,60be302b,BUY,MAKER,ENTRY_PENDING,9821501.0,0.00100000,0,0.00,0,0.00,default,full_day,0.9908,0.000212,0.1077,0.0010,0.55,0.0015,0.0015,0.05,0.0003,0.05,,,,,,
2026-08-03 14:19:06,9a1dcd9c,BUY,MAKER,CANCEL_ORDER,9821501.0,0.00100000,0,0.00,0,0.00,default,full_day,0.1313,0.000259,0.0077,0.0509,0.55,0.0015,0.0015,0.05,0.0003,0.05,,IMBALANCE_REVERSAL,,,,
2026-08-03 14:19:08,600664a0,SELL,MAKER,ENTRY_PENDING,9825759.0,0.00100000,0,0.00,0,0.00,default,full_day,0.0336,0.000183,0.0174,0.5000,0.55,0.0015,0.0015,0.05,0.0003,0.05,,,,,,
2026-08-03 14:20:26,13396737,SELL,MAKER,ENTRY,9825759.0,0.00100000,0,0.00,0,0.00,default,full_day,0.0909,0.000000,0.1000,1.0000,0.55,0.0015,0.0015,0.05,0.0003,0.05,,,,,,
2026-08-03 16:03:25,57e6fd28,BUY,MAKER,TAKE_PROFIT,9811020.3615,0.00100000,0,14.74,6178,-138.55,default,full_day,0.6458,0.000000,0.1368,0.0750,0.55,0.0015,0.0015,0.05,0.0003,0.05,,,,,,
2026-08-03 16:03:25,90306bed,BUY,MAKER,ENTRY_PENDING,9810001.0,0.00100000,0,0.00,0,0.00,default,full_day,0.5558,0.000000,0.1877,0.1500,0.55,0.0015,0.0015,0.05,0.0003,0.05,,,,,,
2026-08-03 16:03:28,b7a5dadd,BUY,MAKER,CANCEL_ORDER,9810001.0,0.00100000,0,0.00,0,0.00,default,full_day,0.2816,0.000065,0.0510,0.1300,0.55,0.0015,0.0015,0.05,0.0003,0.05,,IMBALANCE_REVERSAL,,,,
2026-08-03 16:03:31,5d65006a,SELL,MAKER,ENTRY_PENDING,9810638.0,0.00100000,0,0.00,0,0.00,default,full_day,0.2536,0.000065,0.0510,0.1500,0.55,0.0015,0.0015,0.05,0.0003,0.05,,,,,,
2026-08-03 16:05:29,0321e792,SELL,MAKER,CANCEL_ORDER,9810638.0,0.00100000,0,0.00,0,0.00,default,full_day,0.5079,0.000057,0.1629,0.1578,0.55,0.0015,0.0015,0.05,0.0003,0.05,,IMBALANCE_REVERSAL,,,,
2026-08-03 16:05:34,9c39d781,SELL,MAKER,ENTRY_PENDING,9815118.0,0.00100000,0,0.00,0,0.00,default,full_day,0.1817,0.000000,0.0350,0.1576,0.55,0.0015,0.0015,0.05,0.0003,0.05,,,,,,
2026-08-03 16:06:39,01657e85,SELL,MAKER,CANCEL_ORDER,9815118.0,0.00100000,0,0.00,0,0.00,default,full_day,0.6316,0.000057,0.0509,0.0297,0.55,0.0015,0.0015,0.05,0.0003,0.05,,IMBALANCE_REVERSAL,,,,
2026-08-03 16:06:57,79b9cf7b,BUY,MAKER,ENTRY_PENDING,9821634.0,0.00100000,0,0.00,0,0.00,default,full_day,0.7742,0.000052,0.1018,0.0297,0.55,0.0015,0.0015,0.05,0.0003,0.05,,,,,,
2026-08-03 16:07:00,971e82f7,BUY,MAKER,CANCEL_ORDER,9821634.0,0.00100000,0,0.00,0,0.00,default,full_day,0.0148,0.000080,0.0075,0.5000,0.55,0.0015,0.0015,0.05,0.0003,0.05,,IMBALANCE_REVERSAL,,,,
2026-08-03 16:07:02,53b890d0,SELL,MAKER,ENTRY_PENDING,9820719.0,0.00100000,0,0.00,0,0.00,default,full_day,0.0142,0.000150,0.0072,0.5000,0.55,0.0015,0.0015,0.05,0.0003,0.05,,,,,,
2026-08-03 16:08:15,b6ac4814,SELL,MAKER,CANCEL_ORDER,9820719.0,0.00100000,0,0.00,0,0.00,default,full_day,0.8733,0.000049,0.0069,0.0010,0.55,0.0015,0.0015,0.05,0.0003,0.05,,IMBALANCE_REVERSAL,,,,
2026-08-03 16:08:22,e1940990,SELL,MAKER,ENTRY_PENDING,9824079.0,0.00100000,0,0.00,0,0.00,default,full_day,0.0020,0.000119,0.0010,0.5000,0.55,0.0015,0.0015,0.05,0.0003,0.05,,,,,,
2026-08-03 16:08:34,e1d9ca96,SELL,MAKER,CANCEL_ORDER,9824079.0,0.00100000,0,0.00,0,0.00,default,full_day,0.8684,0.000060,0.0066,0.0010,0.55,0.0015,0.0015,0.05,0.0003,0.05,,IMBALANCE_REVERSAL,,,,
2026-08-03 16:08:54,1d3410d2,SELL,MAKER,ENTRY_PENDING,9824638.0,0.00100000,0,0.00,0,0.00,default,full_day,0.3879,0.000238,0.1000,0.1578,0.55,0.0015,0.0015,0.05,0.0003,0.05,,,,,,
2026-08-03 16:09:04,8e1f468d,SELL,MAKER,CANCEL_ORDER,9824638.0,0.00100000,0,0.00,0,0.00,default,full_day,0.8684,0.000175,0.0066,0.0010,0.55,0.0015,0.0015,0.05,0.0003,0.05,,IMBALANCE_REVERSAL,,,,
2026-08-03 16:09:07,5ffeabb8,BUY,MAKER,ENTRY_PENDING,9821801.0,0.00100000,0,0.00,0,0.00,default,full_day,0.9901,0.000174,0.1000,0.0010,0.55,0.0015,0.0015,0.05,0.0003,0.05,,,,,,
2026-08-03 16:09:11,7c0c3060,BUY,MAKER,CANCEL_ORDER,9821801.0,0.00100000,0,0.00,0,0.00,default,full_day,0.3238,0.000177,0.0407,0.0850,0.55,0.0015,0.0015,0.05,0.0003,0.05,,IMBALANCE_REVERSAL,,,,
2026-08-03 16:09:21,4b9ed154,SELL,MAKER,ENTRY_PENDING,9820000.0,0.00100000,0,0.00,0,0.00,default,full_day,0.0230,0.000000,0.0020,0.0850,0.55,0.0015,0.0015,0.05,0.0003,0.05,,,,,,
2026-08-03 16:09:24,f47982bf,SELL,MAKER,CANCEL_ORDER,9820000.0,0.00100000,0,0.00,0,0.00,default,full_day,0.0308,0.000344,0.0064,0.2008,0.55,0.0015,0.0015,0.05,0.0003,0.05,,IMBALANCE_REVERSAL,,,,
2026-08-03 16:09:41,65b2a472,SELL,MAKER,ENTRY_PENDING,9812533.0,0.00100000,0,0.00,0,0.00,default,full_day,0.2609,0.000000,0.0300,0.0850,0.55,0.0015,0.0015,0.05,0.0003,0.05,,,,,,
2026-08-03 16:12:03,0ef0e070,SELL,MAKER,CANCEL_ORDER,9812533.0,0.00100000,0,0.00,0,0.00,default,full_day,0.0063,0.000311,0.0010,0.1578,0.55,0.0015,0.0015,0.05,0.0003,0.05,,IMBALANCE_REVERSAL,,,,
2026-08-03 16:12:06,bcd11b05,BUY,MAKER,ENTRY_PENDING,9814851.0,0.00100000,0,0.00,0,0.00,default,full_day,0.8094,0.000256,0.1340,0.0316,0.55,0.0015,0.0015,0.05,0.0003,0.05,,,,,,
2026-08-03 16:12:18,d4350685,BUY,MAKER,CANCEL_ORDER,9814851.0,0.00100000,0,0.00,0,0.00,default,full_day,0.4444,0.000229,0.0008,0.0010,0.55,0.0015,0.0015,0.05,0.0003,0.05,,IMBALANCE_REVERSAL,,,,
2026-08-03 16:12:29,01b31e8d,BUY,MAKER,ENTRY_PENDING,9813087.0,0.00100000,0,0.00,0,0.00,default,full_day,0.9903,0.000197,0.1019,0.0010,0.55,0.0015,0.0015,0.05,0.0003,0.05,,,,,,
2026-08-03 16:12:38,68e02102,BUY,MAKER,CANCEL_ORDER,9813087.0,0.00100000,0,0.00,0,0.00,default,full_day,0.2857,0.000227,0.0004,0.0010,0.55,0.0015,0.0015,0.05,0.0003,0.05,,IMBALANCE_REVERSAL,,,,
2026-08-03 16:12:41,52d29cb6,SELL,MAKER,ENTRY_PENDING,9812777.0,0.00100000,0,0.00,0,0.00,default,full_day,0.2857,0.000150,0.0300,0.0750,0.55,0.0015,0.0015,0.05,0.0003,0.05,,,,,,
2026-08-03 16:12:56,acb8d525,SELL,MAKER,CANCEL_ORDER,9812777.0,0.00100000,0,0.00,0,0.00,default,full_day,0.9879,0.000088,0.0815,0.0010,0.55,0.0015,0.0015,0.05,0.0003,0.05,,IMBALANCE_REVERSAL,,,,
2026-08-03 16:12:58,a93ae2e3,BUY,MAKER,ENTRY_PENDING,9810609.0,0.00100000,0,0.00,0,0.00,default,full_day,0.8841,0.000087,0.0815,0.0107,0.55,0.0015,0.0015,0.05,0.0003,0.05,,,,,,
2026-08-03 16:13:14,5e64a5a5,BUY,MAKER,CANCEL_ORDER,9810609.0,0.00100000,0,0.00,0,0.00,default,full_day,0.2609,0.000156,0.0300,0.0850,0.55,0.0015,0.0015,0.05,0.0003,0.05,,IMBALANCE_REVERSAL,,,,
2026-08-03 16:13:16,97afbeeb,SELL,MAKER,ENTRY_PENDING,9811538.0,0.00100000,0,0.00,0,0.00,default,full_day,0.2609,0.000156,0.0300,0.0850,0.55,0.0015,0.0015,0.05,0.0003,0.05,,,,,,
2026-08-03 16:13:20,c6a731aa,SELL,MAKER,CANCEL_ORDER,9811538.0,0.00100000,0,0.00,0,0.00,default,full_day,0.7373,0.000156,0.0300,0.0107,0.55,0.0015,0.0015,0.05,0.0003,0.05,,IMBALANCE_REVERSAL,,,,
2026-08-03 16:13:24,722703d1,BUY,MAKER,ENTRY_PENDING,9810001.0,0.00100000,0,0.00,0,0.00,default,full_day,0.9253,0.000157,0.1311,0.0106,0.55,0.0015,0.0015,0.05,0.0003,0.05,,,,,,
2026-08-03 16:14:00,ed1b0a15,BUY,MAKER,CANCEL_ORDER,9810001.0,0.00100000,0,0.00,0,0.00,default,full_day,0.4538,0.000122,0.1311,0.1578,0.55,0.0015,0.0015,0.05,0.0003,0.05,,IMBALANCE_REVERSAL,,,,
2026-08-03 16:14:03,389d5848,SELL,MAKER,ENTRY_PENDING,9810079.0,0.00100000,0,0.00,0,0.00,default,full_day,0.2078,0.000008,0.1311,0.5000,0.55,0.0015,0.0015,0.05,0.0003,0.05,,,,,,
2026-08-03 16:14:16,a909da7e,SELL,MAKER,CANCEL_ORDER,9810079.0,0.00100000,0,0.00,0,0.00,default,full_day,0.9297,0.000149,0.1309,0.0099,0.55,0.0015,0.0015,0.05,0.0003,0.05,,IMBALANCE_REVERSAL,,,,
2026-08-03 16:14:19,a4b0bb8a,BUY,MAKER,ENTRY_PENDING,9810001.0,0.00100000,0,0.00,0,0.00,default,full_day,0.9297,0.000149,0.1309,0.0099,0.55,0.0015,0.0015,0.05,0.0003,0.05,,,,,,
2026-08-03 16:14:24,517ebdcb,BUY,MAKER,CANCEL_ORDER,9810001.0,0.00100000,0,0.00,0,0.00,default,full_day,0.2075,0.000065,0.1309,0.5000,0.55,0.0015,0.0015,0.05,0.0003,0.05,,IMBALANCE_REVERSAL,,,,
2026-08-03 16:14:26,fbdd6b17,SELL,MAKER,ENTRY_PENDING,9810639.0,0.00100000,0,0.00,0,0.00,default,full_day,0.2075,0.000065,0.1309,0.5000,0.55,0.0015,0.0015,0.05,0.0003,0.05,,,,,,
2026-08-03 16:14:41,899b5906,SELL,MAKER,CANCEL_ORDER,9810639.0,0.00100000,0,0.00,0,0.00,default,full_day,0.9924,0.000153,0.1309,0.0010,0.55,0.0015,0.0015,0.05,0.0003,0.05,,IMBALANCE_REVERSAL,,,,
2026-08-03 16:14:46,b95dce5f,BUY,MAKER,ENTRY_PENDING,9810001.0,0.00100000,0,0.00,0,0.00,default,full_day,0.7525,0.000153,0.0982,0.0323,0.55,0.0015,0.0015,0.05,0.0003,0.05,,,,,,
2026-08-03 16:14:48,e8f316d2,BUY,MAKER,CANCEL_ORDER,9810001.0,0.00100000,0,0.00,0,0.00,default,full_day,0.0909,0.000014,0.0001,0.0010,0.55,0.0015,0.0015,0.05,0.0003,0.05,,IMBALANCE_REVERSAL,,,,
2026-08-03 16:14:50,3060e924,SELL,MAKER,ENTRY_PENDING,9804478.0,0.00100000,0,0.00,0,0.00,default,full_day,0.0032,0.000097,0.0005,0.1578,0.55,0.0015,0.0015,0.05,0.0003,0.05,,,,,,
2026-08-03 16:15:10,ad791c85,SELL,MAKER,CANCEL_ORDER,9804478.0,0.00100000,0,0.00,0,0.00,default,full_day,0.7712,0.000000,0.0843,0.0250,0.55,0.0015,0.0015,0.05,0.0003,0.05,,IMBALANCE_REVERSAL,,,,
2026-08-03 16:15:15,241c6156,SELL,MAKER,ENTRY_PENDING,9801002.0,0.00100000,0,0.00,0,0.00,default,full_day,0.2184,0.000000,0.0843,0.3016,0.55,0.0015,0.0015,0.05,0.0003,0.05,,,,,,
2026-08-03 16:15:21,4019c31d,SELL,MAKER,CANCEL_ORDER,9801002.0,0.00100000,0,0.00,0,0.00,default,full_day,0.6460,0.000000,0.0843,0.0462,0.55,0.0015,0.0015,0.05,0.0003,0.05,,IMBALANCE_REVERSAL,,,,
2026-08-03 16:15:36,a9ee42e5,BUY,MAKER,ENTRY_PENDING,9800002.0,0.00100000,0,0.00,0,0.00,default,full_day,0.7844,0.000102,0.1462,0.0402,0.55,0.0015,0.0015,0.05,0.0003,0.05,,,,,,
2026-08-03 16:15:39,a8541585,BUY,MAKER,CANCEL_ORDER,9800002.0,0.00100000,0,0.00,0,0.00,default,full_day,0.0822,0.000000,0.0306,0.3412,0.55,0.0015,0.0015,0.05,0.0003,0.05,,IMBALANCE_REVERSAL,,,,
2026-08-03 16:15:41,19303fba,SELL,MAKER,ENTRY_PENDING,9800001.0,0.00100000,0,0.00,0,0.00,default,full_day,0.1038,0.000000,0.0306,0.2638,0.55,0.0015,0.0015,0.05,0.0003,0.05,,,,,,
2026-08-03 16:15:45,92c186d7,SELL,MAKER,CANCEL_ORDER,9800001.0,0.00100000,0,0.00,0,0.00,default,full_day,0.9242,0.000000,2.9737,0.2438,0.55,0.0015,0.0015,0.05,0.0003,0.05,,IMBALANCE_REVERSAL,,,,
2026-08-03 16:15:47,b06d22e7,BUY,MAKER,ENTRY_PENDING,9800001.0,0.00100000,0,0.00,0,0.00,default,full_day,0.9242,0.000000,2.9737,0.2438,0.55,0.0015,0.0015,0.05,0.0003,0.05,,,,,,
2026-08-03 16:16:49,9ed051e0,BUY,MAKER,CANCEL_ORDER,9800001.0,0.00100000,0,0.00,0,0.00,default,full_day,0.0020,0.000069,0.0010,0.5000,0.55,0.0015,0.0015,0.05,0.0003,0.05,,IMBALANCE_REVERSAL,,,,
2026-08-03 16:16:51,73a70b6d,SELL,MAKER,ENTRY_PENDING,9805599.0,0.00100000,0,0.00,0,0.00,default,full_day,0.0196,0.000266,0.0100,0.5000,0.55,0.0015,0.0015,0.05,0.0003,0.05,,,,,,
2026-08-03 16:17:06,0323a580,SELL,MAKER,CANCEL_ORDER,9805599.0,0.00100000,0,0.00,0,0.00,default,full_day,0.1667,0.000317,0.1000,0.5000,0.55,0.0015,0.0015,0.05,0.0003,0.05,,IMBALANCE_REVERSAL,,,,
2026-08-03 16:17:12,859c6608,SELL,MAKER,ENTRY_PENDING,9808959.0,0.00100000,0,0.00,0,0.00,default,full_day,0.0157,0.000297,0.0080,0.5000,0.55,0.0015,0.0015,0.05,0.0003,0.05,,,,,,
2026-08-03 16:17:28,1b6c38cd,SELL,MAKER,CANCEL_ORDER,9808959.0,0.00100000,0,0.00,0,0.00,default,full_day,0.9615,0.000036,0.0250,0.0010,0.55,0.0015,0.0015,0.05,0.0003,0.05,,IMBALANCE_REVERSAL,,,,
2026-08-03 16:17:30,162bb825,BUY,MAKER,ENTRY_PENDING,9807403.0,0.00100000,0,0.00,0,0.00,default,full_day,0.7220,0.000036,0.0616,0.0237,0.55,0.0015,0.0015,0.05,0.0003,0.05,,,,,,
2026-08-03 16:17:34,f5a59bbf,BUY,MAKER,CANCEL_ORDER,9807403.0,0.00100000,0,0.00,0,0.00,default,full_day,0.0297,0.000160,0.0011,0.0359,0.55,0.0015,0.0015,0.05,0.0003,0.05,,IMBALANCE_REVERSAL,,,,
2026-08-03 16:17:40,00158288,SELL,MAKER,ENTRY_PENDING,9806099.0,0.00100000,0,0.00,0,0.00,default,full_day,0.0909,0.000096,0.0100,0.1000,0.55,0.0015,0.0015,0.05,0.0003,0.05,,,,,,
2026-08-03 16:17:41,2c5ca8de,SELL,MAKER,CANCEL_ORDER,9806099.0,0.00100000,0,0.00,0,0.00,default,full_day,0.9901,0.000081,0.1000,0.0010,0.55,0.0015,0.0015,0.05,0.0003,0.05,,IMBALANCE_REVERSAL,,,,
2026-08-03 16:17:43,dbed6041,BUY,MAKER,ENTRY_PENDING,9805202.0,0.00100000,0,0.00,0,0.00,default,full_day,0.9808,0.000081,0.0510,0.0010,0.55,0.0015,0.0015,0.05,0.0003,0.05,,,,,,
2026-08-03 16:18:16,b1f8146c,BUY,MAKER,CANCEL_ORDER,9805202.0,0.00100000,0,0.00,0,0.00,default,full_day,0.2537,0.000237,0.0510,0.1500,0.55,0.0015,0.0015,0.05,0.0003,0.05,,IMBALANCE_REVERSAL,,,,
2026-08-03 16:18:23,ab0ecf64,SELL,MAKER,ENTRY_PENDING,9808399.0,0.00100000,0,0.00,0,0.00,default,full_day,0.0022,0.000167,0.0011,0.5000,0.55,0.0015,0.0015,0.05,0.0003,0.05,,,,,,
2026-08-03 16:18:39,24c4c1ff,SELL,MAKER,CANCEL_ORDER,9808399.0,0.00100000,0,0.00,0,0.00,default,full_day,0.5238,0.000116,0.0011,0.0010,0.55,0.0015,0.0015,0.05,0.0003,0.05,,IMBALANCE_REVERSAL,,,,
2026-08-03 16:19:09,ff170ec2,SELL,MAKER,ENTRY_PENDING,9809519.0,0.00100000,0,0.00,0,0.00,default,full_day,0.0020,0.000042,0.0010,0.5000,0.55,0.0015,0.0015,0.05,0.0003,0.05,,,,,,
2026-08-03 16:19:56,3a8e4bb3,SELL,MAKER,CANCEL_ORDER,9809519.0,0.00100000,0,0.00,0,0.00,default,full_day,0.8661,0.000059,0.0011,0.0002,0.55,0.0015,0.0015,0.05,0.0003,0.05,,IMBALANCE_REVERSAL,,,,
2026-08-03 16:20:02,5f2225c3,SELL,MAKER,ENTRY_PENDING,9810077.0,0.00100000,0,0.00,0,0.00,default,full_day,0.0063,0.000204,0.0010,0.1578,0.55,0.0015,0.0015,0.05,0.0003,0.05,,,,,,
2026-08-03 16:20:37,93b52174,SELL,MAKER,CANCEL_ORDER,9810077.0,0.00100000,0,0.00,0,0.00,default,full_day,0.8374,0.000116,0.0510,0.0099,0.55,0.0015,0.0015,0.05,0.0003,0.05,,IMBALANCE_REVERSAL,,,,
2026-08-03 16:20:39,58bc8313,BUY,MAKER,ENTRY_PENDING,9808888.0,0.00100000,0,0.00,0,0.00,default,full_day,0.8374,0.000116,0.0510,0.0099,0.55,0.0015,0.0015,0.05,0.0003,0.05,,,,,,
2026-08-03 16:20:42,8f5fadaf,BUY,MAKER,CANCEL_ORDER,9808888.0,0.00100000,0,0.00,0,0.00,default,full_day,0.0020,0.000207,0.0010,0.5000,0.55,0.0015,0.0015,0.05,0.0003,0.05,,IMBALANCE_REVERSAL,,,,
2026-08-03 16:21:00,27e7b473,SELL,MAKER,ENTRY_PENDING,9810078.0,0.00100000,0,0.00,0,0.00,default,full_day,0.0063,0.000150,0.0010,0.1578,0.55,0.0015,0.0015,0.05,0.0003,0.05,,,,,,
2026-08-03 16:22:18,cbb92481,SELL,MAKER,CANCEL_ORDER,9810078.0,0.00100000,0,0.00,0,0.00,default,full_day,0.8547,0.000082,0.0010,0.0002,0.55,0.0015,0.0015,0.05,0.0003,0.05,,IMBALANCE_REVERSAL,,,,
2026-08-03 16:22:23,c1200100,SELL,MAKER,ENTRY_PENDING,9813699.0,0.00100000,0,0.00,0,0.00,default,full_day,0.0169,0.000122,0.0010,0.0580,0.55,0.0015,0.0015,0.05,0.0003,0.05,,,,,,
2026-08-03 16:24:33,94bff043,SELL,MAKER,CANCEL_ORDER,9813699.0,0.00100000,0,0.00,0,0.00,default,full_day,0.9602,0.000149,0.0241,0.0010,0.55,0.0015,0.0015,0.05,0.0003,0.05,,IMBALANCE_REVERSAL,,,,
2026-08-03 16:24:48,94255644,BUY,MAKER,ENTRY_PENDING,9812501.0,0.00100000,0,0.00,0,0.00,default,full_day,0.9901,0.000151,0.1000,0.0010,0.55,0.0015,0.0015,0.05,0.0003,0.05,,,,,,
2026-08-03 16:25:05,8b752930,BUY,MAKER,CANCEL_ORDER,9812501.0,0.00100000,0,0.00,0,0.00,default,full_day,0.1667,0.000014,0.1000,0.5000,0.55,0.0015,0.0015,0.05,0.0003,0.05,,IMBALANCE_REVERSAL,,,,
2026-08-03 16:25:07,1e74d03c,SELL,MAKER,ENTRY_PENDING,9813439.0,0.00100000,0,0.00,0,0.00,default,full_day,0.1667,0.000004,0.1000,0.5000,0.55,0.0015,0.0015,0.05,0.0003,0.05,,,,,,
2026-08-03 16:25:17,22845b96,SELL,MAKER,CANCEL_ORDER,9813439.0,0.00100000,0,0.00,0,0.00,default,full_day,0.9903,0.000116,0.1019,0.0010,0.55,0.0015,0.0015,0.05,0.0003,0.05,,IMBALANCE_REVERSAL,,,,
2026-08-03 16:25:21,28a5faf8,BUY,MAKER,ENTRY_PENDING,9813502.0,0.00100000,0,0.00,0,0.00,default,full_day,0.9903,0.000109,0.1019,0.0010,0.55,0.0015,0.0015,0.05,0.0003,0.05,,,,,,
2026-08-03 16:25:23,64aea8b6,BUY,MAKER,CANCEL_ORDER,9813502.0,0.00100000,0,0.00,0,0.00,default,full_day,0.3879,0.000139,0.1000,0.1578,0.55,0.0015,0.0015,0.05,0.0003,0.05,,IMBALANCE_REVERSAL,,,,
2026-08-03 16:25:25,ef02f76d,SELL,MAKER,ENTRY_PENDING,9814967.0,0.00100000,0,0.00,0,0.00,default,full_day,0.3879,0.000175,0.1000,0.1578,0.55,0.0015,0.0015,0.05,0.0003,0.05,,,,,,
2026-08-03 16:25:29,d9c95918,SELL,MAKER,CANCEL_ORDER,9814967.0,0.00100000,0,0.00,0,0.00,default,full_day,0.9901,0.000141,0.1000,0.0010,0.55,0.0015,0.0015,0.05,0.0003,0.05,,IMBALANCE_REVERSAL,,,,
2026-08-03 16:25:33,3c6e4543,BUY,MAKER,ENTRY_PENDING,9813451.0,0.00100000,0,0.00,0,0.00,default,full_day,0.9901,0.000131,0.1000,0.0010,0.55,0.0015,0.0015,0.05,0.0003,0.05,,,,,,
2026-08-03 16:25:35,64747b55,BUY,MAKER,CANCEL_ORDER,9813451.0,0.00100000,0,0.00,0,0.00,default,full_day,0.0150,0.000108,0.0076,0.5000,0.55,0.0015,0.0015,0.05,0.0003,0.05,,IMBALANCE_REVERSAL,,,,
2026-08-03 16:25:37,a723c962,SELL,MAKER,ENTRY_PENDING,9815119.0,0.00100000,0,0.00,0,0.00,default,full_day,0.0303,0.000160,0.0156,0.5000,0.55,0.0015,0.0015,0.05,0.0003,0.05,,,,,,
2026-08-03 16:25:39,b3224b5f,SELL,MAKER,CANCEL_ORDER,9815119.0,0.00100000,0,0.00,0,0.00,default,full_day,0.9600,0.000174,0.0240,0.0010,0.55,0.0015,0.0015,0.05,0.0003,0.05,,IMBALANCE_REVERSAL,,,,
2026-08-03 16:26:09,2396ca74,SELL,MAKER,ENTRY_PENDING,9814559.0,0.00100000,0,0.00,0,0.00,default,full_day,0.0925,0.000108,0.0510,0.5000,0.55,0.0015,0.0015,0.05,0.0003,0.05,,,,,,
2026-08-03 16:26:18,3bf351ce,SELL,MAKER,CANCEL_ORDER,9814559.0,0.00100000,0,0.00,0,0.00,default,full_day,0.9808,0.000029,0.0510,0.0010,0.55,0.0015,0.0015,0.05,0.0003,0.05,,IMBALANCE_REVERSAL,,,,
2026-08-03 16:26:24,e689e424,SELL,MAKER,ENTRY_PENDING,9814559.0,0.00100000,0,0.00,0,0.00,default,full_day,0.1667,0.000057,0.1000,0.5000,0.55,0.0015,0.0015,0.05,0.0003,0.05,,,,,,
2026-08-03 16:26:30,ff4dc7fb,SELL,MAKER,CANCEL_ORDER,9814559.0,0.00100000,0,0.00,0,0.00,default,full_day,0.9600,0.000126,0.0240,0.0010,0.55,0.0015,0.0015,0.05,0.0003,0.05,,IMBALANCE_REVERSAL,,,,
2026-08-03 16:26:33,91987f3a,BUY,MAKER,ENTRY_PENDING,9812952.0,0.00100000,0,0.00,0,0.00,default,full_day,0.9879,0.000127,0.0815,0.0010,0.55,0.0015,0.0015,0.05,0.0003,0.05,,,,,,
2026-08-03 16:26:39,3ac6b773,BUY,MAKER,CANCEL_ORDER,9812952.0,0.00100000,0,0.00,0,0.00,default,full_day,0.1667,0.000082,0.1000,0.5000,0.55,0.0015,0.0015,0.05,0.0003,0.05,,IMBALANCE_REVERSAL,,,,
2026-08-03 16:26:44,abc765e8,BUY,MAKER,ENTRY_PENDING,9812451.0,0.00100000,0,0.00,0,0.00,default,full_day,0.9901,0.000076,0.1000,0.0010,0.55,0.0015,0.0015,0.05,0.0003,0.05,,,,,,
2026-08-03 16:27:02,008e646c,BUY,MAKER,CANCEL_ORDER,9812451.0,0.00100000,0,0.00,0,0.00,default,full_day,0.1667,0.000226,0.1000,0.5000,0.55,0.0015,0.0015,0.05,0.0003,0.05,,IMBALANCE_REVERSAL,,,,
2026-08-03 16:27:04,280870c2,SELL,MAKER,ENTRY_PENDING,9815119.0,0.00100000,0,0.00,0,0.00,default,full_day,0.0310,0.000221,0.0160,0.5000,0.55,0.0015,0.0015,0.05,0.0003,0.05,,,,,,
2026-08-03 16:27:23,180d3b7b,SELL,MAKER,CANCEL_ORDER,9815119.0,0.00100000,0,0.00,0,0.00,default,full_day,0.9479,0.000045,0.0182,0.0010,0.55,0.0015,0.0015,0.05,0.0003,0.05,,IMBALANCE_REVERSAL,,,,
2026-08-03 16:27:25,5a19ae78,BUY,MAKER,ENTRY_PENDING,9813001.0,0.00100000,0,0.00,0,0.00,default,full_day,0.9901,0.000029,0.1000,0.0010,0.55,0.0015,0.0015,0.05,0.0003,0.05,,,,,,
2026-08-03 16:27:53,5cc66e26,BUY,MAKER,CANCEL_ORDER,9813001.0,0.00100000,0,0.00,0,0.00,default,full_day,0.1667,0.000025,0.1000,0.5000,0.55,0.0015,0.0015,0.05,0.0003,0.05,,IMBALANCE_REVERSAL,,,,
2026-08-03 16:27:55,89e2bc57,SELL,MAKER,ENTRY_PENDING,9813999.0,0.00100000,0,0.00,0,0.00,default,full_day,0.1667,0.000025,0.1000,0.5000,0.55,0.0015,0.0015,0.05,0.0003,0.05,,,,,,
2026-08-03 16:28:01,f2e3b032,SELL,MAKER,CANCEL_ORDER,9813999.0,0.00100000,0,0.00,0,0.00,default,full_day,0.9984,0.000074,0.1000,0.0002,0.55,0.0015,0.0015,0.05,0.0003,0.05,,IMBALANCE_REVERSAL,,,,
2026-08-03 16:28:04,28eb232b,BUY,MAKER,ENTRY_PENDING,9813751.0,0.00100000,0,0.00,0,0.00,default,full_day,0.9174,0.000070,0.1000,0.0090,0.55,0.0015,0.0015,0.05,0.0003,0.05,,,,,,
2026-08-03 16:28:15,83c75968,BUY,MAKER,CANCEL_ORDER,9813751.0,0.00100000,0,0.00,0,0.00,default,full_day,0.4854,0.000056,0.0010,0.0011,0.55,0.0015,0.0015,0.05,0.0003,0.05,,IMBALANCE_REVERSAL,,,,
2026-08-03 16:28:26,dcb0d187,SELL,MAKER,ENTRY_PENDING,9813999.0,0.00100000,0,0.00,0,0.00,default,full_day,0.0021,0.000096,0.0010,0.4780,0.55,0.0015,0.0015,0.05,0.0003,0.05,,,,,,
2026-08-03 16:31:31,c6448833,SELL,MAKER,CANCEL_ORDER,9813999.0,0.00100000,0,0.00,0,0.00,default,full_day,0.5243,0.000000,0.1199,0.1088,0.55,0.0015,0.0015,0.05,0.0003,0.05,,IMBALANCE_REVERSAL,,,,
2026-08-03 16:31:37,2e0bb3f8,SELL,MAKER,ENTRY_PENDING,9812000.0,0.00100000,0,0.00,0,0.00,default,full_day,0.1546,0.000000,0.0199,0.1088,0.55,0.0015,0.0015,0.05,0.0003,0.05,,,,,,
2026-08-03 16:33:10,d46c0a44,SELL,MAKER,CANCEL_ORDER,9812000.0,0.00100000,0,0.00,0,0.00,default,full_day,0.6083,0.000000,0.1191,0.0767,0.55,0.0015,0.0015,0.05,0.0003,0.05,,IMBALANCE_REVERSAL,,,,
2026-08-03 16:33:12,6c63460f,BUY,MAKER,ENTRY_PENDING,9812001.0,0.00100000,0,0.00,0,0.00,default,full_day,0.6083,0.000000,0.1191,0.0767,0.55,0.0015,0.0015,0.05,0.0003,0.05,,,,,,
2026-08-03 16:33:50,60130fb4,BUY,MAKER,CANCEL_ORDER,9812001.0,0.00100000,0,0.00,0,0.00,default,full_day,0.1292,0.000011,0.0742,0.5000,0.55,0.0015,0.0015,0.05,0.0003,0.05,,IMBALANCE_REVERSAL,,,,
2026-08-03 16:33:52,e5eab361,SELL,MAKER,ENTRY_PENDING,9812878.0,0.00100000,0,0.00,0,0.00,default,full_day,0.3166,0.000011,0.0510,0.1100,0.55,0.0015,0.0015,0.05,0.0003,0.05,,,,,,
2026-08-03 16:34:01,c4f00972,SELL,MAKER,CANCEL_ORDER,9812878.0,0.00100000,0,0.00,0,0.00,default,full_day,0.5831,0.000011,0.0510,0.0364,0.55,0.0015,0.0015,0.05,0.0003,0.05,,IMBALANCE_REVERSAL,,,,
2026-08-03 16:34:04,8489c7d8,BUY,MAKER,ENTRY_PENDING,9812132.0,0.00100000,0,0.00,0,0.00,default,full_day,0.5831,0.000011,0.0510,0.0364,0.55,0.0015,0.0015,0.05,0.0003,0.05,,,,,,
2026-08-03 16:34:08,1ff51eef,BUY,MAKER,CANCEL_ORDER,9812132.0,0.00100000,0,0.00,0,0.00,default,full_day,0.3170,0.000025,0.0176,0.0380,0.55,0.0015,0.0015,0.05,0.0003,0.05,,IMBALANCE_REVERSAL,,,,
2026-08-03 16:34:12,1cb1d3e5,SELL,MAKER,ENTRY_PENDING,9812879.0,0.00100000,0,0.00,0,0.00,default,full_day,0.0341,0.000090,0.0176,0.5000,0.55,0.0015,0.0015,0.05,0.0003,0.05,,,,,,
2026-08-03 16:34:37,de0efaea,SELL,MAKER,CANCEL_ORDER,9812879.0,0.00100000,0,0.00,0,0.00,default,full_day,0.7246,0.000062,0.1000,0.0380,0.55,0.0015,0.0015,0.05,0.0003,0.05,,IMBALANCE_REVERSAL,,,,
2026-08-03 16:34:39,b799c860,BUY,MAKER,ENTRY_PENDING,9814002.0,0.00100000,0,0.00,0,0.00,default,full_day,0.7284,0.000062,0.1019,0.0380,0.55,0.0015,0.0015,0.05,0.0003,0.05,,,,,,
2026-08-03 16:34:42,79fc46fd,BUY,MAKER,CANCEL_ORDER,9814002.0,0.00100000,0,0.00,0,0.00,default,full_day,0.1667,0.000047,0.1000,0.5000,0.55,0.0015,0.0015,0.05,0.0003,0.05,,IMBALANCE_REVERSAL,,,,
2026-08-03 16:34:44,2dba68e0,SELL,MAKER,ENTRY_PENDING,9814559.0,0.00100000,0,0.00,0,0.00,default,full_day,0.1667,0.000011,0.1000,0.5000,0.55,0.0015,0.0015,0.05,0.0003,0.05,,,,,,
2026-08-03 16:35:12,a8b91587,SELL,MAKER,CANCEL_ORDER,9814559.0,0.00100000,0,0.00,0,0.00,default,full_day,0.6150,0.000053,0.0510,0.0319,0.55,0.0015,0.0015,0.05,0.0003,0.05,,IMBALANCE_REVERSAL,,,,
2026-08-03 16:35:14,546fc5b3,BUY,MAKER,ENTRY_PENDING,9814000.0,0.00100000,0,0.00,0,0.00,default,full_day,0.6150,0.000069,0.0510,0.0319,0.55,0.0015,0.0015,0.05,0.0003,0.05,,,,,,
2026-08-03 16:35:35,4b1d9a93,BUY,MAKER,CANCEL_ORDER,9814000.0,0.00100000,0,0.00,0,0.00,default,full_day,0.3407,0.000002,0.0196,0.0380,0.55,0.0015,0.0015,0.05,0.0003,0.05,,IMBALANCE_REVERSAL,,,,
2026-08-03 16:35:41,805d6027,BUY,MAKER,ENTRY_PENDING,9812002.0,0.00100000,0,0.00,0,0.00,default,full_day,0.7284,0.000002,0.1019,0.0380,0.55,0.0015,0.0015,0.05,0.0003,0.05,,,,,,
2026-08-03 16:35:45,e6e7aa9b,BUY,MAKER,CANCEL_ORDER,9812002.0,0.00100000,0,0.00,0,0.00,default,full_day,0.0779,0.000155,0.0032,0.0379,0.55,0.0015,0.0015,0.05,0.0003,0.05,,IMBALANCE_REVERSAL,,,,
2026-08-03 16:36:29,110db596,SELL,MAKER,ENTRY_PENDING,9812000.0,0.00100000,0,0.00,0,0.00,default,full_day,0.1415,0.000000,0.0135,0.0821,0.55,0.0015,0.0015,0.05,0.0003,0.05,,,,,,
2026-08-03 16:36:30,7ee74dab,SELL,MAKER,CANCEL_ORDER,9812000.0,0.00100000,0,0.00,0,0.00,default,full_day,0.0916,0.000561,0.0185,0.1830,0.55,0.0015,0.0015,0.05,0.0003,0.05,,IMBALANCE_REVERSAL,,,,
2026-08-03 16:36:35,3796150e,BUY,MAKER,ENTRY_PENDING,9806501.0,0.00100000,0,0.00,0,0.00,default,full_day,0.5556,0.000137,0.1000,0.0800,0.55,0.0015,0.0015,0.05,0.0003,0.05,,,,,,
2026-08-03 16:36:51,cc5e03f4,BUY,MAKER,CANCEL_ORDER,9806501.0,0.00100000,0,0.00,0,0.00,default,full_day,0.0333,0.000185,0.0010,0.0290,0.55,0.0015,0.0015,0.05,0.0003,0.05,,IMBALANCE_REVERSAL,,,,
2026-08-03 16:36:54,b45efbba,SELL,MAKER,ENTRY_PENDING,9806719.0,0.00100000,0,0.00,0,0.00,default,full_day,0.1667,0.000099,0.1000,0.5000,0.55,0.0015,0.0015,0.05,0.0003,0.05,,,,,,
2026-08-03 16:36:57,432a4460,SELL,MAKER,CANCEL_ORDER,9806719.0,0.00100000,0,0.00,0,0.00,default,full_day,0.9901,0.000174,0.1000,0.0010,0.55,0.0015,0.0015,0.05,0.0003,0.05,,IMBALANCE_REVERSAL,,,,
2026-08-03 16:37:00,86da3b3b,BUY,MAKER,ENTRY_PENDING,9805851.0,0.00100000,0,0.00,0,0.00,default,full_day,0.9901,0.000168,0.1000,0.0010,0.55,0.0015,0.0015,0.05,0.0003,0.05,,,,,,
2026-08-03 16:37:07,734dd562,BUY,MAKER,CANCEL_ORDER,9805851.0,0.00100000,0,0.00,0,0.00,default,full_day,0.1667,0.000196,0.1000,0.5000,0.55,0.0015,0.0015,0.05,0.0003,0.05,,IMBALANCE_REVERSAL,,,,
2026-08-03 16:37:13,89d9f7ab,BUY,MAKER,ENTRY_PENDING,9804792.0,0.00100000,0,0.00,0,0.00,default,full_day,0.9903,0.000058,0.1020,0.0010,0.55,0.0015,0.0015,0.05,0.0003,0.05,,,,,,
2026-08-03 16:37:44,59c8d2c4,BUY,MAKER,CANCEL_ORDER,9804792.0,0.00100000,0,0.00,0,0.00,default,full_day,0.1212,0.000228,0.0040,0.0290,0.55,0.0015,0.0015,0.05,0.0003,0.05,,IMBALANCE_REVERSAL,,,,
2026-08-03 16:37:49,9603e8cb,BUY,MAKER,ENTRY_PENDING,9804252.0,0.00100000,0,0.00,0,0.00,default,full_day,0.6547,0.000206,0.0550,0.0290,0.55,0.0015,0.0015,0.05,0.0003,0.05,,,,,,
2026-08-03 16:37:58,421cba96,BUY,MAKER,CANCEL_ORDER,9804252.0,0.00100000,0,0.00,0,0.00,default,full_day,0.1667,0.000216,0.1000,0.5000,0.55,0.0015,0.0015,0.05,0.0003,0.05,,IMBALANCE_REVERSAL,,,,
2026-08-03 16:38:00,2723d454,SELL,MAKER,ENTRY_PENDING,9806719.0,0.00100000,0,0.00,0,0.00,default,full_day,0.0079,0.000211,0.0040,0.5000,0.55,0.0015,0.0015,0.05,0.0003,0.05,,,,,,
2026-08-03 16:38:04,4c978a54,SELL,MAKER,CANCEL_ORDER,9806719.0,0.00100000,0,0.00,0,0.00,default,full_day,0.9901,0.000188,0.1000,0.0010,0.55,0.0015,0.0015,0.05,0.0003,0.05,,IMBALANCE_REVERSAL,,,,
2026-08-03 16:38:07,1da09537,BUY,MAKER,ENTRY_PENDING,9805302.0,0.00100000,0,0.00,0,0.00,default,full_day,0.5698,0.000242,0.1060,0.0800,0.55,0.0015,0.0015,0.05,0.0003,0.05,,,,,,
2026-08-03 16:38:10,11e20785,BUY,MAKER,CANCEL_ORDER,9805302.0,0.00100000,0,0.00,0,0.00,default,full_day,0.0482,0.000129,0.0040,0.0790,0.55,0.0015,0.0015,0.05,0.0003,0.05,,IMBALANCE_REVERSAL,,,,
2026-08-03 16:38:12,e2a237ce,SELL,MAKER,ENTRY_PENDING,9808398.0,0.00100000,0,0.00,0,0.00,default,full_day,0.0385,0.000194,0.0040,0.1000,0.55,0.0015,0.0015,0.05,0.0003,0.05,,,,,,
2026-08-03 16:38:14,9f2862f1,SELL,MAKER,CANCEL_ORDER,9808398.0,0.00100000,0,0.00,0,0.00,default,full_day,0.5717,0.000183,0.0550,0.0412,0.55,0.0015,0.0015,0.05,0.0003,0.05,,IMBALANCE_REVERSAL,,,,
2026-08-03 16:38:16,4f0d3b4b,BUY,MAKER,ENTRY_PENDING,9806701.0,0.00100000,0,0.00,0,0.00,default,full_day,0.7082,0.000173,0.1000,0.0412,0.55,0.0015,0.0015,0.05,0.0003,0.05,,,,,,
2026-08-03 16:38:27,0dca0d4b,BUY,MAKER,CANCEL_ORDER,9806701.0,0.00100000,0,0.00,0,0.00,default,full_day,0.1667,0.000034,0.1000,0.5000,0.55,0.0015,0.0015,0.05,0.0003,0.05,,IMBALANCE_REVERSAL,,,,
2026-08-03 16:38:29,982a51c7,SELL,MAKER,ENTRY_PENDING,9807279.0,0.00100000,0,0.00,0,0.00,default,full_day,0.0157,0.000028,0.0080,0.5000,0.55,0.0015,0.0015,0.05,0.0003,0.05,,,,,,
2026-08-03 16:41:45,3f437008,SELL,MAKER,CANCEL_ORDER,9807279.0,0.00100000,0,0.00,0,0.00,default,full_day,0.9889,0.000113,0.1000,0.0011,0.55,0.0015,0.0015,0.05,0.0003,0.05,,IMBALANCE_REVERSAL,,,,
2026-08-03 16:41:47,964f2860,BUY,MAKER,ENTRY_PENDING,9813551.0,0.00100000,0,0.00,0,0.00,default,full_day,0.9889,0.000103,0.1000,0.0011,0.55,0.0015,0.0015,0.05,0.0003,0.05,,,,,,
2026-08-03 16:41:54,a2e632bd,BUY,MAKER,CANCEL_ORDER,9813551.0,0.00100000,0,0.00,0,0.00,default,full_day,0.3879,0.000227,0.1000,0.1578,0.55,0.0015,0.0015,0.05,0.0003,0.05,,IMBALANCE_REVERSAL,,,,
2026-08-03 16:41:56,a99f6aa9,SELL,MAKER,ENTRY_PENDING,9815678.0,0.00100000,0,0.00,0,0.00,default,full_day,0.3879,0.000120,0.1000,0.1578,0.55,0.0015,0.0015,0.05,0.0003,0.05,,,,,,
2026-08-03 16:43:54,e3069228,SELL,MAKER,CANCEL_ORDER,9815678.0,0.00100000,0,0.00,0,0.00,default,full_day,0.9938,0.000191,0.1600,0.0010,0.55,0.0015,0.0015,0.05,0.0003,0.05,,IMBALANCE_REVERSAL,,,,
2026-08-03 16:43:56,9e883a0b,BUY,MAKER,ENTRY_PENDING,9814559.0,0.00100000,0,0.00,0,0.00,default,full_day,0.8565,0.000140,0.1600,0.0268,0.55,0.0015,0.0015,0.05,0.0003,0.05,,,,,,
2026-08-03 16:44:44,b553a13d,BUY,MAKER,CANCEL_ORDER,9814559.0,0.00100000,0,0.00,0,0.00,default,full_day,0.0471,0.000110,0.0247,0.5000,0.55,0.0015,0.0015,0.05,0.0003,0.05,,IMBALANCE_REVERSAL,,,,
2026-08-03 16:44:46,647bf477,SELL,MAKER,ENTRY_PENDING,9817462.0,0.00100000,0,0.00,0,0.00,default,full_day,0.1353,0.000120,0.0247,0.1578,0.55,0.0015,0.0015,0.05,0.0003,0.05,,,,,,
2026-08-03 16:45:54,88451137,SELL,MAKER,CANCEL_ORDER,9817462.0,0.00100000,0,0.00,0,0.00,default,full_day,0.9091,0.000089,0.0010,0.0001,0.55,0.0015,0.0015,0.05,0.0003,0.05,,IMBALANCE_REVERSAL,,,,
2026-08-03 16:45:59,c1e00f82,SELL,MAKER,ENTRY_PENDING,9820158.0,0.00100000,0,0.00,0,0.00,default,full_day,0.0063,0.000136,0.0010,0.1578,0.55,0.0015,0.0015,0.05,0.0003,0.05,,,,,,
2026-08-03 16:46:06,08e292e2,SELL,MAKER,CANCEL_ORDER,9820158.0,0.00100000,0,0.00,0,0.00,default,full_day,0.9091,0.000085,0.0010,0.0001,0.55,0.0015,0.0015,0.05,0.0003,0.05,,IMBALANCE_REVERSAL,,,,
2026-08-03 16:46:19,b5e6ab64,SELL,MAKER,ENTRY_PENDING,9820159.0,0.00100000,0,0.00,0,0.00,default,full_day,0.0020,0.000023,0.0010,0.5000,0.55,0.0015,0.0015,0.05,0.0003,0.05,,,,,,
2026-08-03 16:47:06,a74fcb1d,SELL,MAKER,CANCEL_ORDER,9820159.0,0.00100000,0,0.00,0,0.00,default,full_day,0.9901,0.000001,0.0100,0.0001,0.55,0.0015,0.0015,0.05,0.0003,0.05,,IMBALANCE_REVERSAL,,,,
2026-08-03 16:47:09,89922d7a,BUY,MAKER,ENTRY_PENDING,9820166.0,0.00100000,0,0.00,0,0.00,default,full_day,0.9980,0.000000,0.0509,0.0001,0.55,0.0015,0.0015,0.05,0.0003,0.05,,,,,,
2026-08-03 16:48:27,831faef9,BUY,MAKER,CANCEL_ORDER,9820166.0,0.00100000,0,0.00,0,0.00,default,full_day,0.4926,0.000096,0.0010,0.0010,0.55,0.0015,0.0015,0.05,0.0003,0.05,,IMBALANCE_REVERSAL,,,,
2026-08-03 16:48:32,13adb39d,SELL,MAKER,ENTRY_PENDING,9821839.0,0.00100000,0,0.00,0,0.00,default,full_day,0.0020,0.000096,0.0010,0.5000,0.55,0.0015,0.0015,0.05,0.0003,0.05,,,,,,
2026-08-03 16:49:07,0044af6e,SELL,MAKER,CANCEL_ORDER,9821839.0,0.00100000,0,0.00,0,0.00,default,full_day,0.7367,0.000002,0.1018,0.0364,0.55,0.0015,0.0015,0.05,0.0003,0.05,,IMBALANCE_REVERSAL,,,,
2026-08-03 16:49:09,58cef892,BUY,MAKER,ENTRY_PENDING,9820202.0,0.00100000,0,0.00,0,0.00,default,full_day,0.7367,0.000002,0.1018,0.0364,0.55,0.0015,0.0015,0.05,0.0003,0.05,,,,,,
2026-08-03 16:49:22,299fabe1,BUY,MAKER,CANCEL_ORDER,9820202.0,0.00100000,0,0.00,0,0.00,default,full_day,0.0020,0.000143,0.0010,0.5000,0.55,0.0015,0.0015,0.05,0.0003,0.05,,IMBALANCE_REVERSAL,,,,
2026-08-03 16:49:24,5943bd2d,SELL,MAKER,ENTRY_PENDING,9821839.0,0.00100000,0,0.00,0,0.00,default,full_day,0.0020,0.000094,0.0010,0.5000,0.55,0.0015,0.0015,0.05,0.0003,0.05,,,,,,
2026-08-03 16:49:29,f1e963f7,SELL,MAKER,CANCEL_ORDER,9821839.0,0.00100000,0,0.00,0,0.00,default,full_day,0.7326,0.000126,0.1000,0.0365,0.55,0.0015,0.0015,0.05,0.0003,0.05,,IMBALANCE_REVERSAL,,,,
2026-08-03 16:49:31,a13ff9ba,BUY,MAKER,ENTRY_PENDING,9821451.0,0.00100000,0,0.00,0,0.00,default,full_day,0.7353,0.000143,0.1000,0.0360,0.55,0.0015,0.0015,0.05,0.0003,0.05,,,,,,
2026-08-03 16:49:33,25e498f9,BUY,MAKER,CANCEL_ORDER,9821451.0,0.00100000,0,0.00,0,0.00,default,full_day,0.0247,0.000226,0.0040,0.1578,0.55,0.0015,0.0015,0.05,0.0003,0.05,,IMBALANCE_REVERSAL,,,,
2026-08-03 16:49:36,d76771bf,SELL,MAKER,ENTRY_PENDING,9821279.0,0.00100000,0,0.00,0,0.00,default,full_day,0.0485,0.000008,0.0509,1.0000,0.55,0.0015,0.0015,0.05,0.0003,0.05,,,,,,
2026-08-03 16:49:55,bfb03d26,SELL,MAKER,CANCEL_ORDER,9821279.0,0.00100000,0,0.00,0,0.00,default,full_day,0.6489,0.000000,0.0693,0.0375,0.55,0.0015,0.0015,0.05,0.0003,0.05,,IMBALANCE_REVERSAL,,,,
2026-08-03 16:50:01,5195a509,SELL,MAKER,ENTRY_PENDING,9820000.0,0.00100000,0,0.00,0,0.00,default,full_day,0.1230,0.000000,0.0133,0.0949,0.55,0.0015,0.0015,0.05,0.0003,0.05,,,,,,
2026-08-03 16:50:01,19f99cae,SELL,MAKER,CANCEL_ORDER,9820000.0,0.00100000,0,0.00,0,0.00,default,full_day,0.1265,0.000474,0.0148,0.1024,0.55,0.0015,0.0015,0.05,0.0003,0.05,,IMBALANCE_REVERSAL,,,,
2026-08-03 16:50:04,c88d3d3e,BUY,MAKER,ENTRY_PENDING,9814559.0,0.00100000,0,0.00,0,0.00,default,full_day,0.8142,0.000176,0.1600,0.0365,0.55,0.0015,0.0015,0.05,0.0003,0.05,,,,,,
2026-08-03 16:50:08,ae5a5bf9,BUY,MAKER,CANCEL_ORDER,9814559.0,0.00100000,0,0.00,0,0.00,default,full_day,0.0127,0.000092,0.0128,1.0000,0.55,0.0015,0.0015,0.05,0.0003,0.05,,IMBALANCE_REVERSAL,,,,
2026-08-03 16:50:42,69ace1b9,BUY,MAKER,ENTRY_PENDING,9818701.0,0.00100000,0,0.00,0,0.00,default,full_day,0.9901,0.000176,0.1000,0.0010,0.55,0.0015,0.0015,0.05,0.0003,0.05,,,,,,
2026-08-03 16:50:48,c58fcbd6,BUY,MAKER,CANCEL_ORDER,9818701.0,0.00100000,0,0.00,0,0.00,default,full_day,0.3750,0.000075,0.0006,0.0010,0.55,0.0015,0.0015,0.05,0.0003,0.05,,IMBALANCE_REVERSAL,,,,
2026-08-03 16:51:03,48689a1d,BUY,MAKER,ENTRY_PENDING,9818001.0,0.00100000,0,0.00,0,0.00,default,full_day,0.9901,0.000155,0.1000,0.0010,0.55,0.0015,0.0015,0.05,0.0003,0.05,,,,,,
2026-08-03 16:51:09,f9ad45f7,BUY,MAKER,CANCEL_ORDER,9818001.0,0.00100000,0,0.00,0,0.00,default,full_day,0.0226,0.000210,0.0006,0.0260,0.55,0.0015,0.0015,0.05,0.0003,0.05,,IMBALANCE_REVERSAL,,,,
2026-08-03 16:51:15,7306bcfa,SELL,MAKER,ENTRY_PENDING,9820159.0,0.00100000,0,0.00,0,0.00,default,full_day,0.0008,0.000145,0.0004,0.5000,0.55,0.0015,0.0015,0.05,0.0003,0.05,,,,,,
2026-08-03 16:52:03,58e2a205,SELL,MAKER,CANCEL_ORDER,9820159.0,0.00100000,0,0.00,0,0.00,default,full_day,0.9099,0.000248,0.1000,0.0099,0.55,0.0015,0.0015,0.05,0.0003,0.05,,IMBALANCE_REVERSAL,,,,
2026-08-03 16:52:05,268bc398,BUY,MAKER,ENTRY_PENDING,9814559.0,0.00100000,0,0.00,0,0.00,default,full_day,0.9901,0.000004,0.1600,0.0016,0.55,0.0015,0.0015,0.05,0.0003,0.05,,,,,,
2026-08-03 16:52:33,a562ae46,BUY,MAKER,CANCEL_ORDER,9814559.0,0.00100000,0,0.00,0,0.00,default,full_day,0.1667,0.000053,0.1000,0.5000,0.55,0.0015,0.0015,0.05,0.0003,0.05,,IMBALANCE_REVERSAL,,,,
2026-08-03 16:52:35,1af4c717,SELL,MAKER,ENTRY_PENDING,9815119.0,0.00100000,0,0.00,0,0.00,default,full_day,0.0925,0.000053,0.0509,0.5000,0.55,0.0015,0.0015,0.05,0.0003,0.05,,,,,,
2026-08-03 16:52:43,3fc6ec02,SELL,MAKER,CANCEL_ORDER,9815119.0,0.00100000,0,0.00,0,0.00,default,full_day,0.9938,0.000062,0.1600,0.0010,0.55,0.0015,0.0015,0.05,0.0003,0.05,,IMBALANCE_REVERSAL,,,,
2026-08-03 16:52:45,fe611a46,BUY,MAKER,ENTRY_PENDING,9814559.0,0.00100000,0,0.00,0,0.00,default,full_day,0.9938,0.000062,0.1600,0.0010,0.55,0.0015,0.0015,0.05,0.0003,0.05,,,,,,
2026-08-03 16:53:46,5ee84a47,BUY,MAKER,CANCEL_ORDER,9814559.0,0.00100000,0,0.00,0,0.00,default,full_day,0.9596,0.000325,0.0247,0.0010,0.55,0.0015,0.0015,0.05,0.0003,0.05,,IMBALANCE_REVERSAL,,,,
2026-08-03 16:54:22,2a3662bc,SELL,MAKER,ENTRY_PENDING,9813439.0,0.00100000,0,0.00,0,0.00,default,full_day,0.0148,0.000028,0.0075,0.5000,0.55,0.0015,0.0015,0.05,0.0003,0.05,,,,,,
2026-08-03 16:54:30,7ce37c36,SELL,MAKER,CANCEL_ORDER,9813439.0,0.00100000,0,0.00,0,0.00,default,full_day,0.7808,0.000132,0.0075,0.0021,0.55,0.0015,0.0015,0.05,0.0003,0.05,,IMBALANCE_REVERSAL,,,,
2026-08-03 16:54:40,072065e4,BUY,MAKER,ENTRY_PENDING,9813164.0,0.00100000,0,0.00,0,0.00,default,full_day,0.9684,0.000132,0.0675,0.0022,0.55,0.0015,0.0015,0.05,0.0003,0.05,,,,,,
2026-08-03 16:54:47,129c0601,BUY,MAKER,CANCEL_ORDER,9813164.0,0.00100000,0,0.00,0,0.00,default,full_day,0.3125,0.000112,0.0010,0.0022,0.55,0.0015,0.0015,0.05,0.0003,0.05,,IMBALANCE_REVERSAL,,,,
2026-08-03 16:54:58,d742ed7c,BUY,MAKER,ENTRY_PENDING,9813164.0,0.00100000,0,0.00,0,0.00,default,full_day,0.9684,0.000132,0.0675,0.0022,0.55,0.0015,0.0015,0.05,0.0003,0.05,,,,,,
2026-08-03 16:55:01,9523e682,BUY,MAKER,CANCEL_ORDER,9813164.0,0.00100000,0,0.00,0,0.00,default,full_day,0.0337,0.000000,0.0010,0.0287,0.55,0.0015,0.0015,0.05,0.0003,0.05,,IMBALANCE_REVERSAL,,,,
2026-08-03 16:55:07,c27d4970,BUY,MAKER,ENTRY_PENDING,9813164.0,0.00100000,0,0.00,0,0.00,default,full_day,0.9646,0.000018,0.0600,0.0022,0.55,0.0015,0.0015,0.05,0.0003,0.05,,,,,,
2026-08-03 16:55:10,09c410ae,BUY,MAKER,CANCEL_ORDER,9813164.0,0.00100000,0,0.00,0,0.00,default,full_day,0.0345,0.000059,0.0010,0.0280,0.55,0.0015,0.0015,0.05,0.0003,0.05,,IMBALANCE_REVERSAL,,,,
2026-08-03 16:55:56,e87694d7,SELL,MAKER,ENTRY_PENDING,9815119.0,0.00100000,0,0.00,0,0.00,default,full_day,0.0147,0.000041,0.0075,0.5000,0.55,0.0015,0.0015,0.05,0.0003,0.05,,,,,,
2026-08-03 16:56:41,2af1de83,SELL,MAKER,CANCEL_ORDER,9815119.0,0.00100000,0,0.00,0,0.00,default,full_day,0.7059,0.000064,0.0600,0.0250,0.55,0.0015,0.0015,0.05,0.0003,0.05,,IMBALANCE_REVERSAL,,,,
2026-08-03 16:56:43,3f48f686,BUY,MAKER,ENTRY_PENDING,9813164.0,0.00100000,0,0.00,0,0.00,default,full_day,0.7059,0.000064,0.0600,0.0250,0.55,0.0015,0.0015,0.05,0.0003,0.05,,,,,,
2026-08-03 16:58:18,1ada05b1,BUY,MAKER,CANCEL_ORDER,9813164.0,0.00100000,0,0.00,0,0.00,default,full_day,0.4415,0.000000,0.0279,0.0353,0.55,0.0015,0.0015,0.05,0.0003,0.05,,IMBALANCE_REVERSAL,,,,
2026-08-03 16:58:27,7a74b056,SELL,MAKER,ENTRY_PENDING,9813163.0,0.00100000,0,0.00,0,0.00,default,full_day,0.3032,0.000000,0.0279,0.0642,0.55,0.0015,0.0015,0.05,0.0003,0.05,,,,,,
2026-08-03 16:58:34,c980cfc0,SELL,MAKER,CANCEL_ORDER,9813163.0,0.00100000,0,0.00,0,0.00,default,full_day,0.9270,0.000000,0.0279,0.0022,0.55,0.0015,0.0015,0.05,0.0003,0.05,,IMBALANCE_REVERSAL,,,,
2026-08-03 16:58:37,b3876cbc,BUY,MAKER,ENTRY_PENDING,9813164.0,0.00100000,0,0.00,0,0.00,default,full_day,0.9833,0.000000,0.1298,0.0022,0.55,0.0015,0.0015,0.05,0.0003,0.05,,,,,,
2026-08-03 16:58:39,b38d16ce,BUY,MAKER,CANCEL_ORDER,9813164.0,0.00100000,0,0.00,0,0.00,default,full_day,0.0379,0.000000,0.0010,0.0254,0.55,0.0015,0.0015,0.05,0.0003,0.05,,IMBALANCE_REVERSAL,,,,
2026-08-03 16:58:43,28898865,SELL,MAKER,ENTRY_PENDING,9813999.0,0.00100000,0,0.00,0,0.00,default,full_day,0.1707,0.000022,0.1029,0.5000,0.55,0.0015,0.0015,0.05,0.0003,0.05,,,,,,
2026-08-03 16:58:47,c20b2abe,SELL,MAKER,CANCEL_ORDER,9813999.0,0.00100000,0,0.00,0,0.00,default,full_day,0.9791,0.000000,0.1029,0.0022,0.55,0.0015,0.0015,0.05,0.0003,0.05,,IMBALANCE_REVERSAL,,,,
2026-08-03 16:58:49,caf502fb,BUY,MAKER,ENTRY_PENDING,9814306.0,0.00100000,0,0.00,0,0.00,default,full_day,0.9791,0.000000,0.1029,0.0022,0.55,0.0015,0.0015,0.05,0.0003,0.05,,,,,,
2026-08-03 16:58:51,8c90be1b,BUY,MAKER,CANCEL_ORDER,9814306.0,0.00100000,0,0.00,0,0.00,default,full_day,0.0020,0.000000,0.0010,0.5000,0.55,0.0015,0.0015,0.05,0.0003,0.05,,IMBALANCE_REVERSAL,,,,
2026-08-03 16:58:53,652781be,SELL,MAKER,ENTRY_PENDING,9815119.0,0.00100000,0,0.00,0,0.00,default,full_day,0.0020,0.000000,0.0010,0.5000,0.55,0.0015,0.0015,0.05,0.0003,0.05,,,,,,
2026-08-03 16:59:11,b73e3b03,SELL,MAKER,CANCEL_ORDER,9815119.0,0.00100000,0,0.00,0,0.00,default,full_day,0.7667,0.000020,0.1019,0.0310,0.55,0.0015,0.0015,0.05,0.0003,0.05,,IMBALANCE_REVERSAL,,,,
2026-08-03 16:59:14,8b73344a,BUY,MAKER,ENTRY_PENDING,9814366.0,0.00100000,0,0.00,0,0.00,default,full_day,0.6217,0.000020,0.0510,0.0310,0.55,0.0015,0.0015,0.05,0.0003,0.05,,,,,,
2026-08-03 16:59:18,ee09c3de,BUY,MAKER,CANCEL_ORDER,9814366.0,0.00100000,0,0.00,0,0.00,default,full_day,0.0312,0.000100,0.0010,0.0310,0.55,0.0015,0.0015,0.05,0.0003,0.05,,IMBALANCE_REVERSAL,,,,
2026-08-03 16:59:50,850a28b0,SELL,MAKER,ENTRY_PENDING,9815119.0,0.00100000,0,0.00,0,0.00,default,full_day,0.0925,0.000057,0.0510,0.5000,0.55,0.0015,0.0015,0.05,0.0003,0.05,,,,,,
2026-08-03 17:00:36,a43a7679,SELL,MAKER,CANCEL_ORDER,9815119.0,0.00100000,0,0.00,0,0.00,default,full_day,0.8359,0.000099,0.0509,0.0100,0.55,0.0015,0.0015,0.05,0.0003,0.05,,IMBALANCE_REVERSAL,,,,
2026-08-03 17:00:41,dc1baf17,BUY,MAKER,ENTRY_PENDING,9815298.0,0.00100000,0,0.00,0,0.00,default,full_day,0.8380,0.000157,0.0509,0.0098,0.55,0.0015,0.0015,0.05,0.0003,0.05,,,,,,
2026-08-03 17:00:45,d3b16921,BUY,MAKER,CANCEL_ORDER,9815298.0,0.00100000,0,0.00,0,0.00,default,full_day,0.0020,0.000063,0.0010,0.5000,0.55,0.0015,0.0015,0.05,0.0003,0.05,,IMBALANCE_REVERSAL,,,,
2026-08-03 17:00:47,555c5706,SELL,MAKER,ENTRY_PENDING,9817919.0,0.00100000,0,0.00,0,0.00,default,full_day,0.0020,0.000063,0.0010,0.5000,0.55,0.0015,0.0015,0.05,0.0003,0.05,,,,,,
2026-08-03 17:02:05,3c07ffc0,SELL,MAKER,CANCEL_ORDER,9817919.0,0.00100000,0,0.00,0,0.00,default,full_day,0.5085,0.000067,0.0279,0.0270,0.55,0.0015,0.0015,0.05,0.0003,0.05,,IMBALANCE_REVERSAL,,,,
2026-08-03 17:02:18,1474ac3a,SELL,MAKER,ENTRY_PENDING,9813163.0,0.00100000,0,0.00,0,0.00,default,full_day,0.2079,0.000109,0.0284,0.1083,0.55,0.0015,0.0015,0.05,0.0003,0.05,,,,,,
2026-08-03 17:03:04,529ddd2e,SELL,MAKER,CANCEL_ORDER,9813163.0,0.00100000,0,0.00,0,0.00,default,full_day,0.5394,0.000000,0.0375,0.0320,0.55,0.0015,0.0015,0.05,0.0003,0.05,,IMBALANCE_REVERSAL,,,,
2026-08-03 17:03:14,0f0c5032,SELL,MAKER,ENTRY_PENDING,9811399.0,0.00100000,0,0.00,0,0.00,default,full_day,0.1273,0.000000,0.0375,0.2570,0.55,0.0015,0.0015,0.05,0.0003,0.05,,,,,,
2026-08-03 17:04:30,78dafb37,SELL,MAKER,CANCEL_ORDER,9811399.0,0.00100000,0,0.00,0,0.00,default,full_day,0.6397,0.000061,0.0509,0.0287,0.55,0.0015,0.0015,0.05,0.0003,0.05,,IMBALANCE_REVERSAL,,,,
2026-08-03 17:04:32,1d7970a4,BUY,MAKER,ENTRY_PENDING,9811401.0,0.00100000,0,0.00,0,0.00,default,full_day,0.6293,0.000061,0.0509,0.0300,0.55,0.0015,0.0015,0.05,0.0003,0.05,,,,,,
2026-08-03 17:04:44,56f63b69,BUY,MAKER,CANCEL_ORDER,9811401.0,0.00100000,0,0.00,0,0.00,default,full_day,0.1912,0.000099,0.0010,0.0042,0.55,0.0015,0.0015,0.05,0.0003,0.05,,IMBALANCE_REVERSAL,,,,
2026-08-03 17:04:46,10b4ca15,SELL,MAKER,ENTRY_PENDING,9813438.0,0.00100000,0,0.00,0,0.00,default,full_day,0.0230,0.000208,0.0037,0.1578,0.55,0.0015,0.0015,0.05,0.0003,0.05,,,,,,
2026-08-03 17:05:13,d7b6782b,SELL,MAKER,CANCEL_ORDER,9813438.0,0.00100000,0,0.00,0,0.00,default,full_day,0.6744,0.000024,0.0510,0.0246,0.55,0.0015,0.0015,0.05,0.0003,0.05,,IMBALANCE_REVERSAL,,,,
2026-08-03 17:05:15,a2977e21,BUY,MAKER,ENTRY_PENDING,9813842.0,0.00100000,0,0.00,0,0.00,default,full_day,0.6744,0.000024,0.0510,0.0246,0.55,0.0015,0.0015,0.05,0.0003,0.05,,,,,,
2026-08-03 17:05:17,bb866140,BUY,MAKER,CANCEL_ORDER,9813842.0,0.00100000,0,0.00,0,0.00,default,full_day,0.0391,0.000008,0.0010,0.0246,0.55,0.0015,0.0015,0.05,0.0003,0.05,,IMBALANCE_REVERSAL,,,,
2026-08-03 17:05:23,84550310,BUY,MAKER,ENTRY_PENDING,9814001.0,0.00100000,0,0.00,0,0.00,default,full_day,0.6744,0.000008,0.0510,0.0246,0.55,0.0015,0.0015,0.05,0.0003,0.05,,,,,,
2026-08-03 17:05:45,94c90735,BUY,MAKER,CANCEL_ORDER,9814001.0,0.00100000,0,0.00,0,0.00,default,full_day,0.0391,0.000000,0.0010,0.0246,0.55,0.0015,0.0015,0.05,0.0003,0.05,,IMBALANCE_REVERSAL,,,,
2026-08-03 17:05:51,56fb4685,BUY,MAKER,ENTRY_PENDING,9814077.0,0.00100000,0,0.00,0,0.00,default,full_day,0.8071,0.000000,0.1029,0.0246,0.55,0.0015,0.0015,0.05,0.0003,0.05,,,,,,
2026-08-03 17:05:56,62dbc30f,BUY,MAKER,CANCEL_ORDER,9814077.0,0.00100000,0,0.00,0,0.00,default,full_day,0.0323,0.000088,0.0010,0.0300,0.55,0.0015,0.0015,0.05,0.0003,0.05,,IMBALANCE_REVERSAL,,,,
2026-08-03 17:05:58,24020f62,SELL,MAKER,ENTRY_PENDING,9814559.0,0.00100000,0,0.00,0,0.00,default,full_day,0.0020,0.000000,0.0010,0.5000,0.55,0.0015,0.0015,0.05,0.0003,0.05,,,,,,
2026-08-03 17:06:04,f196ac42,SELL,MAKER,CANCEL_ORDER,9814559.0,0.00100000,0,0.00,0,0.00,default,full_day,0.6294,0.000034,0.0509,0.0300,0.55,0.0015,0.0015,0.05,0.0003,0.05,,IMBALANCE_REVERSAL,,,,
2026-08-03 17:06:06,19ca5264,BUY,MAKER,ENTRY_PENDING,9815641.0,0.00100000,0,0.00,0,0.00,default,full_day,0.6294,0.000034,0.0509,0.0300,0.55,0.0015,0.0015,0.05,0.0003,0.05,,,,,,
2026-08-03 17:06:31,29423ff0,BUY,MAKER,CANCEL_ORDER,9815641.0,0.00100000,0,0.00,0,0.00,default,full_day,0.0099,0.000026,0.0001,0.0100,0.55,0.0015,0.0015,0.05,0.0003,0.05,,IMBALANCE_REVERSAL,,,,
2026-08-03 17:06:35,4915a39f,SELL,MAKER,ENTRY_PENDING,9815679.0,0.00100000,0,0.00,0,0.00,default,full_day,0.0002,0.000004,0.0001,0.5000,0.55,0.0015,0.0015,0.05,0.0003,0.05,,,,,,
2026-08-03 17:06:54,869db608,SELL,MAKER,CANCEL_ORDER,9815679.0,0.00100000,0,0.00,0,0.00,default,full_day,0.9114,0.000025,0.1019,0.0099,0.55,0.0015,0.0015,0.05,0.0003,0.05,,IMBALANCE_REVERSAL,,,,
2026-08-03 17:06:56,1b6d5e2c,BUY,MAKER,ENTRY_PENDING,9815653.0,0.00100000,0,0.00,0,0.00,default,full_day,0.9114,0.000025,0.1019,0.0099,0.55,0.0015,0.0015,0.05,0.0003,0.05,,,,,,
2026-08-03 17:07:19,e6773bf2,BUY,MAKER,CANCEL_ORDER,9815653.0,0.00100000,0,0.00,0,0.00,default,full_day,0.0099,0.000026,0.0001,0.0100,0.55,0.0015,0.0015,0.05,0.0003,0.05,,IMBALANCE_REVERSAL,,,,
2026-08-03 17:07:22,0ec89b3f,SELL,MAKER,ENTRY_PENDING,9816799.0,0.00100000,0,0.00,0,0.00,default,full_day,0.0925,0.000092,0.0509,0.5000,0.55,0.0015,0.0015,0.05,0.0003,0.05,,,,,,
2026-08-03 17:07:35,0678ae17,SELL,MAKER,CANCEL_ORDER,9816799.0,0.00100000,0,0.00,0,0.00,default,full_day,0.6797,0.000019,0.0509,0.0240,0.55,0.0015,0.0015,0.05,0.0003,0.05,,IMBALANCE_REVERSAL,,,,
2026-08-03 17:07:37,296c3a32,BUY,MAKER,ENTRY_PENDING,9816001.0,0.00100000,0,0.00,0,0.00,default,full_day,0.9882,0.000080,0.1000,0.0012,0.55,0.0015,0.0015,0.05,0.0003,0.05,,,,,,
2026-08-03 17:07:43,13f5a380,BUY,MAKER,CANCEL_ORDER,9816001.0,0.00100000,0,0.00,0,0.00,default,full_day,0.0111,0.000466,0.0010,0.0894,0.55,0.0015,0.0015,0.05,0.0003,0.05,,IMBALANCE_REVERSAL,,,,
2026-08-03 17:08:09,39a44575,SELL,MAKER,ENTRY_PENDING,9811849.0,0.00100000,0,0.00,0,0.00,default,full_day,0.0182,0.000046,0.0037,0.2000,0.55,0.0015,0.0015,0.05,0.0003,0.05,,,,,,
2026-08-03 17:08:28,32decbad,SELL,MAKER,CANCEL_ORDER,9811849.0,0.00100000,0,0.00,0,0.00,default,full_day,0.0484,0.000397,0.0079,0.1552,0.55,0.0015,0.0015,0.05,0.0003,0.05,,IMBALANCE_REVERSAL,,,,
2026-08-03 17:08:30,783e9b48,BUY,MAKER,ENTRY_PENDING,9806997.0,0.00100000,0,0.00,0,0.00,default,full_day,0.6536,0.000112,0.0509,0.0270,0.55,0.0015,0.0015,0.05,0.0003,0.05,,,,,,
2026-08-03 17:08:33,581e8269,BUY,MAKER,CANCEL_ORDER,9806997.0,0.00100000,0,0.00,0,0.00,default,full_day,0.0353,0.000045,0.0010,0.0273,0.55,0.0015,0.0015,0.05,0.0003,0.05,,IMBALANCE_REVERSAL,,,,
2026-08-03 17:08:42,342a7088,BUY,MAKER,ENTRY_PENDING,9803351.0,0.00100000,0,0.00,0,0.00,default,full_day,0.6799,0.000009,0.0510,0.0240,0.55,0.0015,0.0015,0.05,0.0003,0.05,,,,,,
2026-08-03 17:09:13,6720d6c3,BUY,MAKER,CANCEL_ORDER,9803351.0,0.00100000,0,0.00,0,0.00,default,full_day,0.0004,0.000009,0.0000,0.0246,0.55,0.0015,0.0015,0.05,0.0003,0.05,,IMBALANCE_REVERSAL,,,,
2026-08-03 17:10:30,82241696,SELL,MAKER,ENTRY_PENDING,9802239.0,0.00100000,0,0.00,0,0.00,default,full_day,0.0012,0.000016,0.0006,0.5000,0.55,0.0015,0.0015,0.05,0.0003,0.05,,,,,,
2026-08-03 17:10:38,4cc2aac8,SELL,MAKER,CANCEL_ORDER,9802239.0,0.00100000,0,0.00,0,0.00,default,full_day,0.8014,0.000042,0.0993,0.0246,0.55,0.0015,0.0015,0.05,0.0003,0.05,,IMBALANCE_REVERSAL,,,,
2026-08-03 17:10:40,a4bf86b2,BUY,MAKER,ENTRY_PENDING,9800651.0,0.00100000,0,0.00,0,0.00,default,full_day,0.8002,0.000037,0.0985,0.0246,0.55,0.0015,0.0015,0.05,0.0003,0.05,,,,,,
2026-08-03 17:11:04,25f39d82,BUY,MAKER,CANCEL_ORDER,9800651.0,0.00100000,0,0.00,0,0.00,default,full_day,0.4533,0.000000,0.0500,0.0603,0.55,0.0015,0.0015,0.05,0.0003,0.05,,IMBALANCE_REVERSAL,,,,
2026-08-03 17:11:27,c1d9e688,SELL,MAKER,ENTRY_PENDING,9800020.0,0.00100000,0,0.00,0,0.00,default,full_day,0.4486,0.000000,0.0500,0.0615,0.55,0.0015,0.0015,0.05,0.0003,0.05,,,,,,
2026-08-03 17:11:54,2b8f416a,SELL,MAKER,CANCEL_ORDER,9800020.0,0.00100000,0,0.00,0,0.00,default,full_day,0.9687,0.000002,2.9860,0.0965,0.55,0.0015,0.0015,0.05,0.0003,0.05,,IMBALANCE_REVERSAL,,,,
2026-08-03 17:11:56,43c9c492,BUY,MAKER,ENTRY_PENDING,9800001.0,0.00100000,0,0.00,0,0.00,default,full_day,0.9966,0.000000,2.9860,0.0102,0.55,0.0015,0.0015,0.05,0.0003,0.05,,,,,,
2026-08-03 17:13:04,a75af1f7,BUY,MAKER,CANCEL_ORDER,9800001.0,0.00100000,0,0.00,0,0.00,default,full_day,0.0079,0.000059,0.0040,0.5000,0.55,0.0015,0.0015,0.05,0.0003,0.05,,IMBALANCE_REVERSAL,,,,
2026-08-03 17:13:06,10979768,SELL,MAKER,ENTRY_PENDING,9802239.0,0.00100000,0,0.00,0,0.00,default,full_day,0.0471,0.000057,0.0247,0.5000,0.55,0.0015,0.0015,0.05,0.0003,0.05,,,,,,
2026-08-03 17:13:10,9518e085,SELL,MAKER,CANCEL_ORDER,9802239.0,0.00100000,0,0.00,0,0.00,default,full_day,0.7194,0.000221,0.1000,0.0390,0.55,0.0015,0.0015,0.05,0.0003,0.05,,IMBALANCE_REVERSAL,,,,
2026-08-03 17:13:12,c15b1092,BUY,MAKER,ENTRY_PENDING,9801752.0,0.00100000,0,0.00,0,0.00,default,full_day,0.7234,0.000221,0.1020,0.0390,0.55,0.0015,0.0015,0.05,0.0003,0.05,,,,,,
2026-08-03 17:13:16,1c2982c6,BUY,MAKER,CANCEL_ORDER,9801752.0,0.00100000,0,0.00,0,0.00,default,full_day,0.1695,0.000102,0.1020,0.5000,0.55,0.0015,0.0015,0.05,0.0003,0.05,,IMBALANCE_REVERSAL,,,,
2026-08-03 17:13:18,b0616e61,SELL,MAKER,ENTRY_PENDING,9802799.0,0.00100000,0,0.00,0,0.00,default,full_day,0.1667,0.000097,0.1000,0.5000,0.55,0.0015,0.0015,0.05,0.0003,0.05,,,,,,
2026-08-03 17:13:43,e616d253,SELL,MAKER,CANCEL_ORDER,9802799.0,0.00100000,0,0.00,0,0.00,default,full_day,0.9726,0.000166,0.2020,0.0057,0.55,0.0015,0.0015,0.05,0.0003,0.05,,IMBALANCE_REVERSAL,,,,
2026-08-03 17:13:46,9a69987b,BUY,MAKER,ENTRY_PENDING,9803609.0,0.00100000,0,0.00,0,0.00,default,full_day,0.9107,0.000200,0.1020,0.0100,0.55,0.0015,0.0015,0.05,0.0003,0.05,,,,,,
2026-08-03 17:14:52,6e1cc659,BUY,MAKER,CANCEL_ORDER,9803609.0,0.00100000,0,0.00,0,0.00,default,full_day,0.0238,0.000090,0.0010,0.0410,0.55,0.0015,0.0015,0.05,0.0003,0.05,,IMBALANCE_REVERSAL,,,,
2026-08-03 17:14:55,44563565,SELL,MAKER,ENTRY_PENDING,9807838.0,0.00100000,0,0.00,0,0.00,default,full_day,0.0152,0.000127,0.0010,0.0650,0.55,0.0015,0.0015,0.05,0.0003,0.05,,,,,,
2026-08-03 17:15:27,9de6d0f8,SELL,MAKER,CANCEL_ORDER,9807838.0,0.00100000,0,0.00,0,0.00,default,full_day,0.6314,0.000129,0.0510,0.0298,0.55,0.0015,0.0015,0.05,0.0003,0.05,,IMBALANCE_REVERSAL,,,,
2026-08-03 17:15:29,f69c7b2e,BUY,MAKER,ENTRY_PENDING,9807139.0,0.00100000,0,0.00,0,0.00,default,full_day,0.6314,0.000129,0.0510,0.0298,0.55,0.0015,0.0015,0.05,0.0003,0.05,,,,,,
2026-08-03 17:15:32,946f4e77,BUY,MAKER,CANCEL_ORDER,9807139.0,0.00100000,0,0.00,0,0.00,default,full_day,0.0325,0.000069,0.0010,0.0298,0.55,0.0015,0.0015,0.05,0.0003,0.05,,IMBALANCE_REVERSAL,,,,
2026-08-03 17:15:38,90efcfab,BUY,MAKER,ENTRY_PENDING,9808399.0,0.00100000,0,0.00,0,0.00,default,full_day,0.7222,0.000094,0.0502,0.0193,0.55,0.0015,0.0015,0.05,0.0003,0.05,,,,,,
2026-08-03 17:15:44,8f18a150,BUY,MAKER,CANCEL_ORDER,9808399.0,0.00100000,0,0.00,0,0.00,default,full_day,0.0925,0.000114,0.0510,0.5000,0.55,0.0015,0.0015,0.05,0.0003,0.05,,IMBALANCE_REVERSAL,,,,
2026-08-03 17:15:46,797cd6b7,SELL,MAKER,ENTRY_PENDING,9809519.0,0.00100000,0,0.00,0,0.00,default,full_day,0.0925,0.000109,0.0510,0.5000,0.55,0.0015,0.0015,0.05,0.0003,0.05,,,,,,
2026-08-03 17:16:00,d364c18d,SELL,MAKER,CANCEL_ORDER,9809519.0,0.00100000,0,0.00,0,0.00,default,full_day,0.9615,0.000045,0.0250,0.0010,0.55,0.0015,0.0015,0.05,0.0003,0.05,,IMBALANCE_REVERSAL,,,,
2026-08-03 17:16:04,0fb76f16,BUY,MAKER,ENTRY_PENDING,9807233.0,0.00100000,0,0.00,0,0.00,default,full_day,0.9808,0.000070,0.0510,0.0010,0.55,0.0015,0.0015,0.05,0.0003,0.05,,,,,,
2026-08-03 17:16:24,cc389177,BUY,MAKER,CANCEL_ORDER,9807233.0,0.00100000,0,0.00,0,0.00,default,full_day,0.3650,0.000000,0.0010,0.0017,0.55,0.0015,0.0015,0.05,0.0003,0.05,,IMBALANCE_REVERSAL,,,,
2026-08-03 17:16:34,031e21f9,BUY,MAKER,ENTRY_PENDING,9806596.0,0.00100000,0,0.00,0,0.00,default,full_day,0.9830,0.000000,0.0520,0.0009,0.55,0.0015,0.0015,0.05,0.0003,0.05,,,,,,
2026-08-03 17:16:43,2d68899d,BUY,MAKER,CANCEL_ORDER,9806596.0,0.00100000,0,0.00,0,0.00,default,full_day,0.4630,0.000000,0.0010,0.0012,0.55,0.0015,0.0015,0.05,0.0003,0.05,,IMBALANCE_REVERSAL,,,,
2026-08-03 17:16:54,2b129396,SELL,MAKER,ENTRY_PENDING,9801679.0,0.00100000,0,0.00,0,0.00,default,full_day,0.0020,0.000098,0.0010,0.5000,0.55,0.0015,0.0015,0.05,0.0003,0.05,,,,,,
2026-08-03 17:17:02,0014b718,SELL,MAKER,CANCEL_ORDER,9801679.0,0.00100000,0,0.00,0,0.00,default,full_day,0.9962,0.000102,2.8849,0.0110,0.55,0.0015,0.0015,0.05,0.0003,0.05,,IMBALANCE_REVERSAL,,,,
2026-08-03 17:17:04,5d3e4c6f,BUY,MAKER,ENTRY_PENDING,9800001.0,0.00100000,0,0.00,0,0.00,default,full_day,0.9997,0.000037,2.8849,0.0010,0.55,0.0015,0.0015,0.05,0.0003,0.05,,,,,,
2026-08-03 17:17:49,ef8af48d,BUY,MAKER,CANCEL_ORDER,9800001.0,0.00100000,0,0.00,0,0.00,default,full_day,0.0079,0.000071,0.0040,0.5000,0.55,0.0015,0.0015,0.05,0.0003,0.05,,IMBALANCE_REVERSAL,,,,
2026-08-03 17:17:51,7701d916,SELL,MAKER,ENTRY_PENDING,9803359.0,0.00100000,0,0.00,0,0.00,default,full_day,0.1695,0.000210,0.1020,0.5000,0.55,0.0015,0.0015,0.05,0.0003,0.05,,,,,,
2026-08-03 17:18:03,ed6a12b5,SELL,MAKER,CANCEL_ORDER,9803359.0,0.00100000,0,0.00,0,0.00,default,full_day,0.9997,0.000193,2.8822,0.0010,0.55,0.0015,0.0015,0.05,0.0003,0.05,,IMBALANCE_REVERSAL,,,,
2026-08-03 17:18:05,96f54f67,BUY,MAKER,ENTRY_PENDING,9800001.0,0.00100000,0,0.00,0,0.00,default,full_day,0.9997,0.000193,2.8822,0.0010,0.55,0.0015,0.0015,0.05,0.0003,0.05,,,,,,
2026-08-03 17:21:04,53063048,BUY,MAKER,CANCEL_ORDER,9800001.0,0.00100000,0,0.00,0,0.00,default,full_day,0.0414,0.000000,0.0147,0.3408,0.55,0.0015,0.0015,0.05,0.0003,0.05,,IMBALANCE_REVERSAL,,,,
2026-08-03 17:21:09,a94c6118,SELL,MAKER,ENTRY_PENDING,9791599.0,0.00100000,0,0.00,0,0.00,default,full_day,0.0392,0.000150,0.0204,0.5000,0.55,0.0015,0.0015,0.05,0.0003,0.05,,,,,,
2026-08-03 17:21:12,4d986381,SELL,MAKER,CANCEL_ORDER,9791599.0,0.00100000,0,0.00,0,0.00,default,full_day,0.9350,0.000092,0.0511,0.0036,0.55,0.0015,0.0015,0.05,0.0003,0.05,,IMBALANCE_REVERSAL,,,,
2026-08-03 17:21:14,dd4f8b03,BUY,MAKER,ENTRY_PENDING,9790202.0,0.00100000,0,0.00,0,0.00,default,full_day,0.9808,0.000052,0.0511,0.0010,0.55,0.0015,0.0015,0.05,0.0003,0.05,,,,,,
2026-08-03 17:21:23,c55452ac,BUY,MAKER,CANCEL_ORDER,9790202.0,0.00100000,0,0.00,0,0.00,default,full_day,0.3557,0.000000,0.0081,0.0146,0.55,0.0015,0.0015,0.05,0.0003,0.05,,IMBALANCE_REVERSAL,,,,
2026-08-03 17:21:30,0ddb0f1a,SELL,MAKER,ENTRY_PENDING,9785007.0,0.00100000,0,0.00,0,0.00,default,full_day,0.0985,0.000000,0.0260,0.2379,0.55,0.0015,0.0015,0.05,0.0003,0.05,,,,,,
2026-08-03 17:21:42,1bbc6e0d,SELL,MAKER,CANCEL_ORDER,9785007.0,0.00100000,0,0.00,0,0.00,default,full_day,0.7994,0.000511,1.0449,0.2623,0.55,0.0015,0.0015,0.05,0.0003,0.05,,IMBALANCE_REVERSAL,,,,
2026-08-03 17:21:44,0b7b2076,BUY,MAKER,ENTRY_PENDING,9780001.0,0.00100000,0,0.00,0,0.00,default,full_day,0.9236,0.000000,1.1220,0.0928,0.55,0.0015,0.0015,0.05,0.0003,0.05,,,,,,
2026-08-03 17:22:13,83db6a3d,BUY,MAKER,CANCEL_ORDER,9780001.0,0.00100000,0,0.00,0,0.00,default,full_day,0.3350,0.000000,0.1907,0.3785,0.55,0.0015,0.0015,0.05,0.0003,0.05,,IMBALANCE_REVERSAL,,,,
2026-08-03 17:22:15,35817bff,SELL,MAKER,ENTRY_PENDING,9780000.0,0.00100000,0,0.00,0,0.00,default,full_day,0.3350,0.000000,0.1907,0.3785,0.55,0.0015,0.0015,0.05,0.0003,0.05,,,,,,
2026-08-03 17:22:18,81ee8497,SELL,MAKER,CANCEL_ORDER,9780000.0,0.00100000,0,0.00,0,0.00,default,full_day,0.0097,0.000307,0.0040,0.4063,0.55,0.0015,0.0015,0.05,0.0003,0.05,,IMBALANCE_REVERSAL,,,,
2026-08-03 17:22:20,5367ecb2,BUY,MAKER,ENTRY_PENDING,9775001.0,0.00100000,0,0.00,0,0.00,default,full_day,0.9822,0.000017,2.0402,0.0369,0.55,0.0015,0.0015,0.05,0.0003,0.05,,,,,,
2026-08-03 17:22:24,6bbdfc19,BUY,MAKER,CANCEL_ORDER,9775001.0,0.00100000,0,0.00,0,0.00,default,full_day,0.4737,0.000008,0.0270,0.0300,0.55,0.0015,0.0015,0.05,0.0003,0.05,,IMBALANCE_REVERSAL,,,,
2026-08-03 17:22:30,3c206782,BUY,MAKER,ENTRY_PENDING,9775001.0,0.00100000,0,0.00,0,0.00,default,full_day,0.9996,0.000020,2.0402,0.0008,0.55,0.0015,0.0015,0.05,0.0003,0.05,,,,,,
2026-08-03 17:22:48,5c0940af,BUY,MAKER,CANCEL_ORDER,9775001.0,0.00100000,0,0.00,0,0.00,default,full_day,0.0512,0.000038,0.0270,0.5000,0.55,0.0015,0.0015,0.05,0.0003,0.05,,IMBALANCE_REVERSAL,,,,
2026-08-03 17:22:50,266185a9,SELL,MAKER,ENTRY_PENDING,9775919.0,0.00100000,0,0.00,0,0.00,default,full_day,0.0512,0.000011,0.0270,0.5000,0.55,0.0015,0.0015,0.05,0.0003,0.05,,,,,,
2026-08-03 17:23:08,40af07d5,SELL,MAKER,CANCEL_ORDER,9775919.0,0.00100000,0,0.00,0,0.00,default,full_day,0.8872,0.000000,0.1023,0.0130,0.55,0.0015,0.0015,0.05,0.0003,0.05,,IMBALANCE_REVERSAL,,,,
2026-08-03 17:23:10,c455fea2,BUY,MAKER,ENTRY_PENDING,9776167.0,0.00100000,0,0.00,0,0.00,default,full_day,0.9452,0.000114,0.1123,0.0065,0.55,0.0015,0.0015,0.05,0.0003,0.05,,,,,,
2026-08-03 17:23:13,fccb4f27,BUY,MAKER,CANCEL_ORDER,9776167.0,0.00100000,0,0.00,0,0.00,default,full_day,0.1698,0.000070,0.1023,0.5000,0.55,0.0015,0.0015,0.05,0.0003,0.05,,IMBALANCE_REVERSAL,,,,
2026-08-03 17:23:15,67e22a76,SELL,MAKER,ENTRY_PENDING,9777039.0,0.00100000,0,0.00,0,0.00,default,full_day,0.1667,0.000045,0.1000,0.5000,0.55,0.0015,0.0015,0.05,0.0003,0.05,,,,,,
2026-08-03 17:24:19,442af980,SELL,MAKER,CANCEL_ORDER,9777039.0,0.00100000,0,0.00,0,0.00,default,full_day,0.3879,0.000226,0.1000,0.1578,0.55,0.0015,0.0015,0.05,0.0003,0.05,,ENTRY_DEVIATION,false,true,1.07,0.078398
2026-08-03 17:24:19,f8782769,SELL,MAKER,ENTRY_PENDING,9785806.0,0.00100000,0,0.00,0,0.00,default,full_day,0.0310,0.000095,0.0048,0.1500,0.55,0.0015,0.0015,0.05,0.0003,0.05,,,,,,
2026-08-03 17:24:22,bcdf3dbc,SELL,MAKER,CANCEL_ORDER,9785806.0,0.00100000,0,0.00,0,0.00,default,full_day,0.7940,0.000163,0.1118,0.0290,0.55,0.0015,0.0015,0.05,0.0003,0.05,,IMBALANCE_REVERSAL,,,,
2026-08-03 17:24:24,024132ad,BUY,MAKER,ENTRY_PENDING,9784881.0,0.00100000,0,0.00,0,0.00,default,full_day,0.9031,0.000189,0.0607,0.0065,0.55,0.0015,0.0015,0.05,0.0003,0.05,,,,,,
2026-08-03 17:24:39,2d64648b,BUY,MAKER,CANCEL_ORDER,9784881.0,0.00100000,0,0.00,0,0.00,default,full_day,0.2445,0.000075,0.0511,0.1578,0.55,0.0015,0.0015,0.05,0.0003,0.05,,IMBALANCE_REVERSAL,,,,
2026-08-03 17:24:41,e059a626,SELL,MAKER,ENTRY_PENDING,9783198.0,0.00100000,0,0.00,0,0.00,default,full_day,0.1367,0.000189,0.0250,0.1578,0.55,0.0015,0.0015,0.05,0.0003,0.05,,,,,,
2026-08-03 17:24:51,7f809b95,SELL,MAKER,CANCEL_ORDER,9783198.0,0.00100000,0,0.00,0,0.00,default,full_day,0.7692,0.000236,0.1000,0.0300,0.55,0.0015,0.0015,0.05,0.0003,0.05,,IMBALANCE_REVERSAL,,,,
2026-08-03 17:24:53,925bceff,BUY,MAKER,ENTRY_PENDING,9781452.0,0.00100000,0,0.00,0,0.00,default,full_day,0.6633,0.000231,0.0591,0.0300,0.55,0.0015,0.0015,0.05,0.0003,0.05,,,,,,
2026-08-03 17:25:13,c79c060b,BUY,MAKER,CANCEL_ORDER,9781452.0,0.00100000,0,0.00,0,0.00,default,full_day,0.0014,0.000000,0.0001,0.0714,0.55,0.0015,0.0015,0.05,0.0003,0.05,,IMBALANCE_REVERSAL,,,,
2026-08-03 17:25:15,39423d75,SELL,MAKER,ENTRY_PENDING,9781701.0,0.00100000,0,0.00,0,0.00,default,full_day,0.0014,0.000000,0.0001,0.0714,0.55,0.0015,0.0015,0.05,0.0003,0.05,,,,,,
2026-08-03 17:26:46,99b9628c,SELL,MAKER,CANCEL_ORDER,9781701.0,0.00100000,0,0.00,0,0.00,default,full_day,0.9103,0.000111,0.1015,0.0100,0.55,0.0015,0.0015,0.05,0.0003,0.05,,IMBALANCE_REVERSAL,,,,
2026-08-03 17:26:48,6599a48a,BUY,MAKER,ENTRY_PENDING,9780401.0,0.00100000,0,0.00,0,0.00,default,full_day,0.9103,0.000111,0.1015,0.0100,0.55,0.0015,0.0015,0.05,0.0003,0.05,,,,,,
2026-08-03 17:27:32,70499078,BUY,MAKER,CANCEL_ORDER,9780401.0,0.00100000,0,0.00,0,0.00,default,full_day,0.1667,0.000110,0.1000,0.5000,0.55,0.0015,0.0015,0.05,0.0003,0.05,,IMBALANCE_REVERSAL,,,,
2026-08-03 17:27:34,e6ac4650,SELL,MAKER,ENTRY_PENDING,9777039.0,0.00100000,0,0.00,0,0.00,default,full_day,0.0909,0.000158,0.1000,1.0000,0.55,0.0015,0.0015,0.05,0.0003,0.05,,,,,,
2026-08-03 17:27:37,49ccef25,SELL,MAKER,CANCEL_ORDER,9777039.0,0.00100000,0,0.00,0,0.00,default,full_day,0.7719,0.000214,0.1015,0.0300,0.55,0.0015,0.0015,0.05,0.0003,0.05,,IMBALANCE_REVERSAL,,,,
2026-08-03 17:27:39,384cc03a,BUY,MAKER,ENTRY_PENDING,9775502.0,0.00100000,0,0.00,0,0.00,default,full_day,0.6269,0.000214,0.0504,0.0300,0.55,0.0015,0.0015,0.05,0.0003,0.05,,,,,,
2026-08-03 17:27:46,5c3ae561,BUY,MAKER,CANCEL_ORDER,9775502.0,0.00100000,0,0.00,0,0.00,default,full_day,0.0512,0.000127,0.0270,0.5000,0.55,0.0015,0.0015,0.05,0.0003,0.05,,IMBALANCE_REVERSAL,,,,
2026-08-03 17:27:48,e773dd08,SELL,MAKER,ENTRY_PENDING,9777039.0,0.00100000,0,0.00,0,0.00,default,full_day,0.0512,0.000105,0.0270,0.5000,0.55,0.0015,0.0015,0.05,0.0003,0.05,,,,,,
2026-08-03 17:27:59,9fe1f5dd,SELL,MAKER,CANCEL_ORDER,9777039.0,0.00100000,0,0.00,0,0.00,default,full_day,0.7726,0.000128,0.1019,0.0300,0.55,0.0015,0.0015,0.05,0.0003,0.05,,IMBALANCE_REVERSAL,,,,
2026-08-03 17:28:06,0fd8e346,SELL,MAKER,ENTRY_PENDING,9777436.0,0.00100000,0,0.00,0,0.00,default,full_day,0.1234,0.000184,0.0072,0.0511,0.55,0.0015,0.0015,0.05,0.0003,0.05,,,,,,
2026-08-03 17:28:08,2a0e0ef4,SELL,MAKER,CANCEL_ORDER,9777436.0,0.00100000,0,0.00,0,0.00,default,full_day,0.9519,0.000065,2.0207,0.1021,0.55,0.0015,0.0015,0.05,0.0003,0.05,,IMBALANCE_REVERSAL,,,,
2026-08-03 17:28:10,a0304893,BUY,MAKER,ENTRY_PENDING,9775001.0,0.00100000,0,0.00,0,0.00,default,full_day,0.9995,0.000000,2.0207,0.0010,0.55,0.0015,0.0015,0.05,0.0003,0.05,,,,,,
2026-08-03 17:30:31,fba2bb3c,BUY,MAKER,CANCEL_ORDER,9775001.0,0.00100000,0,0.00,0,0.00,default,full_day,0.0928,0.000050,0.0512,0.5000,0.55,0.0015,0.0015,0.05,0.0003,0.05,,IMBALANCE_REVERSAL,,,,
2026-08-03 17:30:36,2b356ff9,BUY,MAKER,ENTRY_PENDING,9776950.0,0.00100000,0,0.00,0,0.00,default,full_day,0.7720,0.000009,0.1016,0.0300,0.55,0.0015,0.0015,0.05,0.0003,0.05,,,,,,
2026-08-03 17:30:42,3dba6aa4,BUY,MAKER,CANCEL_ORDER,9776950.0,0.00100000,0,0.00,0,0.00,default,full_day,0.1688,0.000009,0.1016,0.5000,0.55,0.0015,0.0015,0.05,0.0003,0.05,,IMBALANCE_REVERSAL,,,,
2026-08-03 17:30:45,062b7af6,SELL,MAKER,ENTRY_PENDING,9777599.0,0.00100000,0,0.00,0,0.00,default,full_day,0.1688,0.000067,0.1016,0.5000,0.55,0.0015,0.0015,0.05,0.0003,0.05,,,,,,
2026-08-03 17:31:12,98a9e53c,SELL,MAKER,CANCEL_ORDER,9777599.0,0.00100000,0,0.00,0,0.00,default,full_day,0.9944,0.000094,1.7625,0.0100,0.55,0.0015,0.0015,0.05,0.0003,0.05,,IMBALANCE_REVERSAL,,,,
2026-08-03 17:31:14,9ebf61bd,BUY,MAKER,ENTRY_PENDING,9775001.0,0.00100000,0,0.00,0,0.00,default,full_day,0.9944,0.000094,1.7625,0.0100,0.55,0.0015,0.0015,0.05,0.0003,0.05,,,,,,
2026-08-03 17:31:17,05614b51,BUY,MAKER,CANCEL_ORDER,9775001.0,0.00100000,0,0.00,0,0.00,default,full_day,0.0079,0.000089,0.0040,0.5000,0.55,0.0015,0.0015,0.05,0.0003,0.05,,IMBALANCE_REVERSAL,,,,
2026-08-03 17:31:19,23eedf57,SELL,MAKER,ENTRY_PENDING,9776479.0,0.00100000,0,0.00,0,0.00,default,full_day,0.0021,0.000046,0.0010,0.4800,0.55,0.0015,0.0015,0.05,0.0003,0.05,,,,,,
2026-08-03 17:32:00,6d7d5da5,SELL,MAKER,CANCEL_ORDER,9776479.0,0.00100000,0,0.00,0,0.00,default,full_day,0.1972,0.000313,0.0021,0.0085,0.55,0.0015,0.0015,0.05,0.0003,0.05,,IMBALANCE_REVERSAL,,,,
2026-08-03 17:32:02,9fad5355,BUY,MAKER,ENTRY_PENDING,9775692.0,0.00100000,0,0.00,0,0.00,default,full_day,0.8981,0.000252,0.0750,0.0085,0.55,0.0015,0.0015,0.05,0.0003,0.05,,,,,,
2026-08-03 17:34:42,d59ada7d,BUY,MAKER,CANCEL_ORDER,9775692.0,0.00100000,0,0.00,0,0.00,default,full_day,0.4534,0.000000,0.3140,0.3786,0.55,0.0015,0.0015,0.05,0.0003,0.05,,IMBALANCE_REVERSAL,,,,
2026-08-03 17:35:01,19acec86,BUY,MAKER,ENTRY_PENDING,9775001.0,0.00100000,0,0.00,0,0.00,default,full_day,0.5581,0.000000,0.3140,0.2487,0.55,0.0015,0.0015,0.05,0.0003,0.05,,,,,,
2026-08-03 17:35:57,62655a0a,BUY,MAKER,CANCEL_ORDER,9775001.0,0.00100000,0,0.00,0,0.00,default,full_day,0.0016,0.000102,0.0011,0.7056,0.55,0.0015,0.0015,0.05,0.0003,0.05,,IMBALANCE_REVERSAL,,,,
2026-08-03 17:35:59,302c27ca,SELL,MAKER,ENTRY_PENDING,9770001.0,0.00100000,0,0.00,0,0.00,default,full_day,0.3777,0.000000,0.0303,0.0500,0.55,0.0015,0.0015,0.05,0.0003,0.05,,,,,,
2026-08-03 17:36:03,083c117f,SELL,MAKER,CANCEL_ORDER,9770001.0,0.00100000,0,0.00,0,0.00,default,full_day,0.0788,0.000468,0.0400,0.4673,0.55,0.0015,0.0015,0.05,0.0003,0.05,,IMBALANCE_REVERSAL,,,,
2026-08-03 17:36:06,460da70b,BUY,MAKER,ENTRY_PENDING,9762933.0,0.00100000,0,0.00,0,0.00,default,full_day,0.9809,0.000192,0.0512,0.0010,0.55,0.0015,0.0015,0.05,0.0003,0.05,,,,,,
2026-08-03 17:36:09,f81d454d,BUY,MAKER,CANCEL_ORDER,9762933.0,0.00100000,0,0.00,0,0.00,default,full_day,0.0204,0.000146,0.0010,0.0479,0.55,0.0015,0.0015,0.05,0.0003,0.05,,IMBALANCE_REVERSAL,,,,
2026-08-03 17:36:12,64d2ee6c,SELL,MAKER,ENTRY_PENDING,9764051.0,0.00100000,0,0.00,0,0.00,default,full_day,0.4429,0.000000,0.0513,0.0645,0.55,0.0015,0.0015,0.05,0.0003,0.05,,,,,,
2026-08-03 17:36:14,d8436ae0,SELL,MAKER,CANCEL_ORDER,9764051.0,0.00100000,0,0.00,0,0.00,default,full_day,0.6739,0.000000,0.0513,0.0248,0.55,0.0015,0.0015,0.05,0.0003,0.05,,IMBALANCE_REVERSAL,,,,
2026-08-03 17:36:16,fa76016f,BUY,MAKER,ENTRY_PENDING,9764052.0,0.00100000,0,0.00,0,0.00,default,full_day,0.8533,0.000000,0.0513,0.0088,0.55,0.0015,0.0015,0.05,0.0003,0.05,,,,,,
2026-08-03 17:36:24,1ad8f077,BUY,MAKER,CANCEL_ORDER,9764052.0,0.00100000,0,0.00,0,0.00,default,full_day,0.0020,0.000115,0.0010,0.5000,0.55,0.0015,0.0015,0.05,0.0003,0.05,,IMBALANCE_REVERSAL,,,,
2026-08-03 17:36:26,21cc32df,SELL,MAKER,ENTRY_PENDING,9769199.0,0.00100000,0,0.00,0,0.00,default,full_day,0.0022,0.000000,0.0011,0.5000,0.55,0.0015,0.0015,0.05,0.0003,0.05,,,,,,
2026-08-03 17:36:47,461c0571,SELL,MAKER,ENTRY,9769199.0,0.00100000,0,0.00,0,0.00,default,full_day,0.0020,0.000000,0.0010,0.4929,0.55,0.0015,0.0015,0.05,0.0003,0.05,,,,,,
2026-08-03 17:45:09,3c3f0914,BUY,TAKER,STOP_LOSS,9784096.0,0.00100000,0,-14.90,501,-153.44,default,full_day,0.9998,0.000000,0.1580,0.0000,0.55,0.0015,0.0015,0.05,0.0003,0.05,,,,,,
2026-08-03 17:45:09,f90c3b76,BUY,MAKER,ENTRY_PENDING,9791257.0,0.00100000,0,0.00,0,0.00,default,full_day,0.9995,0.000000,0.0580,0.0000,0.55,0.0015,0.0015,0.05,0.0003,0.05,,,,,,
2026-08-03 17:45:14,7a8acb0c,BUY,MAKER,CANCEL_ORDER,9791257.0,0.00100000,0,0.00,0,0.00,default,full_day,0.1776,0.000000,0.1080,0.5000,0.55,0.0015,0.0015,0.05,0.0003,0.05,,IMBALANCE_REVERSAL,,,,
2026-08-03 17:45:16,a892d294,SELL,MAKER,ENTRY_PENDING,9792159.0,0.00100000,0,0.00,0,0.00,default,full_day,0.2412,0.000000,0.1590,0.5000,0.55,0.0015,0.0015,0.05,0.0003,0.05,,,,,,
2026-08-03 17:45:24,9be96da8,SELL,MAKER,CANCEL_ORDER,9792159.0,0.00100000,0,0.00,0,0.00,default,full_day,0.9980,0.000014,0.1000,0.0002,0.55,0.0015,0.0015,0.05,0.0003,0.05,,IMBALANCE_REVERSAL,,,,
2026-08-03 17:45:26,3636ea31,BUY,MAKER,ENTRY_PENDING,9793352.0,0.00100000,0,0.00,0,0.00,default,full_day,0.9961,0.000009,0.0510,0.0002,0.55,0.0015,0.0015,0.05,0.0003,0.05,,,,,,
2026-08-03 17:46:40,826e0666,BUY,MAKER,CANCEL_ORDER,9793352.0,0.00100000,0,0.00,0,0.00,default,full_day,0.1575,0.000000,0.1030,0.5511,0.55,0.0015,0.0015,0.05,0.0003,0.05,,IMBALANCE_REVERSAL,,,,
2026-08-03 17:46:42,9de376ca,SELL,MAKER,ENTRY_PENDING,9794959.0,0.00100000,0,0.00,0,0.00,default,full_day,0.0068,0.000000,0.0037,0.5421,0.55,0.0015,0.0015,0.05,0.0003,0.05,,,,,,
2026-08-03 17:46:46,02ce5e84,SELL,MAKER,CANCEL_ORDER,9794959.0,0.00100000,0,0.00,0,0.00,default,full_day,0.6679,0.000000,0.1007,0.0501,0.55,0.0015,0.0015,0.05,0.0003,0.05,,IMBALANCE_REVERSAL,,,,
2026-08-03 17:46:50,333f36ac,BUY,MAKER,ENTRY_PENDING,9795001.0,0.00100000,0,0.00,0,0.00,default,full_day,0.6660,0.000053,0.1000,0.0502,0.55,0.0015,0.0015,0.05,0.0003,0.05,,,,,,
2026-08-03 17:46:55,bf8d25ec,BUY,MAKER,CANCEL_ORDER,9795001.0,0.00100000,0,0.00,0,0.00,default,full_day,0.0909,0.000053,0.1000,1.0000,0.55,0.0015,0.0015,0.05,0.0003,0.05,,IMBALANCE_REVERSAL,,,,
2026-08-03 17:46:58,fe8dab5c,SELL,MAKER,ENTRY_PENDING,9795519.0,0.00100000,0,0.00,0,0.00,default,full_day,0.0909,0.000053,0.1000,1.0000,0.55,0.0015,0.0015,0.05,0.0003,0.05,,,,,,
2026-08-03 17:50:31,334ef205,SELL,MAKER,CANCEL_ORDER,9795519.0,0.00100000,0,0.00,0,0.00,default,full_day,0.5524,0.000207,0.0422,0.0342,0.55,0.0015,0.0015,0.05,0.0003,0.05,,IMBALANCE_REVERSAL,,,,
2026-08-03 17:50:33,f14d8e8f,BUY,MAKER,ENTRY_PENDING,9794051.0,0.00100000,0,0.00,0,0.00,default,full_day,0.6621,0.000199,0.1000,0.0510,0.55,0.0015,0.0015,0.05,0.0003,0.05,,,,,,
2026-08-03 17:50:35,e1840d87,BUY,MAKER,CANCEL_ORDER,9794051.0,0.00100000,0,0.00,0,0.00,default,full_day,0.4526,0.000207,0.0422,0.0510,0.55,0.0015,0.0015,0.05,0.0003,0.05,,IMBALANCE_REVERSAL,,,,
2026-08-03 17:50:48,8a5642c6,SELL,MAKER,ENTRY_PENDING,9795996.0,0.00100000,0,0.00,0,0.00,default,full_day,0.3702,0.000264,0.0300,0.0510,0.55,0.0015,0.0015,0.05,0.0003,0.05,,,,,,
2026-08-03 17:50:50,a19daf05,SELL,MAKER,CANCEL_ORDER,9795996.0,0.00100000,0,0.00,0,0.00,default,full_day,0.6621,0.000260,0.1000,0.0510,0.55,0.0015,0.0015,0.05,0.0003,0.05,,IMBALANCE_REVERSAL,,,,
2026-08-03 17:50:53,c9981b37,BUY,MAKER,ENTRY_PENDING,9795301.0,0.00100000,0,0.00,0,0.00,default,full_day,0.7452,0.000071,0.1000,0.0342,0.55,0.0015,0.0015,0.05,0.0003,0.05,,,,,,
2026-08-03 17:50:57,4ca961d9,BUY,MAKER,CANCEL_ORDER,9795301.0,0.00100000,0,0.00,0,0.00,default,full_day,0.0157,0.000090,0.0080,0.5000,0.55,0.0015,0.0015,0.05,0.0003,0.05,,IMBALANCE_REVERSAL,,,,
2026-08-03 17:50:59,d4d00c73,SELL,MAKER,ENTRY_PENDING,9795519.0,0.00100000,0,0.00,0,0.00,default,full_day,0.1132,0.000089,0.0510,0.4000,0.55,0.0015,0.0015,0.05,0.0003,0.05,,,,,,
2026-08-03 17:53:31,69ee9487,SELL,MAKER,CANCEL_ORDER,9795519.0,0.00100000,0,0.00,0,0.00,default,full_day,0.5002,0.000109,0.1001,0.1000,0.55,0.0015,0.0015,0.05,0.0003,0.05,,IMBALANCE_REVERSAL,,,,
2026-08-03 17:53:43,350a784a,SELL,MAKER,ENTRY_PENDING,9798879.0,0.00100000,0,0.00,0,0.00,default,full_day,0.0667,0.000166,0.1001,1.4000,0.55,0.0015,0.0015,0.05,0.0003,0.05,,,,,,
2026-08-03 17:53:51,37334209,SELL,MAKER,CANCEL_ORDER,9798879.0,0.00100000,0,0.00,0,0.00,default,full_day,0.5002,0.000109,0.1001,0.1000,0.55,0.0015,0.0015,0.05,0.0003,0.05,,IMBALANCE_REVERSAL,,,,
2026-08-03 17:53:56,6cac8f31,SELL,MAKER,ENTRY_PENDING,9798879.0,0.00100000,0,0.00,0,0.00,default,full_day,0.0667,0.000166,0.1001,1.4000,0.55,0.0015,0.0015,0.05,0.0003,0.05,,,,,,
2026-08-03 17:54:33,e0649005,SELL,MAKER,CANCEL_ORDER,9798879.0,0.00100000,0,0.00,0,0.00,default,full_day,0.5024,0.000128,0.1002,0.0992,0.55,0.0015,0.0015,0.05,0.0003,0.05,,IMBALANCE_REVERSAL,,,,
2026-08-03 17:54:35,069bb55d,BUY,MAKER,ENTRY_PENDING,9798801.0,0.00100000,0,0.00,0,0.00,default,full_day,0.9901,0.000055,0.1000,0.0010,0.55,0.0015,0.0015,0.05,0.0003,0.05,,,,,,
2026-08-03 17:55:02,44ee719b,BUY,MAKER,CANCEL_ORDER,9798801.0,0.00100000,0,0.00,0,0.00,default,full_day,0.4953,0.000000,0.1001,0.1020,0.55,0.0015,0.0015,0.05,0.0003,0.05,,IMBALANCE_REVERSAL,,,,
2026-08-03 17:55:11,012cbf8a,BUY,MAKER,ENTRY_PENDING,9798801.0,0.00100000,0,0.00,0,0.00,default,full_day,0.6670,0.000000,0.1001,0.0500,0.55,0.0015,0.0015,0.05,0.0003,0.05,,,,,,
2026-08-03 17:55:19,fc10dffc,BUY,MAKER,CANCEL_ORDER,9798801.0,0.00100000,0,0.00,0,0.00,default,full_day,0.1682,0.000008,0.1011,0.5000,0.55,0.0015,0.0015,0.05,0.0003,0.05,,IMBALANCE_REVERSAL,,,,
2026-08-03 17:55:22,ade3687d,SELL,MAKER,ENTRY_PENDING,9799439.0,0.00100000,0,0.00,0,0.00,default,full_day,0.0918,0.000065,0.1011,1.0000,0.55,0.0015,0.0015,0.05,0.0003,0.05,,,,,,
2026-08-03 17:55:30,4eb18911,SELL,MAKER,CANCEL_ORDER,9799439.0,0.00100000,0,0.00,0,0.00,default,full_day,0.5023,0.000122,0.1001,0.0992,0.55,0.0015,0.0015,0.05,0.0003,0.05,,IMBALANCE_REVERSAL,,,,
2026-08-03 17:55:49,c764117e,SELL,MAKER,ENTRY_PENDING,9799439.0,0.00100000,0,0.00,0,0.00,default,full_day,0.1668,0.000065,0.1001,0.5000,0.55,0.0015,0.0015,0.05,0.0003,0.05,,,,,,
2026-08-03 17:56:14,73ccb63d,SELL,MAKER,CANCEL_ORDER,9799439.0,0.00100000,0,0.00,0,0.00,default,full_day,0.5744,0.000051,0.1000,0.0741,0.55,0.0015,0.0015,0.05,0.0003,0.05,,IMBALANCE_REVERSAL,,,,
2026-08-03 17:56:16,96223b3f,BUY,MAKER,ENTRY_PENDING,9799551.0,0.00100000,0,0.00,0,0.00,default,full_day,0.6489,0.000046,0.1000,0.0541,0.55,0.0015,0.0015,0.05,0.0003,0.05,,,,,,
2026-08-03 17:56:23,92145946,BUY,MAKER,CANCEL_ORDER,9799551.0,0.00100000,0,0.00,0,0.00,default,full_day,0.0025,0.000000,0.0010,0.4003,0.55,0.0015,0.0015,0.05,0.0003,0.05,,IMBALANCE_REVERSAL,,,,
2026-08-03 17:56:25,c7d5ae7e,SELL,MAKER,ENTRY_PENDING,9801119.0,0.00100000,0,0.00,0,0.00,default,full_day,0.0698,0.000057,0.0300,0.3996,0.55,0.0015,0.0015,0.05,0.0003,0.05,,,,,,
2026-08-03 17:56:31,f6534185,SELL,MAKER,CANCEL_ORDER,9801119.0,0.00100000,0,0.00,0,0.00,default,full_day,0.9990,0.000051,0.1000,0.0001,0.55,0.0015,0.0015,0.05,0.0003,0.05,,IMBALANCE_REVERSAL,,,,
2026-08-03 17:56:33,eefb3b88,BUY,MAKER,ENTRY_PENDING,9801451.0,0.00100000,0,0.00,0,0.00,default,full_day,0.9990,0.000046,0.1000,0.0001,0.55,0.0015,0.0015,0.05,0.0003,0.05,,,,,,
2026-08-03 17:56:43,4737e70f,BUY,MAKER,CANCEL_ORDER,9801451.0,0.00100000,0,0.00,0,0.00,default,full_day,0.1667,0.000097,0.1000,0.5000,0.55,0.0015,0.0015,0.05,0.0003,0.05,,IMBALANCE_REVERSAL,,,,
2026-08-03 17:56:45,c6aa3a8f,SELL,MAKER,ENTRY_PENDING,9802799.0,0.00100000,0,0.00,0,0.00,default,full_day,0.0204,0.000087,0.0104,0.5000,0.55,0.0015,0.0015,0.05,0.0003,0.05,,,,,,
2026-08-03 17:58:03,89e24321,SELL,MAKER,CANCEL_ORDER,9802799.0,0.00100000,0,0.00,0,0.00,default,full_day,0.7444,0.000010,0.1000,0.0343,0.55,0.0015,0.0015,0.05,0.0003,0.05,,IMBALANCE_REVERSAL,,,,
2026-08-03 17:58:05,3f7916c4,BUY,MAKER,ENTRY_PENDING,9807952.0,0.00100000,0,0.00,0,0.00,default,full_day,0.6068,0.000005,0.0530,0.0343,0.55,0.0015,0.0015,0.05,0.0003,0.05,,,,,,
2026-08-03 17:58:13,3443e89a,BUY,MAKER,CANCEL_ORDER,9807952.0,0.00100000,0,0.00,0,0.00,default,full_day,0.1865,0.000036,0.0917,0.4001,0.55,0.0015,0.0015,0.05,0.0003,0.05,,IMBALANCE_REVERSAL,,,,
2026-08-03 17:58:15,e08cc452,SELL,MAKER,ENTRY_PENDING,9808399.0,0.00100000,0,0.00,0,0.00,default,full_day,0.2000,0.000031,0.1000,0.4001,0.55,0.0015,0.0015,0.05,0.0003,0.05,,,,,,
2026-08-03 17:58:21,2e8a182b,SELL,MAKER,CANCEL_ORDER,9808399.0,0.00100000,0,0.00,0,0.00,default,full_day,0.9760,0.000149,0.0408,0.0010,0.55,0.0015,0.0015,0.05,0.0003,0.05,,IMBALANCE_REVERSAL,,,,
2026-08-03 17:58:23,4ffde1e5,BUY,MAKER,ENTRY_PENDING,9808401.0,0.00100000,0,0.00,0,0.00,default,full_day,0.9901,0.000139,0.1000,0.0010,0.55,0.0015,0.0015,0.05,0.0003,0.05,,,,,,
2026-08-03 17:58:51,85df8f7a,BUY,MAKER,CANCEL_ORDER,9808401.0,0.00100000,0,0.00,0,0.00,default,full_day,0.1667,0.000080,0.1000,0.5000,0.55,0.0015,0.0015,0.05,0.0003,0.05,,IMBALANCE_REVERSAL,,,,
2026-08-03 17:58:53,ee5d3b8a,SELL,MAKER,ENTRY_PENDING,9810079.0,0.00100000,0,0.00,0,0.00,default,full_day,0.0747,0.000074,0.0403,0.5000,0.55,0.0015,0.0015,0.05,0.0003,0.05,,,,,,
2026-08-03 17:58:55,9425b1ce,SELL,MAKER,CANCEL_ORDER,9810079.0,0.00100000,0,0.00,0,0.00,default,full_day,0.8273,0.000081,0.0057,0.0012,0.55,0.0015,0.0015,0.05,0.0003,0.05,,IMBALANCE_REVERSAL,,,,
2026-08-03 17:58:58,e1f25914,BUY,MAKER,ENTRY_PENDING,9809501.0,0.00100000,0,0.00,0,0.00,default,full_day,0.9901,0.000071,0.1000,0.0010,0.55,0.0015,0.0015,0.05,0.0003,0.05,,,,,,
2026-08-03 17:59:03,6bdeec7f,BUY,MAKER,CANCEL_ORDER,9809501.0,0.00100000,0,0.00,0,0.00,default,full_day,0.2425,0.000071,0.0160,0.0500,0.55,0.0015,0.0015,0.05,0.0003,0.05,,IMBALANCE_REVERSAL,,,,
2026-08-03 17:59:08,109182f8,SELL,MAKER,ENTRY_PENDING,9810194.0,0.00100000,0,0.00,0,0.00,default,full_day,0.4437,0.000055,0.0408,0.0511,0.55,0.0015,0.0015,0.05,0.0003,0.05,,,,,,
2026-08-03 17:59:20,e3f4acb4,SELL,MAKER,CANCEL_ORDER,9810194.0,0.00100000,0,0.00,0,0.00,default,full_day,0.7755,0.000060,0.0043,0.0012,0.55,0.0015,0.0015,0.05,0.0003,0.05,,IMBALANCE_REVERSAL,,,,
2026-08-03 17:59:25,e90bf4ae,SELL,MAKER,ENTRY_PENDING,9810639.0,0.00100000,0,0.00,0,0.00,default,full_day,0.0566,0.000171,0.0300,0.5000,0.55,0.0015,0.0015,0.05,0.0003,0.05,,,,,,
2026-08-03 18:00:53,6e903704,SELL,MAKER,CANCEL_ORDER,9810639.0,0.00100000,0,0.00,0,0.00,default,full_day,0.9903,0.000166,0.1025,0.0010,0.55,0.0015,0.0015,0.05,0.0003,0.05,,IMBALANCE_REVERSAL,,,,
2026-08-03 18:00:56,7c3b7004,BUY,MAKER,ENTRY_PENDING,9811201.0,0.00100000,0,0.00,0,0.00,default,full_day,0.9901,0.000218,0.1000,0.0010,0.55,0.0015,0.0015,0.05,0.0003,0.05,,,,,,
2026-08-03 18:00:58,5981015d,BUY,MAKER,CANCEL_ORDER,9811201.0,0.00100000,0,0.00,0,0.00,default,full_day,0.4427,0.000213,0.0800,0.1007,0.55,0.0015,0.0015,0.05,0.0003,0.05,,IMBALANCE_REVERSAL,,,,
2026-08-03 18:01:02,576d6882,SELL,MAKER,ENTRY_PENDING,9813337.0,0.00100000,0,0.00,0,0.00,default,full_day,0.3706,0.000203,0.0300,0.0510,0.55,0.0015,0.0015,0.05,0.0003,0.05,,,,,,
2026-08-03 18:01:08,f05db05f,SELL,MAKER,CANCEL_ORDER,9813337.0,0.00100000,0,0.00,0,0.00,default,full_day,0.9901,0.000085,0.1000,0.0010,0.55,0.0015,0.0015,0.05,0.0003,0.05,,IMBALANCE_REVERSAL,,,,
2026-08-03 18:01:10,591e4765,BUY,MAKER,ENTRY_PENDING,9811551.0,0.00100000,0,0.00,0,0.00,default,full_day,0.6677,0.000085,0.1000,0.0498,0.55,0.0015,0.0015,0.05,0.0003,0.05,,,,,,
2026-08-03 18:01:26,89e31478,BUY,MAKER,CANCEL_ORDER,9811551.0,0.00100000,0,0.00,0,0.00,default,full_day,0.4987,0.000008,0.1000,0.1005,0.55,0.0015,0.0015,0.05,0.0003,0.05,,IMBALANCE_REVERSAL,,,,
2026-08-03 18:01:29,6b58bfe4,SELL,MAKER,ENTRY_PENDING,9811830.0,0.00100000,0,0.00,0,0.00,default,full_day,0.0098,0.000039,0.0010,0.1005,0.55,0.0015,0.0015,0.05,0.0003,0.05,,,,,,
2026-08-03 18:01:35,85e726af,SELL,MAKER,CANCEL_ORDER,9811830.0,0.00100000,0,0.00,0,0.00,default,full_day,0.6624,0.000039,0.1000,0.0510,0.55,0.0015,0.0015,0.05,0.0003,0.05,,IMBALANCE_REVERSAL,,,,
2026-08-03 18:01:37,097aa440,BUY,MAKER,ENTRY_PENDING,9811452.0,0.00100000,0,0.00,0,0.00,default,full_day,0.6624,0.000039,0.1000,0.0510,0.55,0.0015,0.0015,0.05,0.0003,0.05,,,,,,
2026-08-03 18:01:46,296fc362,BUY,MAKER,CANCEL_ORDER,9811452.0,0.00100000,0,0.00,0,0.00,default,full_day,0.0192,0.000038,0.0010,0.0510,0.55,0.0015,0.0015,0.05,0.0003,0.05,,IMBALANCE_REVERSAL,,,,
2026-08-03 18:01:48,fbd8a26d,SELL,MAKER,ENTRY_PENDING,9807839.0,0.00100000,0,0.00,0,0.00,default,full_day,0.0016,0.000049,0.0010,0.6280,0.55,0.0015,0.0015,0.05,0.0003,0.05,,,,,,
2026-08-03 18:01:51,73df26e4,SELL,MAKER,CANCEL_ORDER,9807839.0,0.00100000,0,0.00,0,0.00,default,full_day,0.9091,0.000040,0.1000,0.0100,0.55,0.0015,0.0015,0.05,0.0003,0.05,,IMBALANCE_REVERSAL,,,,
2026-08-03 18:02:20,ef012c7b,BUY,MAKER,ENTRY_PENDING,9807839.0,0.00100000,0,0.00,0,0.00,default,full_day,0.9210,0.000057,0.1156,0.0099,0.55,0.0015,0.0015,0.05,0.0003,0.05,,,,,,
2026-08-03 18:02:24,1b770381,BUY,MAKER,CANCEL_ORDER,9807839.0,0.00100000,0,0.00,0,0.00,default,full_day,0.2643,0.000098,0.0300,0.0835,0.55,0.0015,0.0015,0.05,0.0003,0.05,,IMBALANCE_REVERSAL,,,,
2026-08-03 18:02:26,1e52d20f,SELL,MAKER,ENTRY_PENDING,9808958.0,0.00100000,0,0.00,0,0.00,default,full_day,0.0960,0.000093,0.0099,0.0934,0.55,0.0015,0.0015,0.05,0.0003,0.05,,,,,,
2026-08-03 18:02:42,18795c2c,SELL,MAKER,CANCEL_ORDER,9808958.0,0.00100000,0,0.00,0,0.00,default,full_day,0.8371,0.000010,0.0510,0.0099,0.55,0.0015,0.0015,0.05,0.0003,0.05,,IMBALANCE_REVERSAL,,,,
2026-08-03 18:02:44,5467feb7,BUY,MAKER,ENTRY_PENDING,9808399.0,0.00100000,0,0.00,0,0.00,default,full_day,0.9098,0.000000,0.1000,0.0099,0.55,0.0015,0.0015,0.05,0.0003,0.05,,,,,,
2026-08-03 18:03:02,ebbe820d,BUY,MAKER,CANCEL_ORDER,9808399.0,0.00100000,0,0.00,0,0.00,default,full_day,0.1194,0.000163,0.0080,0.0593,0.55,0.0015,0.0015,0.05,0.0003,0.05,,IMBALANCE_REVERSAL,,,,
2026-08-03 18:03:05,e4aa3570,SELL,MAKER,ENTRY_PENDING,9804999.0,0.00100000,0,0.00,0,0.00,default,full_day,0.2356,0.000037,0.0200,0.0649,0.55,0.0015,0.0015,0.05,0.0003,0.05,,,,,,
2026-08-03 18:03:17,c903c204,SELL,MAKER,CANCEL_ORDER,9804999.0,0.00100000,0,0.00,0,0.00,default,full_day,0.7650,0.000000,0.1498,0.0460,0.55,0.0015,0.0015,0.05,0.0003,0.05,,IMBALANCE_REVERSAL,,,,
2026-08-03 18:03:19,71e05cad,BUY,MAKER,ENTRY_PENDING,9805000.0,0.00100000,0,0.00,0,0.00,default,full_day,0.7650,0.000000,0.1498,0.0460,0.55,0.0015,0.0015,0.05,0.0003,0.05,,,,,,
2026-08-03 18:04:26,9070ef4b,BUY,MAKER,CANCEL_ORDER,9805000.0,0.00100000,0,0.00,0,0.00,default,full_day,0.1724,0.000166,0.0500,0.2401,0.55,0.0015,0.0015,0.05,0.0003,0.05,,IMBALANCE_REVERSAL,,,,
2026-08-03 18:04:28,7b1091d6,SELL,MAKER,ENTRY_PENDING,9806719.0,0.00100000,0,0.00,0,0.00,default,full_day,0.0530,0.000099,0.0224,0.4000,0.55,0.0015,0.0015,0.05,0.0003,0.05,,,,,,
2026-08-03 18:05:51,7b7d5ae2,SELL,MAKER,ENTRY,9806719.0,0.00100000,0,0.00,0,0.00,default,full_day,0.1111,0.000053,0.0300,0.2400,0.55,0.0015,0.0015,0.05,0.0003,0.05,,,,,,
2026-08-03 18:21:00,26141edf,BUY,TAKER,STOP_LOSS,9823326.0,0.00100000,0,-16.61,909,-170.05,default,full_day,0.9926,0.000016,0.0240,0.0002,0.55,0.0015,0.0015,0.05,0.0003,0.05,,,,,,
2026-08-03 18:21:00,fc1e4222,BUY,MAKER,ENTRY_PENDING,9824551.0,0.00100000,0,0.00,0,0.00,default,full_day,0.9964,0.000011,0.0500,0.0002,0.55,0.0015,0.0015,0.05,0.0003,0.05,,,,,,
2026-08-03 18:21:23,ea6022f1,BUY,MAKER,CANCEL_ORDER,9824551.0,0.00100000,0,0.00,0,0.00,default,full_day,0.4956,0.000109,0.0500,0.0509,0.55,0.0015,0.0015,0.05,0.0003,0.05,,IMBALANCE_REVERSAL,,,,
2026-08-03 18:21:28,6ee51d55,SELL,MAKER,ENTRY_PENDING,9823209.0,0.00100000,0,0.00,0,0.00,default,full_day,0.0396,0.000139,0.0021,0.0509,0.55,0.0015,0.0015,0.05,0.0003,0.05,,,,,,
2026-08-03 18:21:33,965913ba,SELL,MAKER,CANCEL_ORDER,9823209.0,0.00100000,0,0.00,0,0.00,default,full_day,0.9375,0.000104,0.0150,0.0010,0.55,0.0015,0.0015,0.05,0.0003,0.05,,IMBALANCE_REVERSAL,,,,
2026-08-03 18:21:39,59dd1d0e,BUY,MAKER,ENTRY_PENDING,9823401.0,0.00100000,0,0.00,0,0.00,default,full_day,0.5965,0.000088,0.0500,0.0338,0.55,0.0015,0.0015,0.05,0.0003,0.05,,,,,,
2026-08-03 18:21:52,b37aa51d,BUY,MAKER,CANCEL_ORDER,9823401.0,0.00100000,0,0.00,0,0.00,default,full_day,0.0775,0.000170,0.0504,0.6000,0.55,0.0015,0.0015,0.05,0.0003,0.05,,IMBALANCE_REVERSAL,,,,
2026-08-03 18:21:54,0da5d484,SELL,MAKER,ENTRY_PENDING,9825759.0,0.00100000,0,0.00,0,0.00,default,full_day,0.0052,0.000108,0.0005,0.1000,0.55,0.0015,0.0015,0.05,0.0003,0.05,,,,,,
2026-08-03 18:22:28,7eaa2c72,SELL,MAKER,CANCEL_ORDER,9825759.0,0.00100000,0,0.00,0,0.00,default,full_day,0.8609,0.000099,0.0500,0.0081,0.55,0.0015,0.0015,0.05,0.0003,0.05,,IMBALANCE_REVERSAL,,,,
2026-08-03 18:22:30,d39a1b51,BUY,MAKER,ENTRY_PENDING,9829351.0,0.00100000,0,0.00,0,0.00,default,full_day,0.8609,0.000099,0.0500,0.0081,0.55,0.0015,0.0015,0.05,0.0003,0.05,,,,,,
2026-08-03 18:22:44,b33a26ee,BUY,MAKER,CANCEL_ORDER,9829351.0,0.00100000,0,0.00,0,0.00,default,full_day,0.4956,0.000141,0.0500,0.0509,0.55,0.0015,0.0015,0.05,0.0003,0.05,,IMBALANCE_REVERSAL,,,,
2026-08-03 18:22:57,a8dccaa5,BUY,MAKER,ENTRY_PENDING,9829401.0,0.00100000,0,0.00,0,0.00,default,full_day,0.6920,0.000141,0.0500,0.0222,0.55,0.0015,0.0015,0.05,0.0003,0.05,,,,,,
2026-08-03 18:23:07,4cd32796,BUY,MAKER,CANCEL_ORDER,9829401.0,0.00100000,0,0.00,0,0.00,default,full_day,0.3785,0.000258,0.0300,0.0493,0.55,0.0015,0.0015,0.05,0.0003,0.05,,IMBALANCE_REVERSAL,,,,
2026-08-03 18:23:18,35c5dd47,BUY,MAKER,ENTRY_PENDING,9827501.0,0.00100000,0,0.00,0,0.00,default,full_day,0.9137,0.000293,0.0500,0.0047,0.55,0.0015,0.0015,0.05,0.0003,0.05,,,,,,
2026-08-03 18:25:25,65bcdd5b,BUY,MAKER,CANCEL_ORDER,9827501.0,0.00100000,0,0.00,0,0.00,default,full_day,0.5000,0.000310,0.0500,0.0500,0.55,0.0015,0.0015,0.05,0.0003,0.05,,IMBALANCE_REVERSAL,,,,
2026-08-03 18:25:29,42774323,SELL,MAKER,ENTRY_PENDING,9830239.0,0.00100000,0,0.00,0,0.00,default,full_day,0.0909,0.000299,0.0500,0.5000,0.55,0.0015,0.0015,0.05,0.0003,0.05,,,,,,
2026-08-03 18:25:29,c28307d2,SELL,MAKER,CANCEL_ORDER,9830239.0,0.00100000,0,0.00,0,0.00,default,full_day,0.5000,0.000310,0.0500,0.0500,0.55,0.0015,0.0015,0.05,0.0003,0.05,,IMBALANCE_REVERSAL,,,,
2026-08-03 18:25:47,0a850f1c,SELL,MAKER,ENTRY_PENDING,9830347.0,0.00100000,0,0.00,0,0.00,default,full_day,0.0196,0.000278,0.0010,0.0500,0.55,0.0015,0.0015,0.05,0.0003,0.05,,,,,,
2026-08-03 18:29:34,c3277eb9,SELL,MAKER,CANCEL_ORDER,9830347.0,0.00100000,0,0.00,0,0.00,default,full_day,0.6667,0.000020,0.0500,0.0250,0.55,0.0015,0.0015,0.05,0.0003,0.05,,IMBALANCE_REVERSAL,,,,
2026-08-03 18:29:40,3a16e552,SELL,MAKER,ENTRY_PENDING,9830799.0,0.00100000,0,0.00,0,0.00,default,full_day,0.0020,0.000025,0.0010,0.5000,0.55,0.0015,0.0015,0.05,0.0003,0.05,,,,,,
2026-08-03 18:31:29,6f03bc6f,SELL,MAKER,CANCEL_ORDER,9830799.0,0.00100000,0,0.00,0,0.00,default,full_day,0.5746,0.000120,0.0525,0.0389,0.55,0.0015,0.0015,0.05,0.0003,0.05,,IMBALANCE_REVERSAL,,,,
2026-08-03 18:31:32,beddb556,BUY,MAKER,ENTRY_PENDING,9830902.0,0.00100000,0,0.00,0,0.00,default,full_day,0.5746,0.000115,0.0525,0.0389,0.55,0.0015,0.0015,0.05,0.0003,0.05,,,,,,
2026-08-03 18:31:42,745cf13f,BUY,MAKER,CANCEL_ORDER,9830902.0,0.00100000,0,0.00,0,0.00,default,full_day,0.0010,0.000058,0.0010,1.0000,0.55,0.0015,0.0015,0.05,0.0003,0.05,,IMBALANCE_REVERSAL,,,,
2026-08-03 18:31:44,b45ae031,SELL,MAKER,ENTRY_PENDING,9831919.0,0.00100000,0,0.00,0,0.00,default,full_day,0.0010,0.000058,0.0010,1.0000,0.55,0.0015,0.0015,0.05,0.0003,0.05,,,,,,
2026-08-03 18:33:55,65e9d7ba,SELL,MAKER,ENTRY,9831919.0,0.00100000,0,0.00,0,0.00,default,full_day,0.8333,0.000018,0.0500,0.0100,0.55,0.0015,0.0015,0.05,0.0003,0.05,,,,,,
2026-08-03 18:46:30,c4535512,BUY,TAKER,STOP_LOSS,9847374.0,0.00100000,0,-15.46,754,-185.51,default,full_day,0.9605,0.000000,0.1601,0.0066,0.55,0.0015,0.0015,0.05,0.0003,0.05,,,,,,
2026-08-03 18:46:30,86bf7325,BUY,MAKER,ENTRY_PENDING,9850000.0,0.00100000,0,0.00,0,0.00,default,full_day,0.9999,0.000000,0.1601,0.0000,0.55,0.0015,0.0015,0.05,0.0003,0.05,,,,,,
2026-08-03 18:46:35,f8f6799f,BUY,MAKER,CANCEL_ORDER,9850000.0,0.00100000,0,0.00,0,0.00,default,full_day,0.0110,0.000114,0.0100,0.9000,0.55,0.0015,0.0015,0.05,0.0003,0.05,,IMBALANCE_REVERSAL,,,,
2026-08-03 18:46:37,0ec6aa76,SELL,MAKER,ENTRY_PENDING,9853199.0,0.00100000,0,0.00,0,0.00,default,full_day,0.0703,0.000167,0.0378,0.5000,0.55,0.0015,0.0015,0.05,0.0003,0.05,,,,,,
2026-08-03 18:46:52,9bbcc4af,SELL,MAKER,CANCEL_ORDER,9853199.0,0.00100000,0,0.00,0,0.00,default,full_day,0.0020,0.000306,0.0010,0.5000,0.55,0.0015,0.0015,0.05,0.0003,0.05,,IMBALANCE_REVERSAL,,,,
2026-08-03 18:47:27,e50e6678,BUY,MAKER,ENTRY_PENDING,9850051.0,0.00100000,0,0.00,0,0.00,default,full_day,0.6250,0.000272,0.0500,0.0300,0.55,0.0015,0.0015,0.05,0.0003,0.05,,,,,,
2026-08-03 18:47:31,f89db4f0,BUY,MAKER,CANCEL_ORDER,9850051.0,0.00100000,0,0.00,0,0.00,default,full_day,0.0333,0.000230,0.0010,0.0290,0.55,0.0015,0.0015,0.05,0.0003,0.05,,IMBALANCE_REVERSAL,,,,
2026-08-03 18:47:36,24f8e0d4,SELL,MAKER,ENTRY_PENDING,9853199.0,0.00100000,0,0.00,0,0.00,default,full_day,0.0020,0.000048,0.0010,0.5000,0.55,0.0015,0.0015,0.05,0.0003,0.05,,,,,,
2026-08-03 18:49:07,cdf99127,SELL,MAKER,CANCEL_ORDER,9853199.0,0.00100000,0,0.00,0,0.00,default,full_day,0.8224,0.000177,0.0046,0.0010,0.55,0.0015,0.0015,0.05,0.0003,0.05,,IMBALANCE_REVERSAL,,,,
2026-08-03 18:49:36,ee6002f0,BUY,MAKER,ENTRY_PENDING,9850051.0,0.00100000,0,0.00,0,0.00,default,full_day,0.9804,0.000054,0.0500,0.0010,0.55,0.0015,0.0015,0.05,0.0003,0.05,,,,,,
2026-08-03 18:49:44,db47523d,BUY,MAKER,CANCEL_ORDER,9850051.0,0.00100000,0,0.00,0,0.00,default,full_day,0.8965,0.000382,0.0087,0.0010,0.55,0.0015,0.0015,0.05,0.0003,0.05,,IMBALANCE_REVERSAL,,,,
2026-08-03 18:49:50,86f48261,BUY,MAKER,ENTRY_PENDING,9844502.0,0.00100000,0,0.00,0,0.00,default,full_day,0.9930,0.000000,0.1409,0.0010,0.55,0.0015,0.0015,0.05,0.0003,0.05,,,,,,
2026-08-03 18:50:16,4ace5c7b,BUY,MAKER,CANCEL_ORDER,9844502.0,0.00100000,0,0.00,0,0.00,default,full_day,0.0932,0.000000,0.0514,0.5000,0.55,0.0015,0.0015,0.05,0.0003,0.05,,IMBALANCE_REVERSAL,,,,
2026-08-03 18:50:18,fadbbcde,SELL,MAKER,ENTRY_PENDING,9846479.0,0.00100000,0,0.00,0,0.00,default,full_day,0.2343,0.000000,0.1530,0.5000,0.55,0.0015,0.0015,0.05,0.0003,0.05,,,,,,
2026-08-03 18:50:40,143cb7bb,SELL,MAKER,CANCEL_ORDER,9846479.0,0.00100000,0,0.00,0,0.00,default,full_day,0.6024,0.000000,0.1515,0.1000,0.55,0.0015,0.0015,0.05,0.0003,0.05,,IMBALANCE_REVERSAL,,,,
2026-08-03 18:50:46,8b2bc28c,SELL,MAKER,ENTRY_PENDING,9848719.0,0.00100000,0,0.00,0,0.00,default,full_day,0.2748,0.000000,0.1515,0.4000,0.55,0.0015,0.0015,0.05,0.0003,0.05,,,,,,
2026-08-03 18:55:03,4361f409,SELL,MAKER,CANCEL_ORDER,9848719.0,0.00100000,0,0.00,0,0.00,default,full_day,0.9608,0.000000,0.0245,0.0010,0.55,0.0015,0.0015,0.05,0.0003,0.05,,IMBALANCE_REVERSAL,,,,
2026-08-03 18:55:35,0ccf88cf,SELL,MAKER,ENTRY_PENDING,9849999.0,0.00100000,0,0.00,0,0.00,default,full_day,0.1165,0.000050,0.0245,0.1856,0.55,0.0015,0.0015,0.05,0.0003,0.05,,,,,,
2026-08-03 18:56:04,584b1bec,SELL,MAKER,CANCEL_ORDER,9849999.0,0.00100000,0,0.00,0,0.00,default,full_day,0.7057,0.000000,0.2794,0.1165,0.55,0.0015,0.0015,0.05,0.0003,0.05,,IMBALANCE_REVERSAL,,,,
2026-08-03 18:56:10,00537fe9,SELL,MAKER,ENTRY_PENDING,9853759.0,0.00100000,0,0.00,0,0.00,default,full_day,0.2749,0.000171,0.1885,0.4972,0.55,0.0015,0.0015,0.05,0.0003,0.05,,,,,,
2026-08-03 18:56:40,73ba5796,SELL,MAKER,CANCEL_ORDER,9853759.0,0.00100000,0,0.00,0,0.00,default,full_day,0.9809,0.000000,0.1024,0.0020,0.55,0.0015,0.0015,0.05,0.0003,0.05,,IMBALANCE_REVERSAL,,,,
2026-08-03 18:56:43,a4691c5a,BUY,MAKER,ENTRY_PENDING,9856802.0,0.00100000,0,0.00,0,0.00,default,full_day,0.9809,0.000000,0.1024,0.0020,0.55,0.0015,0.0015,0.05,0.0003,0.05,,,,,,
2026-08-03 18:57:14,9f139282,BUY,MAKER,CANCEL_ORDER,9856802.0,0.00100000,0,0.00,0,0.00,default,full_day,0.1831,0.000057,0.0510,0.2276,0.55,0.0015,0.0015,0.05,0.0003,0.05,,IMBALANCE_REVERSAL,,,,
2026-08-03 18:57:17,92c64c48,SELL,MAKER,ENTRY_PENDING,9860479.0,0.00100000,0,0.00,0,0.00,default,full_day,0.2668,0.000049,0.0500,0.1374,0.55,0.0015,0.0015,0.05,0.0003,0.05,,,,,,
2026-08-03 18:57:22,f293e607,SELL,MAKER,CANCEL_ORDER,9860479.0,0.00100000,0,0.00,0,0.00,default,full_day,0.9966,0.000036,0.5812,0.0020,0.55,0.0015,0.0015,0.05,0.0003,0.05,,IMBALANCE_REVERSAL,,,,
2026-08-03 18:57:28,92d9dcc1,BUY,MAKER,ENTRY_PENDING,9861651.0,0.00100000,0,0.00,0,0.00,default,full_day,0.9615,0.000031,0.0500,0.0020,0.55,0.0015,0.0015,0.05,0.0003,0.05,,,,,,
2026-08-03 18:57:30,0bd086ac,BUY,MAKER,CANCEL_ORDER,9861651.0,0.00100000,0,0.00,0,0.00,default,full_day,0.2894,0.000000,0.1621,0.3980,0.55,0.0015,0.0015,0.05,0.0003,0.05,,IMBALANCE_REVERSAL,,,,
2026-08-03 18:57:32,e05b79a3,SELL,MAKER,ENTRY_PENDING,9863839.0,0.00100000,0,0.00,0,0.00,default,full_day,0.2737,0.000057,0.1500,0.3980,0.55,0.0015,0.0015,0.05,0.0003,0.05,,,,,,
2026-08-03 18:57:40,de376e9a,SELL,MAKER,CANCEL_ORDER,9863839.0,0.00100000,0,0.00,0,0.00,default,full_day,0.9891,0.000051,0.0100,0.0001,0.55,0.0015,0.0015,0.05,0.0003,0.05,,IMBALANCE_REVERSAL,,,,
2026-08-03 18:57:45,5c63f6d4,SELL,MAKER,ENTRY_PENDING,9866639.0,0.00100000,0,0.00,0,0.00,default,full_day,0.0867,0.000161,0.0500,0.5270,0.55,0.0015,0.0015,0.05,0.0003,0.05,,,,,,
2026-08-03 18:58:01,d0fb44c8,SELL,MAKER,CANCEL_ORDER,9866639.0,0.00100000,0,0.00,0,0.00,default,full_day,0.6566,0.000033,0.0507,0.0265,0.55,0.0015,0.0015,0.05,0.0003,0.05,,IMBALANCE_REVERSAL,,,,
2026-08-03 18:58:03,00b61d56,BUY,MAKER,ENTRY_PENDING,9865018.0,0.00100000,0,0.00,0,0.00,default,full_day,0.6566,0.000021,0.0507,0.0265,0.55,0.0015,0.0015,0.05,0.0003,0.05,,,,,,
2026-08-03 18:58:06,22a1445f,BUY,MAKER,CANCEL_ORDER,9865018.0,0.00100000,0,0.00,0,0.00,default,full_day,0.0526,0.000043,0.0500,0.9000,0.55,0.0015,0.0015,0.05,0.0003,0.05,,IMBALANCE_REVERSAL,,,,
2026-08-03 18:58:08,91e7608a,SELL,MAKER,ENTRY_PENDING,9866079.0,0.00100000,0,0.00,0,0.00,default,full_day,0.0909,0.000013,0.0500,0.5000,0.55,0.0015,0.0015,0.05,0.0003,0.05,,,,,,
2026-08-03 18:58:35,923c7149,SELL,MAKER,CANCEL_ORDER,9866079.0,0.00100000,0,0.00,0,0.00,default,full_day,0.6578,0.000208,0.0500,0.0260,0.55,0.0015,0.0015,0.05,0.0003,0.05,,IMBALANCE_REVERSAL,,,,
2026-08-03 18:58:41,b7c1d78e,SELL,MAKER,ENTRY_PENDING,9866079.0,0.00100000,0,0.00,0,0.00,default,full_day,0.1125,0.000094,0.0507,0.4000,0.55,0.0015,0.0015,0.05,0.0003,0.05,,,,,,
2026-08-03 18:58:51,650adee9,SELL,MAKER,CANCEL_ORDER,9866079.0,0.00100000,0,0.00,0,0.00,default,full_day,0.6578,0.000095,0.0500,0.0260,0.55,0.0015,0.0015,0.05,0.0003,0.05,,IMBALANCE_REVERSAL,,,,
2026-08-03 18:58:56,c52e4f4c,SELL,MAKER,ENTRY_PENDING,9866639.0,0.00100000,0,0.00,0,0.00,default,full_day,0.0482,0.000114,0.0507,1.0000,0.55,0.0015,0.0015,0.05,0.0003,0.05,,,,,,
2026-08-03 19:00:04,8165e2bc,SELL,MAKER,CANCEL_ORDER,9866639.0,0.00100000,0,0.00,0,0.00,default,full_day,0.5544,0.000030,0.0500,0.0402,0.55,0.0015,0.0015,0.05,0.0003,0.05,,IMBALANCE_REVERSAL,,,,
2026-08-03 19:00:09,95e1989b,SELL,MAKER,ENTRY_PENDING,9867199.0,0.00100000,0,0.00,0,0.00,default,full_day,0.0475,0.000032,0.0199,0.4000,0.55,0.0015,0.0015,0.05,0.0003,0.05,,,,,,
2026-08-03 19:00:34,60707299,SELL,MAKER,CANCEL_ORDER,9867199.0,0.00100000,0,0.00,0,0.00,default,full_day,0.9894,0.000000,0.1817,0.0019,0.55,0.0015,0.0015,0.05,0.0003,0.05,,IMBALANCE_REVERSAL,,,,
2026-08-03 19:00:36,ff61ad8e,BUY,MAKER,ENTRY_PENDING,9866080.0,0.00100000,0,0.00,0,0.00,default,full_day,0.9904,0.000000,0.2007,0.0019,0.55,0.0015,0.0015,0.05,0.0003,0.05,,,,,,
2026-08-03 19:00:57,6442c263,BUY,MAKER,CANCEL_ORDER,9866080.0,0.00100000,0,0.00,0,0.00,default,full_day,0.0020,0.000049,0.0010,0.5020,0.55,0.0015,0.0015,0.05,0.0003,0.05,,IMBALANCE_REVERSAL,,,,
2026-08-03 19:01:05,44b5be84,BUY,MAKER,ENTRY_PENDING,9865551.0,0.00100000,0,0.00,0,0.00,default,full_day,0.9978,0.000054,0.0500,0.0001,0.55,0.0015,0.0015,0.05,0.0003,0.05,,,,,,
2026-08-03 19:01:10,6b6f8916,BUY,MAKER,CANCEL_ORDER,9865551.0,0.00100000,0,0.00,0,0.00,default,full_day,0.0005,0.000057,0.0005,1.0016,0.55,0.0015,0.0015,0.05,0.0003,0.05,,IMBALANCE_REVERSAL,,,,
2026-08-03 19:01:13,5c9be726,SELL,MAKER,ENTRY_PENDING,9866079.0,0.00100000,0,0.00,0,0.00,default,full_day,0.0005,0.000057,0.0005,1.0016,0.55,0.0015,0.0015,0.05,0.0003,0.05,,,,,,
2026-08-03 19:01:33,cbc50128,SELL,MAKER,CANCEL_ORDER,9866079.0,0.00100000,0,0.00,0,0.00,default,full_day,0.7911,0.000000,0.2000,0.0528,0.55,0.0015,0.0015,0.05,0.0003,0.05,,IMBALANCE_REVERSAL,,,,
2026-08-03 19:01:37,3d52fbec,BUY,MAKER,ENTRY_PENDING,9858801.0,0.00100000,0,0.00,0,0.00,default,full_day,0.8406,0.000033,0.0500,0.0095,0.55,0.0015,0.0015,0.05,0.0003,0.05,,,,,,
2026-08-03 19:02:22,e0daa92e,BUY,MAKER,CANCEL_ORDER,9858801.0,0.00100000,0,0.00,0,0.00,default,full_day,0.3333,0.000077,0.0500,0.1000,0.55,0.0015,0.0015,0.05,0.0003,0.05,,IMBALANCE_REVERSAL,,,,
2026-08-03 19:02:24,46e00b55,SELL,MAKER,ENTRY_PENDING,9856559.0,0.00100000,0,0.00,0,0.00,default,full_day,0.3331,0.000072,0.0507,0.1016,0.55,0.0015,0.0015,0.05,0.0003,0.05,,,,,,
2026-08-03 19:02:31,1adfe5cf,SELL,MAKER,CANCEL_ORDER,9856559.0,0.00100000,0,0.00,0,0.00,default,full_day,0.9825,0.000000,0.0500,0.0009,0.55,0.0015,0.0015,0.05,0.0003,0.05,,IMBALANCE_REVERSAL,,,,
2026-08-03 19:02:33,12371c31,BUY,MAKER,ENTRY_PENDING,9856560.0,0.00100000,0,0.00,0,0.00,default,full_day,0.9947,0.000000,0.1674,0.0009,0.55,0.0015,0.0015,0.05,0.0003,0.05,,,,,,
2026-08-03 19:04:02,08986d0f,BUY,MAKER,CANCEL_ORDER,9856560.0,0.00100000,0,0.00,0,0.00,default,full_day,0.1025,0.000000,0.0011,0.0097,0.55,0.0015,0.0015,0.05,0.0003,0.05,,IMBALANCE_REVERSAL,,,,
2026-08-03 19:04:09,142b11d0,BUY,MAKER,ENTRY_PENDING,9855557.0,0.00100000,0,0.00,0,0.00,default,full_day,0.8403,0.000000,0.0512,0.0097,0.55,0.0015,0.0015,0.05,0.0003,0.05,,,,,,
2026-08-03 19:04:18,c777a006,BUY,MAKER,CANCEL_ORDER,9855557.0,0.00100000,0,0.00,0,0.00,default,full_day,0.1110,0.000000,0.0011,0.0092,0.55,0.0015,0.0015,0.05,0.0003,0.05,,IMBALANCE_REVERSAL,,,,
2026-08-03 19:04:28,3fe35869,BUY,MAKER,ENTRY_PENDING,9855557.0,0.00100000,0,0.00,0,0.00,default,full_day,0.8476,0.000000,0.0512,0.0092,0.55,0.0015,0.0015,0.05,0.0003,0.05,,,,,,
2026-08-03 19:05:03,1081ba97,BUY,MAKER,CANCEL_ORDER,9855557.0,0.00100000,0,0.00,0,0.00,default,full_day,0.1454,0.000102,0.1528,0.8984,0.55,0.0015,0.0015,0.05,0.0003,0.05,,IMBALANCE_REVERSAL,,,,
2026-08-03 19:05:05,64aef907,SELL,MAKER,ENTRY_PENDING,9857119.0,0.00100000,0,0.00,0,0.00,default,full_day,0.0020,0.000062,0.0010,0.5000,0.55,0.0015,0.0015,0.05,0.0003,0.05,,,,,,
2026-08-03 19:05:56,d0c3684d,SELL,MAKER,CANCEL_ORDER,9857119.0,0.00100000,0,0.00,0,0.00,default,full_day,0.0048,0.000403,0.0008,0.1664,0.55,0.0015,0.0015,0.05,0.0003,0.05,,IMBALANCE_REVERSAL,,,,
2026-08-03 19:05:59,412c82c5,BUY,MAKER,ENTRY_PENDING,9851701.0,0.00100000,0,0.00,0,0.00,default,full_day,0.8446,0.000093,0.0500,0.0092,0.55,0.0015,0.0015,0.05,0.0003,0.05,,,,,,
2026-08-03 19:06:37,73ef71f5,BUY,MAKER,CANCEL_ORDER,9851701.0,0.00100000,0,0.00,0,0.00,default,full_day,0.3500,0.000082,0.0538,0.1000,0.55,0.0015,0.0015,0.05,0.0003,0.05,,IMBALANCE_REVERSAL,,,,
2026-08-03 19:06:41,aa84546d,SELL,MAKER,ENTRY_PENDING,9850959.0,0.00100000,0,0.00,0,0.00,default,full_day,0.3500,0.000082,0.0538,0.1000,0.55,0.0015,0.0015,0.05,0.0003,0.05,,,,,,
2026-08-03 19:06:45,a4c08a14,SELL,MAKER,CANCEL_ORDER,9850959.0,0.00100000,0,0.00,0,0.00,default,full_day,0.9659,0.000125,0.0538,0.0019,0.55,0.0015,0.0015,0.05,0.0003,0.05,,IMBALANCE_REVERSAL,,,,
2026-08-03 19:06:49,3bcec29e,BUY,MAKER,ENTRY_PENDING,9851551.0,0.00100000,0,0.00,0,0.00,default,full_day,0.9634,0.000111,0.0500,0.0019,0.55,0.0015,0.0015,0.05,0.0003,0.05,,,,,,
2026-08-03 19:06:53,e7946c68,BUY,MAKER,CANCEL_ORDER,9851551.0,0.00100000,0,0.00,0,0.00,default,full_day,0.0909,0.000224,0.0500,0.5000,0.55,0.0015,0.0015,0.05,0.0003,0.05,,IMBALANCE_REVERSAL,,,,
2026-08-03 19:06:55,2346a989,SELL,MAKER,ENTRY_PENDING,9853759.0,0.00100000,0,0.00,0,0.00,default,full_day,0.0909,0.000224,0.0500,0.5000,0.55,0.0015,0.0015,0.05,0.0003,0.05,,,,,,
2026-08-03 19:08:23,f30f5d4d,SELL,MAKER,CANCEL_ORDER,9853759.0,0.00100000,0,0.00,0,0.00,default,full_day,0.9804,0.000241,0.0500,0.0010,0.55,0.0015,0.0015,0.05,0.0003,0.05,,IMBALANCE_REVERSAL,,,,
2026-08-03 19:08:25,bb6cd701,BUY,MAKER,ENTRY_PENDING,9853601.0,0.00100000,0,0.00,0,0.00,default,full_day,0.8475,0.000267,0.0500,0.0090,0.55,0.0015,0.0015,0.05,0.0003,0.05,,,,,,
2026-08-03 19:08:28,0a99e48d,BUY,MAKER,CANCEL_ORDER,9853601.0,0.00100000,0,0.00,0,0.00,default,full_day,0.1000,0.000135,0.0010,0.0090,0.55,0.0015,0.0015,0.05,0.0003,0.05,,IMBALANCE_REVERSAL,,,,
2026-08-03 19:08:50,97331256,BUY,MAKER,ENTRY_PENDING,9852401.0,0.00100000,0,0.00,0,0.00,default,full_day,0.6667,0.000183,0.0500,0.0250,0.55,0.0015,0.0015,0.05,0.0003,0.05,,,,,,
2026-08-03 19:08:57,99aaec56,BUY,MAKER,CANCEL_ORDER,9852401.0,0.00100000,0,0.00,0,0.00,default,full_day,0.0385,0.000187,0.0010,0.0250,0.55,0.0015,0.0015,0.05,0.0003,0.05,,IMBALANCE_REVERSAL,,,,
2026-08-03 19:09:16,0c305c47,BUY,MAKER,ENTRY_PENDING,9851151.0,0.00100000,0,0.00,0,0.00,default,full_day,0.6849,0.000151,0.0500,0.0230,0.55,0.0015,0.0015,0.05,0.0003,0.05,,,,,,
2026-08-03 19:09:22,e13e00fd,BUY,MAKER,CANCEL_ORDER,9851151.0,0.00100000,0,0.00,0,0.00,default,full_day,0.0417,0.000261,0.0010,0.0230,0.55,0.0015,0.0015,0.05,0.0003,0.05,,IMBALANCE_REVERSAL,,,,
2026-08-03 19:10:17,79eab42d,SELL,MAKER,ENTRY_PENDING,9848159.0,0.00100000,0,0.00,0,0.00,default,full_day,0.0020,0.000050,0.0010,0.5000,0.55,0.0015,0.0015,0.05,0.0003,0.05,,,,,,
2026-08-03 19:10:20,b924ad10,SELL,MAKER,CANCEL_ORDER,9848159.0,0.00100000,0,0.00,0,0.00,default,full_day,0.8333,0.000047,0.0500,0.0100,0.55,0.0015,0.0015,0.05,0.0003,0.05,,IMBALANCE_REVERSAL,,,,
2026-08-03 19:10:22,a61a32bd,BUY,MAKER,ENTRY_PENDING,9847701.0,0.00100000,0,0.00,0,0.00,default,full_day,0.8333,0.000047,0.0500,0.0100,0.55,0.0015,0.0015,0.05,0.0003,0.05,,,,,,
2026-08-03 19:10:24,469a7b5d,BUY,MAKER,CANCEL_ORDER,9847701.0,0.00100000,0,0.00,0,0.00,default,full_day,0.0909,0.000042,0.0500,0.5000,0.55,0.0015,0.0015,0.05,0.0003,0.05,,IMBALANCE_REVERSAL,,,,
2026-08-03 19:10:30,67f63afa,BUY,MAKER,ENTRY_PENDING,9847852.0,0.00100000,0,0.00,0,0.00,default,full_day,0.8355,0.000031,0.0508,0.0100,0.55,0.0015,0.0015,0.05,0.0003,0.05,,,,,,
2026-08-03 19:10:45,fb564b68,BUY,MAKER,CANCEL_ORDER,9847852.0,0.00100000,0,0.00,0,0.00,default,full_day,0.0909,0.000011,0.0500,0.5000,0.55,0.0015,0.0015,0.05,0.0003,0.05,,IMBALANCE_REVERSAL,,,,
2026-08-03 19:10:47,eb03564c,SELL,MAKER,ENTRY_PENDING,9847039.0,0.00100000,0,0.00,0,0.00,default,full_day,0.3333,0.000085,0.0500,0.1000,0.55,0.0015,0.0015,0.05,0.0003,0.05,,,,,,
2026-08-03 19:10:52,ed9bad29,SELL,MAKER,CANCEL_ORDER,9847039.0,0.00100000,0,0.00,0,0.00,default,full_day,0.9104,0.000034,0.1016,0.0100,0.55,0.0015,0.0015,0.05,0.0003,0.05,,IMBALANCE_REVERSAL,,,,
2026-08-03 19:10:55,fc73a277,BUY,MAKER,ENTRY_PENDING,9846801.0,0.00100000,0,0.00,0,0.00,default,full_day,0.8475,0.000081,0.0500,0.0090,0.55,0.0015,0.0015,0.05,0.0003,0.05,,,,,,
2026-08-03 19:11:06,2e7443d1,BUY,MAKER,CANCEL_ORDER,9846801.0,0.00100000,0,0.00,0,0.00,default,full_day,0.0025,0.000000,0.0010,0.3985,0.55,0.0015,0.0015,0.05,0.0003,0.05,,IMBALANCE_REVERSAL,,,,
2026-08-03 19:11:09,ed73fd7f,SELL,MAKER,ENTRY_PENDING,9848719.0,0.00100000,0,0.00,0,0.00,default,full_day,0.3068,0.000057,0.1763,0.3985,0.55,0.0015,0.0015,0.05,0.0003,0.05,,,,,,
2026-08-03 19:11:39,5fe6df69,SELL,MAKER,CANCEL_ORDER,9848719.0,0.00100000,0,0.00,0,0.00,default,full_day,0.9496,0.000000,0.1525,0.0081,0.55,0.0015,0.0015,0.05,0.0003,0.05,,IMBALANCE_REVERSAL,,,,
2026-08-03 19:11:41,bb62da00,BUY,MAKER,ENTRY_PENDING,9850959.0,0.00100000,0,0.00,0,0.00,default,full_day,0.9520,0.000000,0.1605,0.0081,0.55,0.0015,0.0015,0.05,0.0003,0.05,,,,,,
2026-08-03 19:12:59,9b7e7fa1,BUY,MAKER,CANCEL_ORDER,9850959.0,0.00100000,0,0.00,0,0.00,default,full_day,0.0909,0.000000,0.0500,0.5000,0.55,0.0015,0.0015,0.05,0.0003,0.05,,IMBALANCE_REVERSAL,,,,
2026-08-03 19:13:04,d382684f,SELL,MAKER,ENTRY_PENDING,9853759.0,0.00100000,0,0.00,0,0.00,default,full_day,0.0022,0.000060,0.0011,0.5000,0.55,0.0015,0.0015,0.05,0.0003,0.05,,,,,,
2026-08-03 19:13:08,3f51cf41,SELL,MAKER,CANCEL_ORDER,9853759.0,0.00100000,0,0.00,0,0.00,default,full_day,0.8631,0.000213,0.0500,0.0079,0.55,0.0015,0.0015,0.05,0.0003,0.05,,IMBALANCE_REVERSAL,,,,
2026-08-03 19:13:10,3f286000,BUY,MAKER,ENTRY_PENDING,9851101.0,0.00100000,0,0.00,0,0.00,default,full_day,0.8026,0.000213,0.0500,0.0123,0.55,0.0015,0.0015,0.05,0.0003,0.05,,,,,,
2026-08-03 19:16:05,44d98259,BUY,MAKER,CANCEL_ORDER,9851101.0,0.00100000,0,0.00,0,0.00,default,full_day,0.0020,0.000114,0.0010,0.5000,0.55,0.0015,0.0015,0.05,0.0003,0.05,,IMBALANCE_REVERSAL,,,,
2026-08-03 19:16:07,7fcdeab1,SELL,MAKER,ENTRY_PENDING,9852079.0,0.00100000,0,0.00,0,0.00,default,full_day,0.0119,0.000054,0.0048,0.3984,0.55,0.0015,0.0015,0.05,0.0003,0.05,,,,,,
2026-08-03 19:17:00,77243827,SELL,MAKER,CANCEL_ORDER,9852079.0,0.00100000,0,0.00,0,0.00,default,full_day,0.6798,0.000098,0.0508,0.0239,0.55,0.0015,0.0015,0.05,0.0003,0.05,,IMBALANCE_REVERSAL,,,,
2026-08-03 19:17:02,bcb18a09,BUY,MAKER,ENTRY_PENDING,9850601.0,0.00100000,0,0.00,0,0.00,default,full_day,0.6766,0.000093,0.0500,0.0239,0.55,0.0015,0.0015,0.05,0.0003,0.05,,,,,,
2026-08-03 19:17:10,e0b1753e,BUY,MAKER,CANCEL_ORDER,9850601.0,0.00100000,0,0.00,0,0.00,default,full_day,0.0345,0.000140,0.0500,1.4000,0.55,0.0015,0.0015,0.05,0.0003,0.05,,IMBALANCE_REVERSAL,,,,
2026-08-03 19:17:16,059a15dd,BUY,MAKER,ENTRY_PENDING,9850851.0,0.00100000,0,0.00,0,0.00,default,full_day,0.9804,0.000122,0.0500,0.0010,0.55,0.0015,0.0015,0.05,0.0003,0.05,,,,,,
2026-08-03 19:17:18,c89e35be,BUY,MAKER,CANCEL_ORDER,9850851.0,0.00100000,0,0.00,0,0.00,default,full_day,0.0345,0.000120,0.0500,1.4000,0.55,0.0015,0.0015,0.05,0.0003,0.05,,IMBALANCE_REVERSAL,,,,
2026-08-03 19:17:20,5fe9bdd1,SELL,MAKER,ENTRY_PENDING,9852079.0,0.00100000,0,0.00,0,0.00,default,full_day,0.0345,0.000115,0.0500,1.4000,0.55,0.0015,0.0015,0.05,0.0003,0.05,,,,,,
2026-08-03 19:17:34,0773f844,SELL,MAKER,CANCEL_ORDER,9852079.0,0.00100000,0,0.00,0,0.00,default,full_day,0.8333,0.000123,0.0500,0.0100,0.55,0.0015,0.0015,0.05,0.0003,0.05,,IMBALANCE_REVERSAL,,,,
2026-08-03 19:17:36,9e13b8eb,BUY,MAKER,ENTRY_PENDING,9851402.0,0.00100000,0,0.00,0,0.00,default,full_day,0.8403,0.000123,0.0500,0.0095,0.55,0.0015,0.0015,0.05,0.0003,0.05,,,,,,
2026-08-03 19:17:57,e4b4b904,BUY,MAKER,CANCEL_ORDER,9851402.0,0.00100000,0,0.00,0,0.00,default,full_day,0.0285,0.000084,0.0007,0.0239,0.55,0.0015,0.0015,0.05,0.0003,0.05,,IMBALANCE_REVERSAL,,,,
2026-08-03 19:18:03,aa798af9,BUY,MAKER,ENTRY_PENDING,9851951.0,0.00100000,0,0.00,0,0.00,default,full_day,0.6849,0.000078,0.0500,0.0230,0.55,0.0015,0.0015,0.05,0.0003,0.05,,,,,,
2026-08-03 19:18:05,963a237f,BUY,MAKER,CANCEL_ORDER,9851951.0,0.00100000,0,0.00,0,0.00,default,full_day,0.0295,0.000084,0.0007,0.0230,0.55,0.0015,0.0015,0.05,0.0003,0.05,,IMBALANCE_REVERSAL,,,,
2026-08-03 19:18:12,4b69275e,BUY,MAKER,ENTRY_PENDING,9850701.0,0.00100000,0,0.00,0,0.00,default,full_day,0.6849,0.000205,0.0500,0.0230,0.55,0.0015,0.0015,0.05,0.0003,0.05,,,,,,
2026-08-03 19:19:26,1fc718de,BUY,MAKER,CANCEL_ORDER,9850701.0,0.00100000,0,0.00,0,0.00,default,full_day,0.0773,0.000000,0.0020,0.0239,0.55,0.0015,0.0015,0.05,0.0003,0.05,,IMBALANCE_REVERSAL,,,,
2026-08-03 19:19:53,4da4c0ee,SELL,MAKER,ENTRY_PENDING,9850000.0,0.00100000,0,0.00,0,0.00,default,full_day,0.0358,0.000000,0.0020,0.0539,0.55,0.0015,0.0015,0.05,0.0003,0.05,,,,,,
2026-08-03 19:20:11,eeaff04e,SELL,MAKER,CANCEL_ORDER,9850000.0,0.00100000,0,0.00,0,0.00,default,full_day,0.6250,0.000090,0.0500,0.0300,0.55,0.0015,0.0015,0.05,0.0003,0.05,,IMBALANCE_REVERSAL,,,,
2026-08-03 19:20:13,5a7ec291,BUY,MAKER,ENTRY_PENDING,9851851.0,0.00100000,0,0.00,0,0.00,default,full_day,0.6250,0.000090,0.0500,0.0300,0.55,0.0015,0.0015,0.05,0.0003,0.05,,,,,,
2026-08-03 19:20:34,c40fe024,BUY,MAKER,CANCEL_ORDER,9851851.0,0.00100000,0,0.00,0,0.00,default,full_day,0.0066,0.000160,0.0040,0.6000,0.55,0.0015,0.0015,0.05,0.0003,0.05,,IMBALANCE_REVERSAL,,,,
2026-08-03 19:20:36,4f73cd03,SELL,MAKER,ENTRY_PENDING,9852079.0,0.00100000,0,0.00,0,0.00,default,full_day,0.0204,0.000150,0.0125,0.6000,0.55,0.0015,0.0015,0.05,0.0003,0.05,,,,,,
2026-08-03 19:22:22,e6a258e7,SELL,MAKER,CANCEL_ORDER,9852079.0,0.00100000,0,0.00,0,0.00,default,full_day,0.9246,0.000010,0.0125,0.0010,0.55,0.0015,0.0015,0.05,0.0003,0.05,,IMBALANCE_REVERSAL,,,,
2026-08-03 19:22:25,25d52a38,BUY,MAKER,ENTRY_PENDING,9854952.0,0.00100000,0,0.00,0,0.00,default,full_day,0.9905,0.000005,0.1062,0.0010,0.55,0.0015,0.0015,0.05,0.0003,0.05,,,,,,
2026-08-03 19:23:24,fb3759fd,BUY,MAKER,CANCEL_ORDER,9854952.0,0.00100000,0,0.00,0,0.00,default,full_day,0.1155,0.000000,0.0653,0.5000,0.55,0.0015,0.0015,0.05,0.0003,0.05,,IMBALANCE_REVERSAL,,,,
2026-08-03 19:23:26,bd7b2238,SELL,MAKER,ENTRY_PENDING,9855999.0,0.00100000,0,0.00,0,0.00,default,full_day,0.1875,0.000000,0.1154,0.5000,0.55,0.0015,0.0015,0.05,0.0003,0.05,,,,,,
2026-08-03 19:24:08,07c2dde1,SELL,MAKER,CANCEL_ORDER,9855999.0,0.00100000,0,0.00,0,0.00,default,full_day,0.6782,0.000170,0.0632,0.0300,0.55,0.0015,0.0015,0.05,0.0003,0.05,,IMBALANCE_REVERSAL,,,,
2026-08-03 19:24:15,3cd537ce,SELL,MAKER,ENTRY_PENDING,9857119.0,0.00100000,0,0.00,0,0.00,default,full_day,0.1111,0.000000,0.0125,0.1000,0.55,0.0015,0.0015,0.05,0.0003,0.05,,,,,,
2026-08-03 19:24:39,f4250c9c,SELL,MAKER,CANCEL_ORDER,9857119.0,0.00100000,0,0.00,0,0.00,default,full_day,0.9259,0.000169,0.0125,0.0010,0.55,0.0015,0.0015,0.05,0.0003,0.05,,IMBALANCE_REVERSAL,,,,
2026-08-03 19:25:05,19f3e567,SELL,MAKER,ENTRY_PENDING,9854942.0,0.00100000,0,0.00,0,0.00,default,full_day,0.0391,0.000000,0.0030,0.0738,0.55,0.0015,0.0015,0.05,0.0003,0.05,,,,,,
2026-08-03 19:25:43,4f7628f4,SELL,MAKER,CANCEL_ORDER,9854942.0,0.00100000,0,0.00,0,0.00,default,full_day,0.9398,0.000087,0.0125,0.0008,0.55,0.0015,0.0015,0.05,0.0003,0.05,,IMBALANCE_REVERSAL,,,,
2026-08-03 19:26:11,684403fb,SELL,MAKER,ENTRY_PENDING,9849279.0,0.00100000,0,0.00,0,0.00,default,full_day,0.0181,0.000038,0.0092,0.5000,0.55,0.0015,0.0015,0.05,0.0003,0.05,,,,,,
2026-08-03 19:26:39,5c6d21e8,SELL,MAKER,CANCEL_ORDER,9849279.0,0.00100000,0,0.00,0,0.00,default,full_day,0.9441,0.000039,0.0135,0.0008,0.55,0.0015,0.0015,0.05,0.0003,0.05,,IMBALANCE_REVERSAL,,,,
2026-08-03 19:26:59,de077b22,SELL,MAKER,ENTRY_PENDING,9850959.0,0.00100000,0,0.00,0,0.00,default,full_day,0.0263,0.000114,0.0135,0.5000,0.55,0.0015,0.0015,0.05,0.0003,0.05,,,,,,
2026-08-03 19:27:20,1d9a892f,SELL,MAKER,CANCEL_ORDER,9850959.0,0.00100000,0,0.00,0,0.00,default,full_day,0.9398,0.000091,0.0125,0.0008,0.55,0.0015,0.0015,0.05,0.0003,0.05,,IMBALANCE_REVERSAL,,,,
2026-08-03 19:27:54,4c3abd46,SELL,MAKER,ENTRY_PENDING,9849839.0,0.00100000,0,0.00,0,0.00,default,full_day,0.0181,0.000106,0.0092,0.5000,0.55,0.0015,0.0015,0.05,0.0003,0.05,,,,,,
2026-08-03 19:28:19,ca043e40,SELL,MAKER,CANCEL_ORDER,9849839.0,0.00100000,0,0.00,0,0.00,default,full_day,0.9328,0.000076,0.0111,0.0008,0.55,0.0015,0.0015,0.05,0.0003,0.05,,IMBALANCE_REVERSAL,,,,
2026-08-03 19:29:09,470e02bc,SELL,MAKER,ENTRY_PENDING,9848049.0,0.00100000,0,0.00,0,0.00,default,full_day,0.0000,0.000005,0.0000,0.2000,0.55,0.0015,0.0015,0.05,0.0003,0.05,,,,,,
2026-08-03 19:29:15,efa63225,SELL,MAKER,CANCEL_ORDER,9848049.0,0.00100000,0,0.00,0,0.00,default,full_day,0.0073,0.000305,0.0010,0.1357,0.55,0.0015,0.0015,0.05,0.0003,0.05,,IMBALANCE_REVERSAL,,,,
2026-08-03 19:29:36,839c7fb5,SELL,MAKER,ENTRY_PENDING,9845000.0,0.00100000,0,0.00,0,0.00,default,full_day,0.0193,0.000000,0.0010,0.0507,0.55,0.0015,0.0015,0.05,0.0003,0.05,,,,,,
2026-08-03 19:29:45,d27702d6,SELL,MAKER,CANCEL_ORDER,9845000.0,0.00100000,0,0.00,0,0.00,default,full_day,0.9174,0.000093,0.0111,0.0010,0.55,0.0015,0.0015,0.05,0.0003,0.05,,IMBALANCE_REVERSAL,,,,
2026-08-03 19:29:47,4ad943bc,BUY,MAKER,ENTRY_PENDING,9841752.0,0.00100000,0,0.00,0,0.00,default,full_day,0.9807,0.000088,0.0508,0.0010,0.55,0.0015,0.0015,0.05,0.0003,0.05,,,,,,
2026-08-03 19:29:55,c21fb422,BUY,MAKER,CANCEL_ORDER,9841752.0,0.00100000,0,0.00,0,0.00,default,full_day,0.2703,0.000197,0.0111,0.0300,0.55,0.0015,0.0015,0.05,0.0003,0.05,,IMBALANCE_REVERSAL,,,,
2026-08-03 19:30:44,323fc131,SELL,MAKER,ENTRY_PENDING,9843679.0,0.00100000,0,0.00,0,0.00,default,full_day,0.0192,0.000124,0.0098,0.5000,0.55,0.0015,0.0015,0.05,0.0003,0.05,,,,,,
2026-08-03 19:31:58,2f1ca879,SELL,MAKER,CANCEL_ORDER,9843679.0,0.00100000,0,0.00,0,0.00,default,full_day,0.9292,0.000000,0.0131,0.0010,0.55,0.0015,0.0015,0.05,0.0003,0.05,,IMBALANCE_REVERSAL,,,,
2026-08-03 19:32:06,9c67ab74,SELL,MAKER,ENTRY_PENDING,9840318.0,0.00100000,0,0.00,0,0.00,default,full_day,0.0399,0.000032,0.0131,0.3156,0.55,0.0015,0.0015,0.05,0.0003,0.05,,,,,,
2026-08-03 19:32:18,e71ac5ed,SELL,MAKER,CANCEL_ORDER,9840318.0,0.00100000,0,0.00,0,0.00,default,full_day,0.9924,0.000000,0.0131,0.0001,0.55,0.0015,0.0015,0.05,0.0003,0.05,,IMBALANCE_REVERSAL,,,,
2026-08-03 19:32:32,35576731,SELL,MAKER,ENTRY_PENDING,9840316.0,0.00100000,0,0.00,0,0.00,default,full_day,0.2089,0.000032,0.0132,0.0501,0.55,0.0015,0.0015,0.05,0.0003,0.05,,,,,,
2026-08-03 19:33:30,57a0306f,SELL,MAKER,CANCEL_ORDER,9840316.0,0.00100000,0,0.00,0,0.00,default,full_day,0.1667,0.000344,0.0100,0.0500,0.55,0.0015,0.0015,0.05,0.0003,0.05,,IMBALANCE_REVERSAL,,,,
2026-08-03 19:33:38,0d9d70ca,SELL,MAKER,ENTRY_PENDING,9834159.0,0.00100000,0,0.00,0,0.00,default,full_day,0.0373,0.000263,0.0194,0.5000,0.55,0.0015,0.0015,0.05,0.0003,0.05,,,,,,
2026-08-03 19:34:25,234b36a7,SELL,MAKER,CANCEL_ORDER,9834159.0,0.00100000,0,0.00,0,0.00,default,full_day,0.8000,0.000187,0.1000,0.0250,0.55,0.0015,0.0015,0.05,0.0003,0.05,,IMBALANCE_REVERSAL,,,,
2026-08-03 19:34:27,f70aa996,BUY,MAKER,ENTRY_PENDING,9834002.0,0.00100000,0,0.00,0,0.00,default,full_day,0.8000,0.000187,0.1000,0.0250,0.55,0.0015,0.0015,0.05,0.0003,0.05,,,,,,
2026-08-03 19:34:42,a727312b,BUY,MAKER,CANCEL_ORDER,9834002.0,0.00100000,0,0.00,0,0.00,default,full_day,0.3445,0.000486,0.0132,0.0251,0.55,0.0015,0.0015,0.05,0.0003,0.05,,IMBALANCE_REVERSAL,,,,
2026-08-03 19:34:44,34737a47,SELL,MAKER,ENTRY_PENDING,9832479.0,0.00100000,0,0.00,0,0.00,default,full_day,0.1013,0.000059,0.1014,0.9000,0.55,0.0015,0.0015,0.05,0.0003,0.05,,,,,,
2026-08-03 19:34:53,c911c9a7,SELL,MAKER,CANCEL_ORDER,9832479.0,0.00100000,0,0.00,0,0.00,default,full_day,0.5263,0.000053,0.0111,0.0100,0.55,0.0015,0.0015,0.05,0.0003,0.05,,IMBALANCE_REVERSAL,,,,
2026-08-03 19:34:55,52a0cf3b,BUY,MAKER,ENTRY_PENDING,9832252.0,0.00100000,0,0.00,0,0.00,default,full_day,0.9103,0.000047,0.1014,0.0100,0.55,0.0015,0.0015,0.05,0.0003,0.05,,,,,,
2026-08-03 19:35:01,f594f37f,BUY,MAKER,CANCEL_ORDER,9832252.0,0.00100000,0,0.00,0,0.00,default,full_day,0.0020,0.000083,0.0010,0.5000,0.55,0.0015,0.0015,0.05,0.0003,0.05,,IMBALANCE_REVERSAL,,,,
2026-08-03 19:35:04,a1915d6d,SELL,MAKER,ENTRY_PENDING,9834159.0,0.00100000,0,0.00,0,0.00,default,full_day,0.1686,0.000026,0.1014,0.5000,0.55,0.0015,0.0015,0.05,0.0003,0.05,,,,,,
2026-08-03 19:35:06,2b981f26,SELL,MAKER,CANCEL_ORDER,9834159.0,0.00100000,0,0.00,0,0.00,default,full_day,0.8489,0.000159,0.0506,0.0090,0.55,0.0015,0.0015,0.05,0.0003,0.05,,IMBALANCE_REVERSAL,,,,
2026-08-03 19:35:08,5dd3c532,BUY,MAKER,ENTRY_PENDING,9833908.0,0.00100000,0,0.00,0,0.00,default,full_day,0.8504,0.000159,0.0506,0.0089,0.55,0.0015,0.0015,0.05,0.0003,0.05,,,,,,
2026-08-03 19:35:27,46a4ce5a,BUY,MAKER,CANCEL_ORDER,9833908.0,0.00100000,0,0.00,0,0.00,default,full_day,0.0063,0.000037,0.0010,0.1578,0.55,0.0015,0.0015,0.05,0.0003,0.05,,IMBALANCE_REVERSAL,,,,
2026-08-03 19:36:12,3f22d033,SELL,MAKER,ENTRY_PENDING,9836599.0,0.00100000,0,0.00,0,0.00,default,full_day,0.1111,0.000296,0.0250,0.2000,0.55,0.0015,0.0015,0.05,0.0003,0.05,,,,,,
2026-08-03 19:36:24,95dfe3a6,SELL,MAKER,CANCEL_ORDER,9836599.0,0.00100000,0,0.00,0,0.00,default,full_day,0.7985,0.000270,0.0250,0.0063,0.55,0.0015,0.0015,0.05,0.0003,0.05,,IMBALANCE_REVERSAL,,,,
2026-08-03 19:36:35,a3517685,SELL,MAKER,ENTRY_PENDING,9833599.0,0.00100000,0,0.00,0,0.00,default,full_day,0.0476,0.000117,0.0250,0.5000,0.55,0.0015,0.0015,0.05,0.0003,0.05,,,,,,
2026-08-03 19:37:18,bcdbe775,SELL,MAKER,CANCEL_ORDER,9833599.0,0.00100000,0,0.00,0,0.00,default,full_day,0.0734,0.000428,0.0250,0.3156,0.55,0.0015,0.0015,0.05,0.0003,0.05,,IMBALANCE_REVERSAL,,,,
2026-08-03 19:38:02,122289eb,BUY,MAKER,ENTRY_PENDING,9834566.0,0.00100000,0,0.00,0,0.00,default,full_day,0.6732,0.000128,0.1000,0.0486,0.55,0.0015,0.0015,0.05,0.0003,0.05,,,,,,
2026-08-03 19:38:13,3b794da6,BUY,MAKER,CANCEL_ORDER,9834566.0,0.00100000,0,0.00,0,0.00,default,full_day,0.3851,0.000016,0.0988,0.1578,0.55,0.0015,0.0015,0.05,0.0003,0.05,,IMBALANCE_REVERSAL,,,,
2026-08-03 19:38:15,5cae7233,SELL,MAKER,ENTRY_PENDING,9835278.0,0.00100000,0,0.00,0,0.00,default,full_day,0.3851,0.000073,0.0988,0.1578,0.55,0.0015,0.0015,0.05,0.0003,0.05,,,,,,
2026-08-03 19:38:20,f04d9978,SELL,MAKER,CANCEL_ORDER,9835278.0,0.00100000,0,0.00,0,0.00,default,full_day,0.1862,0.000330,0.0361,0.1578,0.55,0.0015,0.0015,0.05,0.0003,0.05,,IMBALANCE_REVERSAL,,,,
2026-08-03 19:38:27,79363cf2,SELL,MAKER,ENTRY_PENDING,9834159.0,0.00100000,0,0.00,0,0.00,default,full_day,0.0669,0.000103,0.0359,0.5000,0.55,0.0015,0.0015,0.05,0.0003,0.05,,,,,,
2026-08-03 19:39:20,67636759,SELL,MAKER,CANCEL_ORDER,9834159.0,0.00100000,0,0.00,0,0.00,default,full_day,0.3344,0.000367,0.0250,0.0497,0.55,0.0015,0.0015,0.05,0.0003,0.05,,IMBALANCE_REVERSAL,,,,
2026-08-03 19:39:25,df0b6e88,SELL,MAKER,ENTRY_PENDING,9832776.0,0.00100000,0,0.00,0,0.00,default,full_day,0.1862,0.000110,0.0361,0.1578,0.55,0.0015,0.0015,0.05,0.0003,0.05,,,,,,
2026-08-03 19:40:44,4fe14a3b,SELL,MAKER,CANCEL_ORDER,9832776.0,0.00100000,0,0.00,0,0.00,default,full_day,0.8851,0.000171,0.0085,0.0011,0.55,0.0015,0.0015,0.05,0.0003,0.05,,IMBALANCE_REVERSAL,,,,
2026-08-03 19:40:49,6579a6a6,SELL,MAKER,ENTRY_PENDING,9835277.0,0.00100000,0,0.00,0,0.00,default,full_day,0.0535,0.000228,0.0085,0.1500,0.55,0.0015,0.0015,0.05,0.0003,0.05,,,,,,
2026-08-03 19:41:45,b9271545,SELL,MAKER,CANCEL_ORDER,9835277.0,0.00100000,0,0.00,0,0.00,default,full_day,0.9542,0.000114,0.1108,0.0053,0.55,0.0015,0.0015,0.05,0.0003,0.05,,IMBALANCE_REVERSAL,,,,
2026-08-03 19:41:47,dd77b582,BUY,MAKER,ENTRY_PENDING,9835840.0,0.00100000,0,0.00,0,0.00,default,full_day,0.9542,0.000114,0.1108,0.0053,0.55,0.0015,0.0015,0.05,0.0003,0.05,,,,,,
2026-08-03 19:41:53,98257c90,BUY,MAKER,CANCEL_ORDER,9835840.0,0.00100000,0,0.00,0,0.00,default,full_day,0.1582,0.000050,0.0010,0.0053,0.55,0.0015,0.0015,0.05,0.0003,0.05,,IMBALANCE_REVERSAL,,,,
2026-08-03 19:41:58,c73b0920,BUY,MAKER,ENTRY_PENDING,9836959.0,0.00100000,0,0.00,0,0.00,default,full_day,0.9550,0.000000,0.1128,0.0053,0.55,0.0015,0.0015,0.05,0.0003,0.05,,,,,,
2026-08-03 19:42:52,26f184d1,BUY,MAKER,CANCEL_ORDER,9836959.0,0.00100000,0,0.00,0,0.00,default,full_day,0.3010,0.000000,0.1723,0.4000,0.55,0.0015,0.0015,0.05,0.0003,0.05,,IMBALANCE_REVERSAL,,,,
2026-08-03 19:42:54,3087043f,SELL,MAKER,ENTRY_PENDING,9838079.0,0.00100000,0,0.00,0,0.00,default,full_day,0.3010,0.000000,0.1723,0.4000,0.55,0.0015,0.0015,0.05,0.0003,0.05,,,,,,
2026-08-03 19:43:35,a8769a63,SELL,MAKER,CANCEL_ORDER,9838079.0,0.00100000,0,0.00,0,0.00,default,full_day,0.9792,0.000057,0.0518,0.0011,0.55,0.0015,0.0015,0.05,0.0003,0.05,,IMBALANCE_REVERSAL,,,,
2026-08-03 19:43:37,597da1ce,BUY,MAKER,ENTRY_PENDING,9838640.0,0.00100000,0,0.00,0,0.00,default,full_day,0.9792,0.000057,0.0518,0.0011,0.55,0.0015,0.0015,0.05,0.0003,0.05,,,,,,
2026-08-03 19:43:41,c4e8d568,BUY,MAKER,CANCEL_ORDER,9838640.0,0.00100000,0,0.00,0,0.00,default,full_day,0.0939,0.000000,0.0518,0.5000,0.55,0.0015,0.0015,0.05,0.0003,0.05,,IMBALANCE_REVERSAL,,,,
2026-08-03 19:43:43,9193e74f,SELL,MAKER,ENTRY_PENDING,9839199.0,0.00100000,0,0.00,0,0.00,default,full_day,0.0025,0.000057,0.0010,0.4000,0.55,0.0015,0.0015,0.05,0.0003,0.05,,,,,,
2026-08-03 19:46:44,c2707bd4,SELL,MAKER,CANCEL_ORDER,9839199.0,0.00100000,0,0.00,0,0.00,default,full_day,0.7160,0.000038,0.0250,0.0099,0.55,0.0015,0.0015,0.05,0.0003,0.05,,IMBALANCE_REVERSAL,,,,
2026-08-03 19:48:30,71581ad2,SELL,MAKER,ENTRY_PENDING,9837000.0,0.00100000,0,0.00,0,0.00,default,full_day,0.0099,0.000061,0.0010,0.1000,0.55,0.0015,0.0015,0.05,0.0003,0.05,,,,,,
2026-08-03 19:49:40,7199bacc,SELL,MAKER,CANCEL_ORDER,9837000.0,0.00100000,0,0.00,0,0.00,default,full_day,0.8717,0.000000,0.1407,0.0207,0.55,0.0015,0.0015,0.05,0.0003,0.05,,IMBALANCE_REVERSAL,,,,
2026-08-03 19:49:47,28c82038,BUY,MAKER,ENTRY_PENDING,9830033.0,0.00100000,0,0.00,0,0.00,default,full_day,0.8717,0.000000,0.1407,0.0207,0.55,0.0015,0.0015,0.05,0.0003,0.05,,,,,,
2026-08-03 19:50:00,6c42f604,BUY,MAKER,CANCEL_ORDER,9830033.0,0.00100000,0,0.00,0,0.00,default,full_day,0.0080,0.000081,0.0013,0.1578,0.55,0.0015,0.0015,0.05,0.0003,0.05,,IMBALANCE_REVERSAL,,,,
2026-08-03 19:50:04,1c4de21a,SELL,MAKER,ENTRY_PENDING,9830799.0,0.00100000,0,0.00,0,0.00,default,full_day,0.0027,0.000081,0.0014,0.5000,0.55,0.0015,0.0015,0.05,0.0003,0.05,,,,,,
2026-08-03 19:50:33,e4440f9b,SELL,MAKER,CANCEL_ORDER,9830799.0,0.00100000,0,0.00,0,0.00,default,full_day,0.8900,0.000068,0.0809,0.0100,0.55,0.0015,0.0015,0.05,0.0003,0.05,,IMBALANCE_REVERSAL,,,,
2026-08-03 19:50:38,6df966f8,BUY,MAKER,ENTRY_PENDING,9826573.0,0.00100000,0,0.00,0,0.00,default,full_day,0.8358,0.000014,0.0509,0.0100,0.55,0.0015,0.0015,0.05,0.0003,0.05,,,,,,
2026-08-03 19:50:41,fe6f6638,BUY,MAKER,CANCEL_ORDER,9826573.0,0.00100000,0,0.00,0,0.00,default,full_day,0.0234,0.000031,0.0120,0.5000,0.55,0.0015,0.0015,0.05,0.0003,0.05,,IMBALANCE_REVERSAL,,,,
2026-08-03 19:50:43,b921f16f,SELL,MAKER,ENTRY_PENDING,9826879.0,0.00100000,0,0.00,0,0.00,default,full_day,0.1691,0.000031,0.1018,0.5000,0.55,0.0015,0.0015,0.05,0.0003,0.05,,,,,,
2026-08-03 19:51:28,1514a097,SELL,MAKER,CANCEL_ORDER,9826879.0,0.00100000,0,0.00,0,0.00,default,full_day,0.5043,0.000112,0.1017,0.1000,0.55,0.0015,0.0015,0.05,0.0003,0.05,,IMBALANCE_REVERSAL,,,,
2026-08-03 19:51:34,9fe22717,SELL,MAKER,ENTRY_PENDING,9828559.0,0.00100000,0,0.00,0,0.00,default,full_day,0.1691,0.000054,0.1017,0.5000,0.55,0.0015,0.0015,0.05,0.0003,0.05,,,,,,
2026-08-03 19:54:27,17006744,SELL,MAKER,CANCEL_ORDER,9828559.0,0.00100000,0,0.00,0,0.00,default,full_day,0.9662,0.000040,0.2003,0.0070,0.55,0.0015,0.0015,0.05,0.0003,0.05,,IMBALANCE_REVERSAL,,,,
2026-08-03 19:54:33,0ea71906,SELL,MAKER,ENTRY_PENDING,9823519.0,0.00100000,0,0.00,0,0.00,default,full_day,0.1248,0.000000,0.0972,0.6818,0.55,0.0015,0.0015,0.05,0.0003,0.05,,,,,,
2026-08-03 19:55:27,bd811049,SELL,MAKER,CANCEL_ORDER,9823519.0,0.00100000,0,0.00,0,0.00,default,full_day,0.4871,0.000319,0.0285,0.0300,0.55,0.0015,0.0015,0.05,0.0003,0.05,,IMBALANCE_REVERSAL,,,,
2026-08-03 19:55:36,37f2c780,SELL,MAKER,ENTRY_PENDING,9827439.0,0.00100000,0,0.00,0,0.00,default,full_day,0.0150,0.000289,0.0076,0.5000,0.55,0.0015,0.0015,0.05,0.0003,0.05,,,,,,
2026-08-03 19:56:39,036d11c7,SELL,MAKER,CANCEL_ORDER,9827439.0,0.00100000,0,0.00,0,0.00,default,full_day,0.0246,0.000321,0.0010,0.0396,0.55,0.0015,0.0015,0.05,0.0003,0.05,,IMBALANCE_REVERSAL,,,,
2026-08-03 19:56:45,735436cf,SELL,MAKER,ENTRY_PENDING,9830239.0,0.00100000,0,0.00,0,0.00,default,full_day,0.0130,0.000275,0.0180,1.3682,0.55,0.0015,0.0015,0.05,0.0003,0.05,,,,,,
2026-08-03 19:56:47,5487e8dc,SELL,MAKER,CANCEL_ORDER,9830239.0,0.00100000,0,0.00,0,0.00,default,full_day,0.0196,0.000332,0.0100,0.5000,0.55,0.0015,0.0015,0.05,0.0003,0.05,,IMBALANCE_REVERSAL,,,,
2026-08-03 19:57:03,1184bfbf,SELL,MAKER,ENTRY_PENDING,9827999.0,0.00100000,0,0.00,0,0.00,default,full_day,0.0505,0.000046,0.0053,0.1000,0.55,0.0015,0.0015,0.05,0.0003,0.05,,,,,,
2026-08-03 19:57:21,4ca34da0,SELL,MAKER,CANCEL_ORDER,9827999.0,0.00100000,0,0.00,0,0.00,default,full_day,0.0040,0.000431,0.0010,0.2493,0.55,0.0015,0.0015,0.05,0.0003,0.05,,IMBALANCE_REVERSAL,,,,
2026-08-03 19:57:32,e2021862,BUY,MAKER,ENTRY_PENDING,9831043.0,0.00100000,0,0.00,0,0.00,default,full_day,0.9988,0.000240,0.3610,0.0004,0.55,0.0015,0.0015,0.05,0.0003,0.05,,,,,,
2026-08-03 19:57:40,0a24e937,BUY,MAKER,CANCEL_ORDER,9831043.0,0.00100000,0,0.00,0,0.00,default,full_day,0.0852,0.000248,0.0466,0.5000,0.55,0.0015,0.0015,0.05,0.0003,0.05,,IMBALANCE_REVERSAL,,,,
2026-08-03 19:58:19,2b702fe5,SELL,MAKER,ENTRY_PENDING,9836399.0,0.00100000,0,0.00,0,0.00,default,full_day,0.1513,0.000300,0.2010,1.1275,0.55,0.0015,0.0015,0.05,0.0003,0.05,,,,,,
2026-08-03 19:59:27,1187e694,SELL,MAKER,CANCEL_ORDER,9836399.0,0.00100000,0,0.00,0,0.00,default,full_day,0.0202,0.000332,0.0049,0.2393,0.55,0.0015,0.0015,0.05,0.0003,0.05,,IMBALANCE_REVERSAL,,,,
2026-08-03 19:59:52,5f03a775,SELL,MAKER,ENTRY_PENDING,9828554.0,0.00100000,0,0.00,0,0.00,default,full_day,0.1918,0.000039,0.0200,0.0843,0.55,0.0015,0.0015,0.05,0.0003,0.05,,,,,,
2026-08-03 19:59:55,daec1e67,SELL,MAKER,CANCEL_ORDER,9828554.0,0.00100000,0,0.00,0,0.00,default,full_day,0.7857,0.000038,0.1313,0.0358,0.55,0.0015,0.0015,0.05,0.0003,0.05,,IMBALANCE_REVERSAL,,,,
2026-08-03 20:00:00,f93544af,SELL,MAKER,ENTRY_PENDING,9830239.0,0.00100000,0,0.00,0,0.00,default,full_day,0.0006,0.000210,0.0004,0.8100,0.55,0.0015,0.0015,0.05,0.0003,0.05,,,,,,
2026-08-03 20:00:01,1f88d6e9,SELL,MAKER,CANCEL_ORDER,9830239.0,0.00100000,0,0.00,0,0.00,default,full_day,0.0413,0.000324,0.0100,0.2323,0.55,0.0015,0.0015,0.05,0.0003,0.05,,IMBALANCE_REVERSAL,,,,
2026-08-03 20:00:08,84abf986,SELL,MAKER,ENTRY_PENDING,9831919.0,0.00100000,0,0.00,0,0.00,default,full_day,0.0065,0.000058,0.0059,0.8988,0.55,0.0015,0.0015,0.05,0.0003,0.05,,,,,,
2026-08-03 20:01:16,b7e142fd,SELL,MAKER,CANCEL_ORDER,9831919.0,0.00100000,0,0.00,0,0.00,default,full_day,0.0120,0.000324,0.0183,1.5000,0.55,0.0015,0.0015,0.05,0.0003,0.05,,IMBALANCE_REVERSAL,,,,
2026-08-03 20:01:28,d10a8b7c,SELL,MAKER,ENTRY_PENDING,9828506.0,0.00100000,0,0.00,0,0.00,default,full_day,0.0006,0.000262,0.0001,0.0832,0.55,0.0015,0.0015,0.05,0.0003,0.05,,,,,,
2026-08-03 20:02:07,6eb3b8ef,SELL,MAKER,CANCEL_ORDER,9828506.0,0.00100000,0,0.00,0,0.00,default,full_day,0.0005,0.000371,0.0001,0.0946,0.55,0.0015,0.0015,0.05,0.0003,0.05,,IMBALANCE_REVERSAL,,,,
2026-08-03 20:02:36,1867295c,SELL,MAKER,ENTRY_PENDING,9822323.0,0.00100000,0,0.00,0,0.00,default,full_day,0.0083,0.000186,0.0008,0.0946,0.55,0.0015,0.0015,0.05,0.0003,0.05,,,,,,
2026-08-03 20:02:57,3ecd7c7d,SELL,MAKER,CANCEL_ORDER,9822323.0,0.00100000,0,0.00,0,0.00,default,full_day,0.8079,0.000000,0.0863,0.0205,0.55,0.0015,0.0015,0.05,0.0003,0.05,,IMBALANCE_REVERSAL,,,,
2026-08-03 20:02:59,533a25f5,BUY,MAKER,ENTRY_PENDING,9820003.0,0.00100000,0,0.00,0,0.00,default,full_day,0.8079,0.000000,0.0863,0.0205,0.55,0.0015,0.0015,0.05,0.0003,0.05,,,,,,
2026-08-03 20:03:11,441e6c4b,BUY,MAKER,CANCEL_ORDER,9820003.0,0.00100000,0,0.00,0,0.00,default,full_day,0.0146,0.000130,0.0083,0.5576,0.55,0.0015,0.0015,0.05,0.0003,0.05,,IMBALANCE_REVERSAL,,,,
2026-08-03 20:03:13,668caaa0,SELL,MAKER,ENTRY_PENDING,9822399.0,0.00100000,0,0.00,0,0.00,default,full_day,0.0153,0.000244,0.0089,0.5749,0.55,0.0015,0.0015,0.05,0.0003,0.05,,,,,,
2026-08-03 20:03:47,52f80d87,SELL,MAKER,CANCEL_ORDER,9822399.0,0.00100000,0,0.00,0,0.00,default,full_day,0.8489,0.000113,0.0056,0.0010,0.55,0.0015,0.0015,0.05,0.0003,0.05,,IMBALANCE_REVERSAL,,,,
2026-08-03 20:03:53,8f7eb45c,SELL,MAKER,ENTRY_PENDING,9821110.0,0.00100000,0,0.00,0,0.00,default,full_day,0.0994,0.000113,0.0056,0.0509,0.55,0.0015,0.0015,0.05,0.0003,0.05,,,,,,
2026-08-03 20:04:05,59cc3707,SELL,MAKER,CANCEL_ORDER,9821110.0,0.00100000,0,0.00,0,0.00,default,full_day,0.8595,0.000000,0.4142,0.0677,0.55,0.0015,0.0015,0.05,0.0003,0.05,,IMBALANCE_REVERSAL,,,,
2026-08-03 20:04:07,8b9fef52,BUY,MAKER,ENTRY_PENDING,9818005.0,0.00100000,0,0.00,0,0.00,default,full_day,0.6277,0.000000,0.1142,0.0677,0.55,0.0015,0.0015,0.05,0.0003,0.05,,,,,,
2026-08-03 20:04:11,d8c994b6,BUY,MAKER,CANCEL_ORDER,9818005.0,0.00100000,0,0.00,0,0.00,default,full_day,0.0663,0.000333,0.0771,1.0849,0.55,0.0015,0.0015,0.05,0.0003,0.05,,IMBALANCE_REVERSAL,,,,
2026-08-03 20:04:22,81d01530,SELL,MAKER,ENTRY_PENDING,9820159.0,0.00100000,0,0.00,0,0.00,default,full_day,0.0098,0.000158,0.0010,0.1000,0.55,0.0015,0.0015,0.05,0.0003,0.05,,,,,,
2026-08-03 20:04:25,b92fa645,SELL,MAKER,CANCEL_ORDER,9820159.0,0.00100000,0,0.00,0,0.00,default,full_day,0.6334,0.000057,0.1235,0.0715,0.55,0.0015,0.0015,0.05,0.0003,0.05,,IMBALANCE_REVERSAL,,,,
2026-08-03 20:04:31,47f1e299,SELL,MAKER,ENTRY_PENDING,9821279.0,0.00100000,0,0.00,0,0.00,default,full_day,0.0596,0.000000,0.0387,0.6100,0.55,0.0015,0.0015,0.05,0.0003,0.05,,,,,,
2026-08-03 20:05:01,6f510a62,SELL,MAKER,CANCEL_ORDER,9821279.0,0.00100000,0,0.00,0,0.00,default,full_day,0.0401,0.000316,0.0100,0.2395,0.55,0.0015,0.0015,0.05,0.0003,0.05,,IMBALANCE_REVERSAL,,,,
2026-08-03 20:05:15,85a638e3,SELL,MAKER,ENTRY_PENDING,9823519.0,0.00100000,0,0.00,0,0.00,default,full_day,0.2356,0.000199,0.0770,0.2499,0.55,0.0015,0.0015,0.05,0.0003,0.05,,,,,,
2026-08-03 20:05:33,92bf0179,SELL,MAKER,CANCEL_ORDER,9823519.0,0.00100000,0,0.00,0,0.00,default,full_day,0.1521,0.000439,0.1076,0.6000,0.55,0.0015,0.0015,0.05,0.0003,0.05,,IMBALANCE_REVERSAL,,,,
2026-08-03 20:06:11,054d564d,SELL,MAKER,ENTRY_PENDING,9821279.0,0.00100000,0,0.00,0,0.00,default,full_day,0.3548,0.000240,0.1317,0.2395,0.55,0.0015,0.0015,0.05,0.0003,0.05,,,,,,
2026-08-03 20:08:11,9c17490d,SELL,MAKER,CANCEL_ORDER,9821279.0,0.00100000,0,0.00,0,0.00,default,full_day,0.8333,0.000042,0.0050,0.0010,0.55,0.0015,0.0015,0.05,0.0003,0.05,,IMBALANCE_REVERSAL,,,,
2026-08-03 20:08:17,05b4ae9c,SELL,MAKER,ENTRY_PENDING,9815427.0,0.00100000,0,0.00,0,0.00,default,full_day,0.0879,0.000042,0.0050,0.0519,0.55,0.0015,0.0015,0.05,0.0003,0.05,,,,,,
2026-08-03 20:08:28,309e6c06,SELL,MAKER,CANCEL_ORDER,9815427.0,0.00100000,0,0.00,0,0.00,default,full_day,0.9042,0.000043,0.2832,0.0300,0.55,0.0015,0.0015,0.05,0.0003,0.05,,IMBALANCE_REVERSAL,,,,
2026-08-03 20:08:30,61de571b,BUY,MAKER,ENTRY_PENDING,9815001.0,0.00100000,0,0.00,0,0.00,default,full_day,0.7355,0.000043,0.2832,0.1019,0.55,0.0015,0.0015,0.05,0.0003,0.05,,,,,,
2026-08-03 20:08:37,693ae4e6,BUY,MAKER,CANCEL_ORDER,9815001.0,0.00100000,0,0.00,0,0.00,default,full_day,0.4173,0.000000,0.2832,0.3955,0.55,0.0015,0.0015,0.05,0.0003,0.05,,IMBALANCE_REVERSAL,,,,
2026-08-03 20:08:39,1dd10cea,SELL,MAKER,ENTRY_PENDING,9815000.0,0.00100000,0,0.00,0,0.00,default,full_day,0.4173,0.000000,0.2832,0.3955,0.55,0.0015,0.0015,0.05,0.0003,0.05,,,,,,
2026-08-03 20:10:02,1c1c6009,SELL,MAKER,CANCEL_ORDER,9815000.0,0.00100000,0,0.00,0,0.00,default,full_day,0.6865,0.000045,0.0022,0.0010,0.55,0.0015,0.0015,0.05,0.0003,0.05,,IMBALANCE_REVERSAL,,,,
2026-08-03 20:10:10,4cdf87a0,SELL,MAKER,ENTRY_PENDING,9810639.0,0.00100000,0,0.00,0,0.00,default,full_day,0.0036,0.000065,0.0011,0.3147,0.55,0.0015,0.0015,0.05,0.0003,0.05,,,,,,
2026-08-03 20:11:05,9cefbcf1,SELL,MAKER,CANCEL_ORDER,9810639.0,0.00100000,0,0.00,0,0.00,default,full_day,0.8713,0.000563,0.0068,0.0010,0.55,0.0015,0.0015,0.05,0.0003,0.05,,IMBALANCE_REVERSAL,,,,
2026-08-03 20:11:10,c52f0049,SELL,MAKER,ENTRY_PENDING,9808959.0,0.00100000,0,0.00,0,0.00,default,full_day,0.0188,0.000119,0.0312,1.6279,0.55,0.0015,0.0015,0.05,0.0003,0.05,,,,,,
2026-08-03 20:12:01,44f15bac,SELL,MAKER,CANCEL_ORDER,9808959.0,0.00100000,0,0.00,0,0.00,default,full_day,0.0181,0.000340,0.0232,1.2529,0.55,0.0015,0.0015,0.05,0.0003,0.05,,IMBALANCE_REVERSAL,,,,
2026-08-03 20:13:27,dd3faec0,SELL,MAKER,ENTRY_PENDING,9812879.0,0.00100000,0,0.00,0,0.00,default,full_day,0.0110,0.000278,0.0100,0.8996,0.55,0.0015,0.0015,0.05,0.0003,0.05,,,,,,
2026-08-03 20:14:48,735ac6d4,SELL,MAKER,CANCEL_ORDER,9812879.0,0.00100000,0,0.00,0,0.00,default,full_day,0.8889,0.000162,0.0080,0.0010,0.55,0.0015,0.0015,0.05,0.0003,0.05,,IMBALANCE_REVERSAL,,,,
2026-08-03 20:14:51,f820c81c,BUY,MAKER,ENTRY_PENDING,9814539.0,0.00100000,0,0.00,0,0.00,default,full_day,0.9851,0.000162,0.0660,0.0010,0.55,0.0015,0.0015,0.05,0.0003,0.05,,,,,,
2026-08-03 20:14:55,864565a2,BUY,MAKER,CANCEL_ORDER,9814539.0,0.00100000,0,0.00,0,0.00,default,full_day,0.1358,0.000149,0.0080,0.0509,0.55,0.0015,0.0015,0.05,0.0003,0.05,,IMBALANCE_REVERSAL,,,,
2026-08-03 20:14:57,b1425dc2,SELL,MAKER,ENTRY_PENDING,9816123.0,0.00100000,0,0.00,0,0.00,default,full_day,0.0809,0.000148,0.0045,0.0509,0.55,0.0015,0.0015,0.05,0.0003,0.05,,,,,,
2026-08-03 20:15:18,497a57cd,SELL,MAKER,CANCEL_ORDER,9816123.0,0.00100000,0,0.00,0,0.00,default,full_day,0.9630,0.000134,0.0260,0.0010,0.55,0.0015,0.0015,0.05,0.0003,0.05,,IMBALANCE_REVERSAL,,,,
2026-08-03 20:15:24,a2e7af62,SELL,MAKER,ENTRY_PENDING,9813131.0,0.00100000,0,0.00,0,0.00,default,full_day,0.4306,0.000112,0.0385,0.0509,0.55,0.0015,0.0015,0.05,0.0003,0.05,,,,,,
2026-08-03 20:15:28,857e2a39,SELL,MAKER,CANCEL_ORDER,9813131.0,0.00100000,0,0.00,0,0.00,default,full_day,0.9975,0.000039,0.0790,0.0002,0.55,0.0015,0.0015,0.05,0.0003,0.05,,IMBALANCE_REVERSAL,,,,
2026-08-03 20:15:30,12b8739d,BUY,MAKER,ENTRY_PENDING,9812751.0,0.00100000,0,0.00,0,0.00,default,full_day,0.9981,0.000039,0.1075,0.0002,0.55,0.0015,0.0015,0.05,0.0003,0.05,,,,,,
2026-08-03 20:15:36,4b50d249,BUY,MAKER,CANCEL_ORDER,9812751.0,0.00100000,0,0.00,0,0.00,default,full_day,0.0401,0.000114,0.0100,0.2396,0.55,0.0015,0.0015,0.05,0.0003,0.05,,IMBALANCE_REVERSAL,,,,
2026-08-03 20:15:38,fdaf190a,SELL,MAKER,ENTRY_PENDING,9815119.0,0.00100000,0,0.00,0,0.00,default,full_day,0.0151,0.000171,0.0137,0.8926,0.55,0.0015,0.0015,0.05,0.0003,0.05,,,,,,
2026-08-03 20:16:32,0105ead4,SELL,MAKER,CANCEL_ORDER,9815119.0,0.00100000,0,0.00,0,0.00,default,full_day,0.9194,0.000296,0.0114,0.0010,0.55,0.0015,0.0015,0.05,0.0003,0.05,,IMBALANCE_REVERSAL,,,,
2026-08-03 20:16:35,9562aed9,BUY,MAKER,ENTRY_PENDING,9815566.0,0.00100000,0,0.00,0,0.00,default,full_day,0.9909,0.000296,0.1090,0.0010,0.55,0.0015,0.0015,0.05,0.0003,0.05,,,,,,
2026-08-03 20:16:57,3254461a,BUY,MAKER,CANCEL_ORDER,9815566.0,0.00100000,0,0.00,0,0.00,default,full_day,0.1597,0.000274,0.0002,0.0010,0.55,0.0015,0.0015,0.05,0.0003,0.05,,IMBALANCE_REVERSAL,,,,
2026-08-03 20:16:59,1ce2012b,SELL,MAKER,ENTRY_PENDING,9817919.0,0.00100000,0,0.00,0,0.00,default,full_day,0.0181,0.000236,0.0285,1.5493,0.55,0.0015,0.0015,0.05,0.0003,0.05,,,,,,
2026-08-03 20:17:16,8a5f6589,SELL,MAKER,CANCEL_ORDER,9817919.0,0.00100000,0,0.00,0,0.00,default,full_day,0.7636,0.000270,0.0032,0.0010,0.55,0.0015,0.0015,0.05,0.0003,0.05,,IMBALANCE_REVERSAL,,,,
2026-08-03 20:17:18,de3c6fe3,BUY,MAKER,ENTRY_PENDING,9815636.0,0.00100000,0,0.00,0,0.00,default,full_day,0.9862,0.000270,0.0712,0.0010,0.55,0.0015,0.0015,0.05,0.0003,0.05,,,,,,
2026-08-03 20:17:20,27e1d0b0,BUY,MAKER,CANCEL_ORDER,9815636.0,0.00100000,0,0.00,0,0.00,default,full_day,0.0080,0.000232,0.0032,0.4000,0.55,0.0015,0.0015,0.05,0.0003,0.05,,IMBALANCE_REVERSAL,,,,
2026-08-03 20:17:22,02f0cceb,SELL,MAKER,ENTRY_PENDING,9817919.0,0.00100000,0,0.00,0,0.00,default,full_day,0.0064,0.000232,0.0032,0.5000,0.55,0.0015,0.0015,0.05,0.0003,0.05,,,,,,
2026-08-03 20:18:05,43a23e49,SELL,MAKER,CANCEL_ORDER,9817919.0,0.00100000,0,0.00,0,0.00,default,full_day,0.0018,0.000325,0.0010,0.5595,0.55,0.0015,0.0015,0.05,0.0003,0.05,,IMBALANCE_REVERSAL,,,,
2026-08-03 20:18:14,9e6be46f,SELL,MAKER,ENTRY_PENDING,9821279.0,0.00100000,0,0.00,0,0.00,default,full_day,0.0176,0.000216,0.0100,0.5595,0.55,0.0015,0.0015,0.05,0.0003,0.05,,,,,,
2026-08-03 20:18:48,c04766dc,SELL,MAKER,CANCEL_ORDER,9821279.0,0.00100000,0,0.00,0,0.00,default,full_day,0.0583,0.000326,0.0148,0.2395,0.55,0.0015,0.0015,0.05,0.0003,0.05,,IMBALANCE_REVERSAL,,,,
2026-08-03 20:18:54,a4ff2721,BUY,MAKER,ENTRY_PENDING,9821842.0,0.00100000,0,0.00,0,0.00,default,full_day,0.5889,0.000171,0.0730,0.0510,0.55,0.0015,0.0015,0.05,0.0003,0.05,,,,,,
2026-08-03 20:19:01,e1cae93b,BUY,MAKER,CANCEL_ORDER,9821842.0,0.00100000,0,0.00,0,0.00,default,full_day,0.2675,0.000151,0.0365,0.1000,0.55,0.0015,0.0015,0.05,0.0003,0.05,,IMBALANCE_REVERSAL,,,,
2026-08-03 20:19:03,e398ee95,SELL,MAKER,ENTRY_PENDING,9826879.0,0.00100000,0,0.00,0,0.00,default,full_day,0.0001,0.000265,0.0001,1.2191,0.55,0.0015,0.0015,0.05,0.0003,0.05,,,,,,
2026-08-03 20:19:05,938d4ea6,SELL,MAKER,CANCEL_ORDER,9826879.0,0.00100000,0,0.00,0,0.00,default,full_day,0.0250,0.000321,0.0100,0.3893,0.55,0.0015,0.0015,0.05,0.0003,0.05,,IMBALANCE_REVERSAL,,,,
2026-08-03 20:19:10,4a3a7a3a,SELL,MAKER,ENTRY_PENDING,9827999.0,0.00100000,0,0.00,0,0.00,default,full_day,0.0002,0.000057,0.0001,0.5000,0.55,0.0015,0.0015,0.05,0.0003,0.05,,,,,,
2026-08-03 20:19:33,4a770620,SELL,MAKER,CANCEL_ORDER,9827999.0,0.00100000,0,0.00,0,0.00,default,full_day,0.0430,0.000340,0.0296,0.6595,0.55,0.0015,0.0015,0.05,0.0003,0.05,,IMBALANCE_REVERSAL,,,,
2026-08-03 20:19:56,6a442da6,BUY,MAKER,ENTRY_PENDING,9829011.0,0.00100000,0,0.00,0,0.00,default,full_day,0.9901,0.000222,0.1000,0.0010,0.55,0.0015,0.0015,0.05,0.0003,0.05,,,,,,
2026-08-03 20:20:02,61dc2545,BUY,MAKER,CANCEL_ORDER,9829011.0,0.00100000,0,0.00,0,0.00,default,full_day,0.0214,0.000121,0.0011,0.0509,0.55,0.0015,0.0015,0.05,0.0003,0.05,,IMBALANCE_REVERSAL,,,,
2026-08-03 20:20:04,3cc4d8eb,SELL,MAKER,ENTRY_PENDING,9831186.0,0.00100000,0,0.00,0,0.00,default,full_day,0.0685,0.000120,0.0037,0.0509,0.55,0.0015,0.0015,0.05,0.0003,0.05,,,,,,
2026-08-03 20:21:16,c24be2d9,SELL,MAKER,CANCEL_ORDER,9831186.0,0.00100000,0,0.00,0,0.00,default,full_day,0.9673,0.000269,0.0295,0.0010,0.55,0.0015,0.0015,0.05,0.0003,0.05,,IMBALANCE_REVERSAL,,,,
2026-08-03 20:21:18,bc6d454e,BUY,MAKER,ENTRY_PENDING,9831651.0,0.00100000,0,0.00,0,0.00,default,full_day,0.9901,0.000268,0.1000,0.0010,0.55,0.0015,0.0015,0.05,0.0003,0.05,,,,,,
2026-08-03 20:21:30,fa12aa44,BUY,MAKER,CANCEL_ORDER,9831651.0,0.00100000,0,0.00,0,0.00,default,full_day,0.0783,0.000368,0.0339,0.3988,0.55,0.0015,0.0015,0.05,0.0003,0.05,,IMBALANCE_REVERSAL,,,,
2026-08-03 20:21:42,8d6bc2bc,BUY,MAKER,ENTRY_PENDING,9831679.0,0.00100000,0,0.00,0,0.00,default,full_day,0.9848,0.000256,0.0650,0.0010,0.55,0.0015,0.0015,0.05,0.0003,0.05,,,,,,
2026-08-03 20:21:42,7a506d7d,BUY,MAKER,CANCEL_ORDER,9831679.0,0.00100000,0,0.00,0,0.00,default,full_day,0.0081,0.000366,0.0032,0.3988,0.55,0.0015,0.0015,0.05,0.0003,0.05,,IMBALANCE_REVERSAL,,,,
2026-08-03 20:21:56,1236643f,SELL,MAKER,ENTRY_PENDING,9835279.0,0.00100000,0,0.00,0,0.00,default,full_day,0.0050,0.000057,0.0020,0.3988,0.55,0.0015,0.0015,0.05,0.0003,0.05,,,,,,
2026-08-03 20:22:48,aa2db6a9,SELL,MAKER,CANCEL_ORDER,9835279.0,0.00100000,0,0.00,0,0.00,default,full_day,0.9923,0.000301,0.1285,0.0010,0.55,0.0015,0.0015,0.05,0.0003,0.05,,IMBALANCE_REVERSAL,,,,
2026-08-03 20:22:53,126301d0,SELL,MAKER,ENTRY_PENDING,9839759.0,0.00100000,0,0.00,0,0.00,default,full_day,0.0042,0.000197,0.0010,0.2392,0.55,0.0015,0.0015,0.05,0.0003,0.05,,,,,,
2026-08-03 20:22:58,17367e23,SELL,MAKER,CANCEL_ORDER,9839759.0,0.00100000,0,0.00,0,0.00,default,full_day,0.9811,0.000221,0.0052,0.0001,0.55,0.0015,0.0015,0.05,0.0003,0.05,,IMBALANCE_REVERSAL,,,,
2026-08-03 20:23:03,5bb2cf4b,SELL,MAKER,ENTRY_PENDING,9839995.0,0.00100000,0,0.00,0,0.00,default,full_day,0.1240,0.000220,0.0072,0.0508,0.55,0.0015,0.0015,0.05,0.0003,0.05,,,,,,
2026-08-03 20:23:05,a5cab93f,SELL,MAKER,CANCEL_ORDER,9839995.0,0.00100000,0,0.00,0,0.00,default,full_day,0.8779,0.000220,0.0072,0.0010,0.55,0.0015,0.0015,0.05,0.0003,0.05,,IMBALANCE_REVERSAL,,,,
2026-08-03 20:23:11,92441538,BUY,MAKER,ENTRY_PENDING,9837836.0,0.00100000,0,0.00,0,0.00,default,full_day,0.9853,0.000220,0.0668,0.0010,0.55,0.0015,0.0015,0.05,0.0003,0.05,,,,,,
2026-08-03 20:23:38,6d3192c0,BUY,MAKER,CANCEL_ORDER,9837836.0,0.00100000,0,0.00,0,0.00,default,full_day,0.0730,0.000022,0.0080,0.1017,0.55,0.0015,0.0015,0.05,0.0003,0.05,,IMBALANCE_REVERSAL,,,,
2026-08-03 20:23:41,47e6a8ed,SELL,MAKER,ENTRY_PENDING,9839970.0,0.00100000,0,0.00,0,0.00,default,full_day,0.0097,0.000022,0.0010,0.1017,0.55,0.0015,0.0015,0.05,0.0003,0.05,,,,,,
2026-08-03 20:31:22,d0a10aab,SELL,MAKER,CANCEL_ORDER,9839970.0,0.00100000,0,0.00,0,0.00,default,full_day,0.9964,0.000025,0.0274,0.0001,0.55,0.0015,0.0015,0.05,0.0003,0.05,,IMBALANCE_REVERSAL,,,,
2026-08-03 20:31:28,84d8961c,BUY,MAKER,ENTRY_PENDING,9839754.0,0.00100000,0,0.00,0,0.00,default,full_day,0.9980,0.000025,0.0508,0.0001,0.55,0.0015,0.0015,0.05,0.0003,0.05,,,,,,
2026-08-03 20:33:42,f6c221da,BUY,MAKER,CANCEL_ORDER,9839754.0,0.00100000,0,0.00,0,0.00,default,full_day,0.0109,0.000033,0.0011,0.1000,0.55,0.0015,0.0015,0.05,0.0003,0.05,,IMBALANCE_REVERSAL,,,,
2026-08-03 20:33:44,651ddb3b,SELL,MAKER,ENTRY_PENDING,9840319.0,0.00100000,0,0.00,0,0.00,default,full_day,0.0109,0.000033,0.0011,0.1000,0.55,0.0015,0.0015,0.05,0.0003,0.05,,,,,,
2026-08-03 20:34:13,33b1bb37,SELL,MAKER,CANCEL_ORDER,9840319.0,0.00100000,0,0.00,0,0.00,default,full_day,0.5921,0.000014,0.0508,0.0350,0.55,0.0015,0.0015,0.05,0.0003,0.05,,IMBALANCE_REVERSAL,,,,
2026-08-03 20:34:15,d78516ef,BUY,MAKER,ENTRY_PENDING,9840321.0,0.00100000,0,0.00,0,0.00,default,full_day,0.5921,0.000014,0.0508,0.0350,0.55,0.0015,0.0015,0.05,0.0003,0.05,,,,,,
2026-08-03 20:34:20,02d56215,BUY,MAKER,CANCEL_ORDER,9840321.0,0.00100000,0,0.00,0,0.00,default,full_day,0.0924,0.000057,0.0509,0.5000,0.55,0.0015,0.0015,0.05,0.0003,0.05,,IMBALANCE_REVERSAL,,,,
2026-08-03 20:34:23,125bef75,SELL,MAKER,ENTRY_PENDING,9840879.0,0.00100000,0,0.00,0,0.00,default,full_day,0.0516,0.000057,0.0274,0.5031,0.55,0.0015,0.0015,0.05,0.0003,0.05,,,,,,
2026-08-03 20:36:23,d7b06407,SELL,MAKER,CANCEL_ORDER,9840879.0,0.00100000,0,0.00,0,0.00,default,full_day,0.9903,0.000148,0.0508,0.0005,0.55,0.0015,0.0015,0.05,0.0003,0.05,,IMBALANCE_REVERSAL,,,,
2026-08-03 20:36:30,5b95d0d2,BUY,MAKER,ENTRY_PENDING,9843690.0,0.00100000,0,0.00,0,0.00,default,full_day,0.9903,0.000148,0.0508,0.0005,0.55,0.0015,0.0015,0.05,0.0003,0.05,,,,,,
2026-08-03 20:36:32,8293ff8d,BUY,MAKER,CANCEL_ORDER,9843690.0,0.00100000,0,0.00,0,0.00,default,full_day,0.1667,0.000149,0.0001,0.0005,0.55,0.0015,0.0015,0.05,0.0003,0.05,,IMBALANCE_REVERSAL,,,,
2026-08-03 20:36:40,737a9eb5,BUY,MAKER,ENTRY_PENDING,9843685.0,0.00100000,0,0.00,0,0.00,default,full_day,0.9903,0.000149,0.0508,0.0005,0.55,0.0015,0.0015,0.05,0.0003,0.05,,,,,,
2026-08-03 20:38:29,e41873fb,BUY,MAKER,CANCEL_ORDER,9843685.0,0.00100000,0,0.00,0,0.00,default,full_day,0.0564,0.000000,0.0031,0.0519,0.55,0.0015,0.0015,0.05,0.0003,0.05,,IMBALANCE_REVERSAL,,,,
2026-08-03 20:38:32,56c71a6a,SELL,MAKER,ENTRY_PENDING,9845149.0,0.00100000,0,0.00,0,0.00,default,full_day,0.0567,0.000000,0.0031,0.0515,0.55,0.0015,0.0015,0.05,0.0003,0.05,,,,,,
2026-08-03 20:40:57,60af7fc2,SELL,MAKER,CANCEL_ORDER,9845149.0,0.00100000,0,0.00,0,0.00,default,full_day,0.0403,0.000665,0.0250,0.5954,0.55,0.0015,0.0015,0.05,0.0003,0.05,,IMBALANCE_REVERSAL,,,,
2026-08-03 20:41:02,5e0a65de,SELL,MAKER,ENTRY_PENDING,9835473.0,0.00100000,0,0.00,0,0.00,default,full_day,0.0001,0.000060,0.0000,0.1099,0.55,0.0015,0.0015,0.05,0.0003,0.05,,,,,,
2026-08-03 20:44:17,bc9d5f72,SELL,MAKER,CANCEL_ORDER,9835473.0,0.00100000,0,0.00,0,0.00,default,full_day,0.9651,0.000000,0.0277,0.0010,0.55,0.0015,0.0015,0.05,0.0003,0.05,,IMBALANCE_REVERSAL,,,,
2026-08-03 20:44:23,2dd95eae,BUY,MAKER,ENTRY_PENDING,9834882.0,0.00100000,0,0.00,0,0.00,default,full_day,0.9807,0.000000,0.0508,0.0010,0.55,0.0015,0.0015,0.05,0.0003,0.05,,,,,,
2026-08-03 20:44:27,24e26cef,BUY,MAKER,CANCEL_ORDER,9834882.0,0.00100000,0,0.00,0,0.00,default,full_day,0.3163,0.000060,0.0508,0.1099,0.55,0.0015,0.0015,0.05,0.0003,0.05,,IMBALANCE_REVERSAL,,,,
2026-08-03 20:44:29,56b057af,SELL,MAKER,ENTRY_PENDING,9835473.0,0.00100000,0,0.00,0,0.00,default,full_day,0.0009,0.000060,0.0001,0.1099,0.55,0.0015,0.0015,0.05,0.0003,0.05,,,,,,
2026-08-03 20:44:53,34621248,SELL,MAKER,CANCEL_ORDER,9835473.0,0.00100000,0,0.00,0,0.00,default,full_day,0.9807,0.000040,0.0508,0.0010,0.55,0.0015,0.0015,0.05,0.0003,0.05,,IMBALANCE_REVERSAL,,,,
2026-08-03 20:44:55,b49484b5,BUY,MAKER,ENTRY_PENDING,9834883.0,0.00100000,0,0.00,0,0.00,default,full_day,0.9807,0.000040,0.0508,0.0010,0.55,0.0015,0.0015,0.05,0.0003,0.05,,,,,,
2026-08-03 20:45:05,b17d97f4,BUY,MAKER,CANCEL_ORDER,9834883.0,0.00100000,0,0.00,0,0.00,default,full_day,0.0099,0.000040,0.0000,0.0010,0.55,0.0015,0.0015,0.05,0.0003,0.05,,IMBALANCE_REVERSAL,,,,
2026-08-03 20:46:12,8271ed24,SELL,MAKER,ENTRY_PENDING,9835279.0,0.00100000,0,0.00,0,0.00,default,full_day,0.0001,0.000041,0.0000,0.1000,0.55,0.0015,0.0015,0.05,0.0003,0.05,,,,,,
